blockNum,runNum,trial,pdType,commTime,brTime,totTrialNum,wasRisky,blockN,runN,trialN,displayCond,rewCond,leftVal,leftProb,leftEV,rightVal,rightProb,rightEV,evDiff,resp,rt,totPoints,ITI,delayDur,startAngle,angleCount,numSteps,outcome,spinDelay,spinFlip,safeCol,riskyVal,riskyProb,riskyEV,conf,Subject
54,1,1,1,49.621623,316552472,1,0,54,1,1,1,5,12,90,10.8,10,100,10,0.8,1,1.8228154,10,0.924208716,0.825211642,4.412489099,8.612489099,43,1,0.0338268,1,1,12,90,10.8,40,EMUYEZ
54,1,2,1,54.278912,317984569,2,1,54,1,2,1,5,10,100,10,20,20,4,6,1,1.5493796,10,0.804685513,0.780928761,3.097908903,7.097908903,41,0,0.030761,1,2,20,20,4,30,EMUYEZ
54,1,3,1,58.497009,318123412,3,1,54,1,3,1,5,15,60,9,10,100,10,-1,2,1.4118083,25,0.94413927,0.835656555,1.233100653,5.433100653,44,1,0.0323957,1,1,15,60,9,10,EMUYEZ
54,1,4,1,62.771535,318228948,4,1,54,1,4,1,5,25,40,10,10,100,10,0,2,1.2726286,50,0.891265324,1.169496022,-0.490445305,5.509554695,64,1,0.0339881,1,1,25,40,10,10,EMUYEZ
54,1,5,1,67.191971,318283831,5,1,54,1,5,1,5,10,100,10,20,70,14,-4,1,1.7004928,70,0.612138982,0.946481136,1.202568434,6.002568434,51,1,0.0330372,1,2,20,70,14,20,EMUYEZ
54,1,6,1,71.544866,318377647,6,1,54,1,6,1,5,10,100,10,25,20,5,5,1,1.6280994,70,0.655460989,1.078822168,2.996157138,8.396157138,58,0,0.0356484,1,2,25,20,5,30,EMUYEZ
54,1,7,1,75.982169,318475433,7,1,54,1,7,1,5,10,100,10,25,60,15,-5,1,1.373993,70,0.823290837,0.928322151,4.824347418,9.624347418,49,0,0.0325901,1,2,25,60,15,10,EMUYEZ
54,1,8,1,80.186571,318542220,8,1,54,1,8,1,5,10,100,10,12,80,9.6,0.4,1,1.1619327,70,0.800899836,0.641144513,6.897054284,10.29705428,32,0,0.033165,1,2,12,80,9.6,30,EMUYEZ
54,1,9,1,83.874177,318650407,9,0,54,1,9,1,5,25,90,22.5,10,100,10,12.5,1,1.4899861,80,0.636556524,0.776199145,5.514292848,9.514292848,40,1,0.0329205,1,1,25,90,22.5,40,EMUYEZ
54,1,10,1,87.861537,318749285,10,1,54,1,10,1,5,10,100,10,25,70,17.5,-7.5,1,2.0627984,105,0.599699747,0.637614009,2.58663554,5.78663554,32,1,0.0338388,1,2,25,70,17.5,20,EMUYEZ
54,1,11,1,92.249357,318812907,11,1,54,1,11,1,5,30,30,9,10,100,10,-1,2,1.8986378,135,0.562040646,1.105999752,-0.019670387,5.580329613,60,1,0.0351547,1,1,30,30,9,20,EMUYEZ
54,1,12,1,96.888232,318903628,12,1,54,1,12,1,5,10,100,10,30,50,15,-5,1,1.579843,135,0.813012299,0.856324016,4.462438211,8.862438211,45,0,0.0341557,1,2,30,50,15,0,EMUYEZ
54,1,13,1,102.276929,318994884,13,1,54,1,13,1,5,30,50,15,10,100,10,5,2,1.3915985,165,0.652067297,0.793495334,2.902914485,6.902914485,41,1,0.0351976,1,1,30,50,15,0,EMUYEZ
54,1,14,1,106.1976,319070287,14,1,54,1,14,1,5,15,90,13.5,10,100,10,3.5,2,1.5422562,180,0.874353703,0.762817795,3.725582857,7.725582857,39,1,0.0321155,1,1,15,90,13.5,40,EMUYEZ
54,1,15,1,110.452401,319169400,15,1,54,1,15,1,5,30,70,21,10,100,10,11,2,1.1435865,180,0.8359296,0.545091239,7.719387855,10.51938785,26,0,0.0321045,1,1,30,70,21,20,EMUYEZ
54,1,16,1,114.056092,319252094,16,1,54,1,16,1,5,10,100,10,20,50,10,0,1,1.5958963,200,0.667016092,0.679350079,1.859199852,5.259199852,35,1,0.033117,1,2,20,50,10,0,EMUYEZ
54,1,17,1,118.094399,319321554,17,1,54,1,17,1,5,20,40,8,10,100,10,-2,2,1.1419781,220,0.585436446,0.692634615,2.631222092,6.231222092,35,1,0.0328422,1,1,20,40,8,10,EMUYEZ
54,1,18,1,121.596945,319442683,18,0,54,1,18,1,5,10,100,10,12,40,4.8,5.2,2,2.4714167,230,0.668247205,0.660208044,6.073968313,9.473968313,33,1,0.0335982,1,2,12,40,4.8,10,EMUYEZ
54,1,19,1,126.485683,319508452,19,1,54,1,19,1,5,20,30,6,10,100,10,-4,2,1.3110792,230,0.860775566,1.119184971,1.652130043,7.252130043,61,0,0.0337622,1,1,20,30,6,20,EMUYEZ
54,1,20,1,130.85562,319576090,20,1,54,1,20,1,5,25,50,12.5,10,100,10,2.5,2,2.2848001,230,0.516577542,0.96149886,4.59691501,9.59691501,51,0,0.0348534,1,1,25,50,12.5,0,EMUYEZ
54,1,21,1,135.712328,319664452,21,0,54,1,21,1,5,10,100,10,12,30,3.6,6.4,2,1.5635659,240,0.950755073,1.073423042,1.161821524,6.561821524,58,1,0.037713,1,2,12,30,3.6,20,EMUYEZ
54,1,22,1,140.382093,319740002,22,1,54,1,22,1,5,10,100,10,15,80,12,-2,1,3.5901714,255,0.852837792,0.907908979,2.601893932,7.201893932,47,1,0.0380539,1,2,15,80,12,30,EMUYEZ
54,1,23,1,146.821296,319810048,23,1,54,1,23,1,5,25,50,12.5,10,100,10,2.5,2,1.6396009,255,0.662572957,0.641008147,6.568565005,9.968565005,31,0,0.0336103,1,1,25,50,12.5,0,EMUYEZ
54,1,24,1,150.84505,319901976,24,0,54,1,24,1,5,10,100,10,15,50,7.5,2.5,2,0.7029007,265,0.54031893,0.74974986,5.286511683,9.086511683,38,1,0.0326089,1,2,15,50,7.5,0,EMUYEZ
54,1,25,1,153.931125,319949613,25,0,54,1,25,1,5,10,100,10,25,30,7.5,2.5,2,2.8415602,275,0.914055568,0.9486764,0.386528603,5.186528603,50,1,0.0284016,1,2,25,30,7.5,20,EMUYEZ
54,1,26,1,159.702876,320045336,26,1,54,1,26,1,5,12,20,2.4,10,100,10,-7.6,2,1.2049974,287,0.954370706,0.661177902,2.251185043,5.651185043,33,1,0.0372954,1,1,12,20,2.4,30,EMUYEZ
54,1,27,1,163.605189,320131162,27,1,54,1,27,1,5,25,60,15,10,100,10,5,2,1.7266897,287,0.962877097,0.71551424,6.744291591,10.34429159,36,0,0.0325458,1,1,25,60,15,10,EMUYEZ
54,1,28,1,168.096352,320183310,28,1,54,1,28,1,5,20,50,10,10,100,10,0,2,1.2281927,287,0.835033845,0.651228406,7.170679698,10.5706797,33,0,0.0333022,1,1,20,50,10,0,EMUYEZ
54,1,29,1,171.897085,320297077,29,1,54,1,29,1,5,30,60,18,10,100,10,8,2,1.7877975,287,0.710150462,1.183270241,3.121241492,9.121241492,65,0,0.0273272,1,1,30,60,18,10,EMUYEZ
54,1,30,1,176.652521,320387976,30,1,54,1,30,1,5,15,30,4.5,10,100,10,-5.5,2,2.6477185,287,0.842466159,0.572510889,5.158328703,8.158328703,28,0,0.0375982,1,1,15,30,4.5,20,EMUYEZ
54,1,31,1,181.811837,320453137,31,1,54,1,31,1,5,10,100,10,12,70,8.4,1.6,1,1.7039686,299,0.946741706,0.8297177,2.298668262,6.498668262,43,1,0.0304285,1,2,12,70,8.4,20,EMUYEZ
54,1,32,1,186.363404,320578409,32,1,54,1,32,1,5,10,100,10,20,90,18,-8,1,2.2733742,319,0.514142964,0.565523937,7.254244225,10.25424423,27,1,0.030584,1,2,20,90,18,40,EMUYEZ
54,1,33,1,190.78406,320672335,33,1,54,1,33,1,5,10,100,10,30,40,12,-2,1,2.2763862,349,0.873649688,1.010655813,1.180027203,6.380027203,54,1,0.0300166,1,2,30,40,12,10,EMUYEZ
54,1,34,1,196.022908,320736119,34,1,54,1,34,1,5,25,50,12.5,10,100,10,2.5,2,1.6049417,374,0.673882046,0.851229003,0.718541683,5.118541683,44,1,0.0299388,1,1,25,50,12.5,0,EMUYEZ
54,1,35,1,200.227233,320901864,35,1,54,1,35,1,5,25,80,20,10,100,10,10,2,1.432634,374,0.807179101,0.918158726,5.913489906,10.51348991,49,0,0.0371384,1,1,25,80,20,30,EMUYEZ
54,1,36,1,204.465762,321007899,36,0,54,1,36,1,5,10,100,10,12,50,6,4,2,3.9305744,384,0.587816736,0.601480973,6.589774718,9.789774718,30,1,0.0390795,1,2,12,50,6,0,EMUYEZ
54,1,37,1,210.671533,321057992,37,1,54,1,37,1,5,25,40,10,10,100,10,0,2,1.7168141,384,0.904838575,0.507320719,7.448487783,10.04848778,24,0,0.0300739,1,1,25,40,10,10,EMUYEZ
54,1,38,1,214.876499,321100806,38,1,54,1,38,1,5,15,70,10.5,10,100,10,0.5,2,2.24733,399,0.704972487,1.049966245,1.160423663,6.560423663,57,1,0.0296131,1,1,15,70,10.5,20,EMUYEZ
54,1,39,1,219.964565,321171987,39,1,54,1,39,1,5,10,100,10,30,90,27,-17,1,1.3357288,429,0.968765603,0.530682772,3.389067109,6.189067109,26,1,0.0331243,1,2,30,90,27,40,EMUYEZ
54,1,40,1,223.885678,321316620,40,1,54,1,40,1,5,30,20,6,10,100,10,-4,,,429,0.528202206,0.860643362,,,,,,,1,30,20,6,30,EMUYEZ
54,1,41,1,229.858337,321345136,41,0,54,1,41,1,5,10,100,10,20,60,12,-2,2,0.8817797,439,0.867298547,0.685390089,5.336161967,8.936161967,35,1,0.0317257,1,2,20,60,12,10,EMUYEZ
54,1,42,1,233.37909,321432340,42,0,54,1,42,1,5,10,100,10,15,20,3,7,2,1.4976329,449,0.77270442,0.541380838,4.547434781,7.347434781,26,1,0.0346993,1,2,15,20,3,30,EMUYEZ
54,1,43,1,237.266497,321514017,43,0,54,1,43,1,5,10,100,10,15,40,6,4,2,1.7056666,459,0.626627068,0.641010696,5.236702332,8.636702332,32,1,0.0328632,1,2,15,40,6,10,EMUYEZ
54,1,44,1,241.320734,321566927,44,1,54,1,44,1,5,30,40,12,10,100,10,2,2,1.1160231,459,0.626576419,1.15871288,2.328044716,8.128044716,63,0,0.0340622,1,1,30,40,12,10,EMUYEZ
54,1,45,1,245.291493,321654660,45,1,54,1,45,1,5,10,100,10,15,60,9,1,1,1.4252537,474,0.615820208,1.131318752,-0.424188762,5.375811238,61,1,0.0327557,1,2,15,60,9,10,EMUYEZ
54,1,46,1,249.546849,321764597,46,0,54,1,46,1,5,12,60,7.2,10,100,10,-2.8,1,1.0178472,484,0.669256553,1.186497345,3.701732447,9.701732447,65,1,0.0330485,1,1,12,60,7.2,10,EMUYEZ
54,1,47,1,253.499632,321831499,47,1,54,1,47,1,5,10,100,10,20,80,16,-6,1,1.7128263,504,0.541329843,0.891936906,1.376772603,5.976772603,47,1,0.0331366,1,2,20,80,16,30,EMUYEZ
54,1,48,1,257.724186,321951402,48,1,54,1,48,1,5,20,50,10,10,100,10,0,2,1.2799164,524,0.587692772,0.911426384,2.6613205,7.2613205,49,1,0.031592,1,1,20,50,10,0,EMUYEZ
54,1,49,1,261.591775,322059564,49,1,54,1,49,1,5,10,100,10,30,80,24,-14,1,1.4840209,554,0.530502293,0.680472938,4.152417676,7.752417676,35,1,0.032775,1,2,30,80,24,30,EMUYEZ
54,1,50,1,265.382,322115835,50,1,54,1,50,1,5,10,100,10,20,50,10,0,1,2.0385969,574,0.976844376,0.922209514,2.919130243,7.719130243,48,1,0.0331251,1,2,20,50,10,0,EMUYEZ
55,2,1,1,42.623098,326689155,1,0,55,2,1,1,5,10,100,10,12,60,7.2,2.8,2,1.6374624,10,0.608340315,0.740984507,4.889216868,8.689216868,38,1,0.0332934,1,2,12,60,7.2,10,EMUYEZ
55,2,2,1,46.695339,327910528,2,0,55,2,2,1,5,10,100,10,30,20,6,4,2,1.7012626,20,0.853559352,0.972175759,5.204532287,10.20453229,51,1,0.0326184,1,2,30,20,6,30,EMUYEZ
55,2,3,1,51.299368,328041100,3,0,55,2,3,1,5,25,50,12.5,10,100,10,2.5,1,2.3768792,30,0.837249396,1.040977317,3.457569059,8.857569059,56,1,0.0334252,1,1,25,50,12.5,0,EMUYEZ
55,2,4,1,56.638146,328141785,4,1,55,2,4,1,5,20,50,10,10,100,10,0,2,1.6296392,30,0.842941306,0.64508574,5.219933249,8.619933249,33,0,0.0332035,1,1,20,50,10,0,EMUYEZ
55,2,5,1,60.842403,328202243,5,1,55,2,5,1,5,20,80,16,10,100,10,6,2,1.4337163,50,0.831934103,1.047155921,1.719680227,7.119680227,57,1,0.0303543,1,1,20,80,16,30,EMUYEZ
55,2,6,1,65.22997,328300481,6,1,55,2,6,1,5,10,100,10,15,80,12,-2,1,2.2544481,65,0.849062516,0.964119862,4.130790703,9.130790703,51,1,0.0385424,1,2,15,80,12,30,EMUYEZ
55,2,7,1,70.386148,328389002,7,0,55,2,7,1,5,10,100,10,15,20,3,7,2,1.8016811,75,0.997129741,1.187598339,3.523094118,9.523094118,65,1,0.0328854,1,2,15,20,3,30,EMUYEZ
55,2,8,1,75.440491,328488608,8,1,55,2,8,1,5,10,100,10,30,50,15,-5,1,1.8117096,75,0.925773069,0.773896071,4.772861768,8.772861768,40,0,0.0335052,1,2,30,50,15,0,EMUYEZ
55,2,9,1,80.0283,328558496,9,1,55,2,9,1,5,10,100,10,30,70,21,-11,1,1.4643947,105,0.977719308,0.706286166,2.727527964,6.327527964,36,1,0.0329312,1,2,30,70,21,20,EMUYEZ
55,2,10,1,84.248852,328646752,10,1,55,2,10,1,5,15,70,10.5,10,100,10,0.5,2,2.8526612,120,0.630622076,0.967769053,1.159583137,6.159583137,52,1,0.0434149,1,1,15,70,10.5,20,EMUYEZ
55,2,11,1,89.788207,328774457,11,1,55,2,11,1,5,10,100,10,30,40,12,-2,1,1.4716138,120,0.775010141,0.929496269,3.985556568,8.785556568,46,0,0.0384759,1,2,30,40,12,10,EMUYEZ
55,2,12,1,94.060789,328855822,12,1,55,2,12,1,5,10,100,10,25,90,22.5,-12.5,1,1.3916238,145,0.914004488,1.044838752,0.382893576,5.782893576,55,1,0.042125,1,2,25,90,22.5,40,EMUYEZ
55,2,13,1,98.515279,328953069,13,0,55,2,13,1,5,25,50,12.5,10,100,10,2.5,1,2.5284635,155,0.63253375,0.522980513,6.505930307,9.305930307,24,1,0.0318741,1,1,25,50,12.5,0,EMUYEZ
55,2,14,1,103.284854,329061658,14,1,55,2,14,1,5,20,50,10,10,100,10,0,2,1.9588925,155,0.529055212,0.509610967,6.097271684,8.697271684,24,0,0.0330285,1,1,20,50,10,0,EMUYEZ
55,2,15,1,107.374739,329134650,15,1,55,2,15,1,5,12,50,6,10,100,10,-4,2,2.7011817,167,0.985064468,0.677705201,2.342735983,5.742735983,33,1,0.0282526,1,1,12,50,6,0,EMUYEZ
55,2,16,1,112.813875,329187235,16,1,55,2,16,1,5,10,100,10,20,90,18,-8,1,1.317792,167,0.609923818,0.826386785,6.400744485,10.60074449,42,0,0.0445618,1,2,20,90,18,40,EMUYEZ
55,2,17,1,116.648175,329333472,17,1,55,2,17,1,5,20,70,14,10,100,10,4,2,1.6604377,187,0.99786278,1.126566762,0.513634934,6.313634934,61,1,0.0333725,1,1,20,70,14,20,EMUYEZ
55,2,18,1,121.519936,329427653,18,1,55,2,18,1,5,25,60,15,10,100,10,5,2,1.5802526,212,0.651192378,1.182904854,0.035111418,6.035111418,64,1,0.0332748,1,1,25,60,15,10,EMUYEZ
55,2,19,1,126.00798,329487205,19,0,55,2,19,1,5,15,30,4.5,10,100,10,-5.5,1,2.1957919,222,0.678579954,0.534293038,4.942331146,7.742331146,25,1,0.0373383,1,1,15,30,4.5,20,EMUYEZ
55,2,20,1,130.5158,329586204,20,0,55,2,20,1,5,10,100,10,15,60,9,1,2,1.1042591,232,0.542467663,0.592431566,4.333818968,7.333818968,29,1,0.0324029,1,2,15,60,9,10,EMUYEZ
55,2,21,1,133.833907,329645315,21,1,55,2,21,1,5,30,30,9,10,100,10,-1,2,4.1942134,232,0.842140886,1.06983818,1.985961713,7.385961713,57,0,0.0397015,1,1,30,30,9,20,EMUYEZ
55,2,22,1,141.008587,329768072,22,1,55,2,22,1,5,20,60,12,10,100,10,2,2,1.0351515,252,0.980282369,1.068067623,1.689872909,7.089872909,57,1,0.0329831,1,1,20,60,12,10,EMUYEZ
55,2,23,1,145.181784,329847495,23,1,55,2,23,1,5,15,40,6,10,100,10,-4,2,2.0058832,252,0.812974556,0.89958121,3.241391531,7.841391531,48,0,0.0326804,1,1,15,40,6,10,EMUYEZ
55,2,24,1,149.984205,329911099,24,0,55,2,24,1,5,25,30,7.5,10,100,10,-2.5,1,0.8037614,262,0.565641873,0.828635554,2.093565947,6.293565947,43,1,0.0353721,1,1,25,30,7.5,20,EMUYEZ
55,2,25,1,153.269979,330043202,25,1,55,2,25,1,5,10,100,10,12,70,8.4,1.6,1,1.7175428,274,0.562274045,0.995352337,1.106324805,6.106324805,54,1,0.0382902,1,2,12,70,8.4,20,EMUYEZ
55,2,26,1,157.625495,330114136,26,1,55,2,26,1,5,25,80,20,10,100,10,10,2,1.8501233,299,0.611439844,1.164317958,0.828336921,6.828336921,64,1,0.0366537,1,1,25,80,20,30,EMUYEZ
55,2,27,1,162.349645,330189281,27,1,55,2,27,1,5,12,90,10.8,10,100,10,0.8,2,3.3906878,311,0.917568958,0.926143983,2.850547471,7.650547471,49,1,0.028084,1,1,12,90,10.8,40,EMUYEZ
55,2,28,1,168.669476,330274086,28,1,55,2,28,1,5,10,100,10,25,60,15,-5,1,2.022812,336,0.740013681,0.699730527,2.411464028,6.011464028,35,1,0.0323528,1,2,25,60,15,10,EMUYEZ
55,2,29,1,173.207716,330382846,29,0,55,2,29,1,5,10,100,10,12,20,2.4,7.6,2,2.2359642,346,0.692741232,1.067053789,2.486523519,7.886523519,58,1,0.0365136,1,2,12,20,2.4,30,EMUYEZ
55,2,30,1,178.279981,330449686,30,1,55,2,30,1,5,10,100,10,25,20,5,5,1,2.5076304,346,0.526442242,0.873449974,4.967352785,9.367352785,46,0,0.0289962,1,2,25,20,5,30,EMUYEZ
55,2,31,1,183.268434,330553380,31,0,55,2,31,1,5,12,40,4.8,10,100,10,-5.2,1,2.6392237,356,0.626550222,0.70012116,4.923048104,8.523048104,35,1,0.034147,1,1,12,40,4.8,10,EMUYEZ
55,2,32,1,188.307088,330638455,32,1,55,2,32,1,5,10,100,10,25,70,17.5,-7.5,1,1.5765683,381,0.967241188,0.641091313,3.677435729,7.077435729,32,1,0.0328556,1,2,25,70,17.5,20,EMUYEZ
55,2,33,1,192.577728,330687925,33,1,55,2,33,1,5,10,100,10,25,40,10,0,1,2.2668341,381,0.888154055,0.705657898,6.180745644,9.780745644,36,0,0.036222,1,2,25,40,10,10,EMUYEZ
55,2,34,1,197.516465,330863709,34,0,55,2,34,1,5,10,100,10,15,50,7.5,2.5,2,1.9759742,391,0.655155682,0.824923638,1.604386805,5.804386805,43,1,0.0335854,1,2,15,50,7.5,0,EMUYEZ
55,2,35,1,202.05454,330951152,35,1,55,2,35,1,5,25,50,12.5,10,100,10,2.5,2,2.9409735,391,0.986367847,0.808918287,6.510148923,10.71014892,42,0,0.0339021,1,1,25,50,12.5,0,EMUYEZ
55,2,36,1,207.881429,331014720,36,1,55,2,36,1,5,10,100,10,15,60,9,1,1,1.6426118,391,0.75451659,0.775474309,6.583355389,10.58335539,40,0,0.0309408,1,2,15,60,9,10,EMUYEZ
55,2,37,1,212.131922,331133771,37,0,55,2,37,1,5,10,100,10,20,50,10,0,2,0.6719966,401,0.538086109,1.058884992,0.624161638,6.024161638,57,1,0.0311754,1,2,20,50,10,0,EMUYEZ
55,2,38,1,215.489951,331213466,38,0,55,2,38,1,5,10,100,10,12,30,3.6,6.4,2,1.4905534,411,0.690101119,0.787001841,2.788980213,6.788980213,41,1,0.0326062,1,2,12,30,3.6,20,EMUYEZ
55,2,39,1,219.539891,331270074,39,0,55,2,39,1,5,20,20,4,10,100,10,-6,1,1.7361559,421,0.884229822,1.129714155,5.055150736,10.85515074,62,1,0.0326949,1,1,20,20,4,30,EMUYEZ
55,2,40,1,224.38124,331370675,40,0,55,2,40,1,5,20,50,10,10,100,10,0,1,1.2390477,431,0.739811369,0.756931411,6.69877238,10.49877238,39,1,0.0338422,1,1,20,50,10,0,EMUYEZ
55,2,41,1,228.201768,331474105,41,0,55,2,41,1,5,10,100,10,20,30,6,4,2,2.5782739,441,0.78453753,0.60516598,5.080028549,8.280028549,30,1,0.0329826,1,2,20,30,6,20,EMUYEZ
55,2,42,1,233.25695,331540766,42,0,55,2,42,1,5,30,40,12,10,100,10,2,1,2.3553504,451,0.864010906,1.107518817,1.158099041,6.758099041,60,1,0.0324343,1,1,30,40,12,10,EMUYEZ
55,2,43,1,238.679835,331690865,43,1,55,2,43,1,5,10,100,10,15,90,13.5,-3.5,1,2.2204854,466,0.623709956,0.82632212,3.987887636,8.187887636,43,1,0.0332474,1,2,15,90,13.5,40,EMUYEZ
55,2,44,1,243.434602,331810609,44,1,55,2,44,1,5,10,100,10,30,50,15,-5,1,1.1457858,496,0.667656657,0.971320817,1.550108291,6.550108291,52,1,0.0311991,1,2,30,50,15,0,EMUYEZ
55,2,45,1,247.306425,331862947,45,0,55,2,45,1,5,20,40,8,10,100,10,-2,1,2.2100665,506,0.574576582,1.046497238,4.724446783,10.12444678,56,1,0.0277988,1,1,20,40,8,10,EMUYEZ
55,2,46,1,252.210703,331986284,46,1,55,2,46,1,5,30,60,18,10,100,10,8,2,1.9768302,536,0.959160338,0.652270901,3.022148287,6.422148287,30,1,0.0340293,1,1,30,60,18,10,EMUYEZ
55,2,47,1,256.881939,332113465,47,1,55,2,47,1,5,12,80,9.6,10,100,10,-0.4,2,1.9135984,548,0.934022996,0.567792219,6.361043476,9.361043476,28,1,0.0417268,1,1,12,80,9.6,30,EMUYEZ
55,2,48,1,261.403413,332171278,48,1,55,2,48,1,5,10,100,10,30,90,27,-17,1,1.3447137,578,0.672103286,0.895911902,1.37286403,5.97286403,46,1,0.0337827,1,2,30,90,27,40,EMUYEZ
55,2,49,1,265.391331,332289086,49,1,55,2,49,1,5,10,100,10,30,80,24,-14,1,1.1251226,608,0.944243735,1.127983119,1.872140924,7.672140924,60,1,0.0339144,1,2,30,80,24,30,EMUYEZ
55,2,50,1,269.678704,332386374,50,1,55,2,50,1,5,25,40,10,10,100,10,0,2,3.0451078,608,0.919641201,0.811112357,4.686843652,8.886843652,42,0,0.0326135,1,1,25,40,10,10,EMUYEZ
56,3,1,1,40.04773,335604370,1,0,56,3,1,1,5,25,40,10,10,100,10,0,1,1.8801952,10,0.808915951,1.174007716,2.459196532,8.459196532,64,1,0.0329273,1,1,25,40,10,10,EMUYEZ
56,3,2,1,44.985871,336749382,2,0,56,3,2,1,5,10,100,10,20,50,10,0,2,1.9662911,20,0.843613696,0.786952159,1.828560083,5.828560083,41,1,0.0328074,1,2,20,50,10,0,EMUYEZ
56,3,3,1,49.656657,336899912,3,1,56,3,3,1,5,20,50,10,10,100,10,0,2,1.4468728,20,0.700023872,1.152972495,2.674023504,8.474023504,63,0,0.0343705,1,1,20,50,10,0,EMUYEZ
56,3,4,1,54.043722,337014459,4,0,56,3,4,1,5,10,100,10,12,50,6,4,2,1.5642803,30,0.970332269,0.897555751,6.13657185,10.73657185,48,1,0.0319062,1,2,12,50,6,0,EMUYEZ
56,3,5,1,58.565671,337069500,5,0,56,3,5,1,5,10,100,10,20,30,6,4,2,1.0818502,40,0.548966437,0.98912919,5.70056384,10.70056384,53,1,0.0325632,1,2,20,30,6,20,EMUYEZ
56,3,6,1,62.269633,337174663,6,0,56,3,6,1,5,10,100,10,15,50,7.5,2.5,2,2.3141893,50,0.755374277,0.858037574,2.978621516,7.378621516,45,1,0.0321988,1,2,15,50,7.5,0,EMUYEZ
56,3,7,1,67.2756,337274102,7,1,56,3,7,1,5,12,70,8.4,10,100,10,-1.6,2,1.8521961,50,0.853249436,0.692769612,6.658900809,10.25890081,36,0,0.0315661,1,1,12,70,8.4,20,EMUYEZ
56,3,8,1,71.762534,337332725,8,1,56,3,8,1,5,10,100,10,15,80,12,-2,1,1.8935837,65,0.520293013,0.639359479,5.646563433,8.846563433,32,1,0.0326217,1,2,15,80,12,30,EMUYEZ
56,3,9,1,75.900483,337425919,9,0,56,3,9,1,5,15,30,4.5,10,100,10,-5.5,1,2.0516677,75,0.629352006,0.78637181,3.501492577,7.501492577,41,1,0.0329152,1,1,15,30,4.5,20,EMUYEZ
56,3,10,1,80.437827,337473971,10,1,56,3,10,1,5,10,100,10,25,50,12.5,-2.5,1,2.2896208,75,0.766281644,0.825729217,4.579992864,8.779992864,43,0,0.0492861,1,2,25,50,12.5,0,EMUYEZ
56,3,11,1,85.408453,337600039,11,0,56,3,11,1,5,12,20,2.4,10,100,10,-7.6,1,2.022996,85,0.586234084,0.545414492,6.83480316,9.63480316,26,1,0.031612,1,1,12,20,2.4,30,EMUYEZ
56,3,12,1,89.648239,337679719,12,0,56,3,12,1,5,20,50,10,10,100,10,0,1,0.9195981,95,0.581285816,0.657427097,1.863800898,5.263800898,32,1,0.0285685,1,1,20,50,10,0,EMUYEZ
56,3,13,1,92.885215,337732037,13,0,56,3,13,1,5,12,90,10.8,10,100,10,0.8,1,0.9791648,105,0.744828033,0.946872198,1.95579857,6.75579857,51,1,0.0380506,1,1,12,90,10.8,40,EMUYEZ
56,3,14,1,96.655719,337835792,14,1,56,3,14,1,5,20,90,18,10,100,10,8,2,1.4720801,125,0.649363995,0.54363708,6.925159633,9.725159633,26,1,0.0340935,1,1,20,90,18,40,EMUYEZ
56,3,15,1,100.410476,337882878,15,0,56,3,15,1,5,30,20,6,10,100,10,-4,1,1.0778069,135,0.773128059,1.165997377,4.378534991,10.37853499,63,1,0.0322976,1,1,30,20,6,30,EMUYEZ
56,3,16,1,104.495226,337998968,16,0,56,3,16,1,5,10,100,10,20,60,12,-2,2,1.8411845,145,0.705668362,0.875416373,5.26540078,9.66540078,45,1,0.0379916,1,2,20,60,12,10,EMUYEZ
56,3,17,1,108.999029,338087988,17,1,56,3,17,1,5,10,100,10,20,70,14,-4,1,2.1691093,165,0.907171177,0.719573218,4.727155121,8.327155121,37,1,0.0334306,1,2,20,70,14,20,EMUYEZ
56,3,18,1,113.871116,338168117,18,1,56,3,18,1,5,10,100,10,25,80,20,-10,1,1.8095318,190,0.60576507,0.756951207,5.400124849,9.200124849,39,1,0.0341111,1,2,25,80,20,30,EMUYEZ
56,3,19,1,118.125354,338276213,19,1,56,3,19,1,5,30,70,21,10,100,10,11,2,2.5461442,190,0.879553645,1.073360366,4.238205778,9.638205778,58,0,0.033169,1,1,30,70,21,20,EMUYEZ
56,3,20,1,123.698474,338323192,20,1,56,3,20,1,5,25,60,15,10,100,10,5,2,3.3009261,190,0.60405996,0.698735986,6.886451762,10.48645176,36,0,0.0385821,1,1,25,60,15,10,EMUYEZ
56,3,21,1,129.387533,338392428,21,1,56,3,21,1,5,15,70,10.5,10,100,10,0.5,2,2.2606659,205,0.675503752,1.1440877,1.199660606,6.999660606,62,1,0.0358061,1,1,15,70,10.5,20,EMUYEZ
56,3,22,1,134.542663,338481619,22,1,56,3,22,1,5,25,70,17.5,10,100,10,7.5,2,1.777245,230,0.893423193,0.929881677,0.403270652,5.203270652,49,1,0.0385987,1,1,25,70,17.5,20,EMUYEZ
56,3,23,1,139.215074,338550012,23,0,56,3,23,1,5,15,20,3,10,100,10,-7,1,1.2642435,240,0.592212855,0.810688392,1.539266756,5.739266756,42,1,0.0316042,1,1,15,20,3,30,EMUYEZ
56,3,24,1,142.95187,338618175,24,0,56,3,24,1,5,10,100,10,25,30,7.5,2.5,2,4.0955199,250,0.982567885,0.557571804,2.638478604,5.438478604,27,1,0.0350011,1,2,25,30,7.5,20,EMUYEZ
56,3,25,1,149.675323,338716352,25,1,56,3,25,1,5,25,50,12.5,10,100,10,2.5,2,3.6440799,275,0.978027359,0.930833826,2.831889739,7.631889739,49,1,0.0396421,1,1,25,50,12.5,0,EMUYEZ
56,3,26,1,156.300361,338796235,26,0,56,3,26,1,5,12,30,3.6,10,100,10,-6.4,1,2.7480043,285,0.607706857,0.703049206,6.221956648,9.821956648,36,1,0.0322222,1,1,12,30,3.6,20,EMUYEZ
56,3,27,1,161.438028,338875811,27,1,56,3,27,1,5,30,40,12,10,100,10,2,2,2.2021204,285,0.544934432,0.796412555,4.580892516,8.580892516,42,0,0.0352454,1,1,30,40,12,10,EMUYEZ
56,3,28,1,166.059052,338993646,28,1,56,3,28,1,5,10,100,10,30,60,18,-8,1,1.6370395,315,0.623013177,0.664878653,2.068241378,5.468241378,34,1,0.0319237,1,2,30,60,18,10,EMUYEZ
56,3,29,1,170.063386,339076634,29,1,56,3,29,1,5,10,100,10,30,50,15,-5,1,3.2240078,315,0.695176835,1.198051739,4.016630102,10.0166301,65,0,0.031405,1,2,30,50,15,0,EMUYEZ
56,3,30,1,176.253646,339149602,30,0,56,3,30,1,5,10,100,10,30,30,9,1,2,2.5622329,325,0.666092756,0.619761684,6.347959101,9.547959101,31,1,0.029741,1,2,30,30,9,20,EMUYEZ
56,3,31,1,181.175862,339259321,31,1,56,3,31,1,5,10,100,10,25,90,22.5,-12.5,1,1.5525625,350,0.955107403,1.111547905,1.22960959,6.82960959,61,1,0.0335833,1,2,25,90,22.5,40,EMUYEZ
56,3,32,1,185.880756,339415854,32,1,56,3,32,1,5,10,100,10,30,80,24,-14,1,1.3671648,380,0.679796451,0.742658798,5.294510646,9.094510646,38,1,0.0331251,1,2,30,80,24,30,EMUYEZ
56,3,33,1,189.734913,339468546,33,0,56,3,33,1,5,10,100,10,12,80,9.6,0.4,2,1.3209739,390,0.696621245,1.043895444,2.239521417,7.639521417,57,1,0.034786,1,2,12,80,9.6,30,EMUYEZ
56,3,34,1,193.871937,339590667,34,0,56,3,34,1,5,25,20,5,10,100,10,-5,1,2.1844371,400,0.789210317,0.643207171,3.883393108,7.283393108,33,1,0.0338031,1,1,25,20,5,30,EMUYEZ
56,3,35,1,198.580002,339642109,35,0,56,3,35,1,5,20,20,4,10,100,10,-6,1,1.1800101,410,0.870853408,0.640031666,2.766889519,6.166889519,32,1,0.0307887,1,1,20,20,4,30,EMUYEZ
56,3,36,1,202.34746,339754412,36,1,56,3,36,1,5,10,100,10,20,50,10,0,1,1.5322209,410,0.754699706,0.752315492,6.465259209,10.26525921,39,0,0.0309383,1,2,20,50,10,0,EMUYEZ
56,3,37,1,206.471446,339820554,37,1,56,3,37,1,5,30,50,15,10,100,10,5,2,1.6238845,440,0.79090192,1.125313512,-0.117117673,5.682882327,61,1,0.0351477,1,1,30,50,15,0,EMUYEZ
56,3,38,1,211.090067,339894384,38,1,56,3,38,1,5,20,80,16,10,100,10,6,2,2.1907633,460,0.759286537,0.820917472,2.09748858,6.29748858,42,1,0.0329796,1,1,20,80,16,30,EMUYEZ
56,3,39,1,215.93172,340065163,39,1,56,3,39,1,5,10,100,10,25,60,15,-5,1,1.8522689,485,0.715287454,0.587652388,2.487038864,5.487038864,29,1,0.0351395,1,2,25,60,15,10,EMUYEZ
56,3,40,1,220.169803,340205723,40,1,56,3,40,1,5,10,100,10,15,90,13.5,-3.5,1,1.8545139,485,0.860045144,1.041726198,5.58358888,10.98358888,56,0,0.0331094,1,2,15,90,13.5,40,EMUYEZ
56,3,41,1,225.007826,340294843,41,1,56,3,41,1,5,10,100,10,15,60,9,1,1,1.7034736,500,0.7755549,0.97513722,0.779270456,5.779270456,52,1,0.03323,1,2,15,60,9,10,EMUYEZ
56,3,42,1,229.54593,340429452,42,0,56,3,42,1,5,12,40,4.8,10,100,10,-5.2,1,2.6773531,510,0.838044242,0.828749714,4.148393081,8.348393081,43,1,0.035127,1,1,12,40,4.8,10,EMUYEZ
56,3,43,1,234.968497,340515352,43,0,56,3,43,1,5,10,100,10,25,40,10,0,2,2.5587406,520,0.5871233,0.796687519,4.096498843,8.096498843,40,1,0.0353472,1,2,25,40,10,10,EMUYEZ
56,3,44,1,239.990085,340587598,44,0,56,3,44,1,5,15,60,9,10,100,10,-1,1,3.0658192,530,0.70936426,0.629177507,5.43203514,8.63203514,32,1,0.0330905,1,1,15,60,9,10,EMUYEZ
56,3,45,1,245.479688,340687679,45,0,56,3,45,1,5,15,40,6,10,100,10,-4,1,1.4475141,540,0.636671283,1.171027298,2.612738163,8.612738163,63,1,0.0339414,1,1,15,40,6,10,EMUYEZ
56,3,46,1,249.817954,340804776,46,0,56,3,46,1,5,10,100,10,20,40,8,2,2,2.0863775,550,0.64551073,0.60951104,7.157503733,10.35750373,29,1,0.0399493,1,2,20,40,8,10,EMUYEZ
56,3,47,1,254.254938,340893420,47,1,56,3,47,1,5,12,60,7.2,10,100,10,-2.8,2,2.2966627,562,0.577401902,0.643065863,2.350676881,5.750676881,32,1,0.0271274,1,1,12,60,7.2,10,EMUYEZ
56,3,48,1,258.840738,341020028,48,1,56,3,48,1,5,10,100,10,25,50,12.5,-2.5,1,1.8074918,587,0.607840909,1.178757858,-1.056686823,4.943313177,63,1,0.0326374,1,2,25,50,12.5,0,EMUYEZ
56,3,49,1,263.515009,341087992,49,1,56,3,49,1,5,10,100,10,30,40,12,-2,1,1.2292732,587,0.971650415,0.691520089,4.302136211,7.902136211,35,0,0.0333322,1,2,30,40,12,10,EMUYEZ
56,3,50,1,267.486121,341182275,50,1,56,3,50,1,5,10,100,10,30,90,27,-17,1,0.9460782,617,0.626190958,0.909874155,3.367007058,7.967007058,48,1,0.0330835,1,2,30,90,27,40,EMUYEZ
57,4,1,1,63.547238,344437771,1,0,57,4,1,1,5,25,40,10,10,100,10,0,1,2.2757619,10,0.690954372,0.97028822,4.119577047,9.119577047,52,1,0.0321219,1,1,25,40,10,10,EMUYEZ
57,4,2,1,68.569643,346286904,2,1,57,4,2,1,5,15,60,9,10,100,10,-1,2,1.9169641,25,0.657711794,0.965182848,2.9211515,7.9211515,52,1,0.0333189,1,1,15,60,9,10,EMUYEZ
57,4,3,1,73.190887,346443319,3,1,57,4,3,1,5,10,100,10,15,70,10.5,-0.5,1,1.9041926,40,0.571643443,0.953066887,2.327146632,7.127146632,50,1,0.0346435,1,2,15,70,10.5,20,EMUYEZ
57,4,4,1,77.694849,346552849,4,1,57,4,4,1,5,10,100,10,25,50,12.5,-2.5,1,1.5206457,40,0.719339778,0.536710473,6.733612302,9.533612302,24,0,0.0322077,1,2,25,50,12.5,0,EMUYEZ
57,4,5,1,81.55025,346613377,5,1,57,4,5,1,5,10,100,10,15,50,7.5,2.5,1,2.3292518,40,0.747063342,0.672946161,5.818477697,9.218477697,32,0,0.0385281,1,2,15,50,7.5,0,EMUYEZ
57,4,6,1,86.388932,346720589,6,1,57,4,6,1,5,30,30,9,10,100,10,-1,2,3.6336252,40,0.877769807,1.099430922,5.10222128,10.70222128,60,0,0.0340898,1,1,30,30,9,20,EMUYEZ
57,4,7,1,93.077442,346814723,7,1,57,4,7,1,5,10,100,10,15,60,9,1,1,1.697112,55,0.698293974,0.700988916,1.382734519,4.982734519,36,1,0.0337046,1,2,15,60,9,10,EMUYEZ
57,4,8,1,97.264646,346862117,8,0,57,4,8,1,5,10,100,10,15,30,4.5,5.5,2,1.406324,65,0.671543547,0.780885145,3.107174034,7.107174034,40,1,0.0328847,1,2,15,30,4.5,20,EMUYEZ
57,4,9,1,101.201799,346976027,9,1,57,4,9,1,5,10,100,10,20,50,10,0,1,2.4612637,65,0.658534563,1.040499279,4.745928734,10.14592873,56,0,0.0332403,1,2,20,50,10,0,EMUYEZ
57,4,10,1,106.441266,347029906,10,1,57,4,10,1,5,10,100,10,20,60,12,-2,1,1.6859934,65,0.834932139,1.058400922,4.101385763,9.501385763,56,0,0.0316084,1,2,20,60,12,10,EMUYEZ
57,4,11,1,111.095366,347203086,11,1,57,4,11,1,5,10,100,10,30,60,18,-8,1,1.2711955,95,0.683421546,0.572170319,3.612814318,6.612814318,28,1,0.0395813,1,2,30,60,18,10,EMUYEZ
57,4,12,1,114.715823,347281840,12,0,57,4,12,1,5,10,100,10,12,40,4.8,5.2,2,1.3790809,105,0.719142693,1.166632799,1.597191897,7.597191897,63,1,0.0291175,1,2,12,40,4.8,10,EMUYEZ
57,4,13,1,119.053684,347356166,13,0,57,4,13,1,5,20,50,10,10,100,10,0,1,2.4256715,115,0.645459243,0.678489893,2.990048889,6.390048889,34,1,0.0333671,1,1,20,50,10,0,EMUYEZ
57,4,14,1,123.895531,347452975,14,1,57,4,14,1,5,30,50,15,10,100,10,5,2,1.9677748,145,0.558938426,0.678109208,1.769640355,5.169640355,34,1,0.0330913,1,1,30,50,15,0,EMUYEZ
57,4,15,1,128.163172,347548444,15,1,57,4,15,1,5,15,90,13.5,10,100,10,3.5,2,1.9398421,145,0.967894749,1.116095312,5.124723108,10.72472311,60,0,0.0335641,1,1,15,90,13.5,40,EMUYEZ
57,4,16,1,133.269123,347631484,16,0,57,4,16,1,5,25,40,10,10,100,10,0,1,2.7133833,155,0.786594667,0.977126537,4.02361049,9.02361049,52,1,0.0332227,1,1,25,40,10,10,EMUYEZ
57,4,17,1,138.824612,347714762,17,0,57,4,17,1,5,10,100,10,12,70,8.4,1.6,2,2.7662187,165,0.70045762,0.905720457,0.635711274,5.235711274,48,1,0.0335661,1,2,12,70,8.4,20,EMUYEZ
57,4,18,1,144.280499,347809232,18,1,57,4,18,1,5,12,80,9.6,10,100,10,-0.4,2,2.0464315,177,0.960562836,1.085534071,1.341050685,6.941050685,59,1,0.0337369,1,1,12,80,9.6,30,EMUYEZ
57,4,19,1,149.453427,347858332,19,0,57,4,19,1,5,25,30,7.5,10,100,10,-2.5,1,1.7455668,187,0.829628823,0.784916998,3.795821706,7.795821706,41,1,0.0373692,1,1,25,30,7.5,20,EMUYEZ
57,4,20,1,153.910778,347921394,20,0,57,4,20,1,5,10,100,10,12,60,7.2,2.8,2,2.775695,197,0.5602045,0.758793791,2.367669414,6.167669414,39,1,0.0328495,1,2,12,60,7.2,10,EMUYEZ
57,4,21,1,159.079514,348009848,21,0,57,4,21,1,5,10,100,10,20,30,6,4,2,1.6232702,207,0.838672842,1.119025742,-0.455446901,5.144553099,60,1,0.0333373,1,2,20,30,6,20,EMUYEZ
57,4,22,1,163.734272,348134128,22,0,57,4,22,1,5,12,50,6,10,100,10,-4,1,2.5522239,217,0.89908642,0.790751669,3.424742461,7.424742461,41,1,0.0280368,1,1,12,50,6,0,EMUYEZ
57,4,23,1,169.059887,348214424,23,1,57,4,23,1,5,12,90,10.8,10,100,10,0.8,2,2.1473473,229,0.611372293,0.824324044,1.794668593,5.994668593,43,1,0.033453,1,1,12,90,10.8,40,EMUYEZ
57,4,24,1,173.712132,348283116,24,1,57,4,24,1,5,10,100,10,25,50,12.5,-2.5,1,1.9593529,229,0.675219386,0.621360388,5.429892277,8.629892277,31,0,0.0340516,1,2,25,50,12.5,0,EMUYEZ
57,4,25,1,178.049038,348405930,25,1,57,4,25,1,5,25,90,22.5,10,100,10,12.5,2,2.3734048,254,0.85631764,1.116232037,3.009402141,8.609402141,60,1,0.0325111,1,1,25,90,22.5,40,EMUYEZ
57,4,26,1,183.472175,348518083,26,1,57,4,26,1,5,30,70,21,10,100,10,11,2,1.2702721,254,0.874684136,1.146420852,4.619033272,10.41903327,62,0,0.0354211,1,1,30,70,21,20,EMUYEZ
57,4,27,1,187.84297,348602965,27,1,57,4,27,1,5,25,80,20,10,100,10,10,2,1.1560701,279,0.66353524,0.828454667,1.331224692,5.531224692,43,1,0.0358138,1,1,25,80,20,30,EMUYEZ
57,4,28,1,191.579923,348744239,28,1,57,4,28,1,5,10,100,10,25,50,12.5,-2.5,1,1.6833486,279,0.907583751,0.694157537,4.706164986,8.306164986,36,0,0.0349282,1,2,25,50,12.5,0,EMUYEZ
57,4,29,1,195.951526,348828019,29,0,57,4,29,1,5,12,20,2.4,10,100,10,-7.6,1,1.6717229,289,0.666159046,0.954661859,1.155008553,5.955008553,50,1,0.0329061,1,1,12,20,2.4,30,EMUYEZ
57,4,30,1,200.32289,348892318,30,0,57,4,30,1,5,10,100,10,30,40,12,-2,2,1.5555442,299,0.57481371,1.021658525,2.918307842,8.118307842,54,1,0.033225,1,2,30,40,12,10,EMUYEZ
57,4,31,1,204.543904,348998999,31,1,57,4,31,1,5,10,100,10,25,60,15,-5,1,2.1264774,324,0.779102822,0.688041182,2.849379615,6.449379615,35,1,0.0331817,1,2,25,60,15,10,EMUYEZ
57,4,32,1,209.219245,349138839,32,1,57,4,32,1,5,10,100,10,25,60,15,-5,1,1.0590244,349,0.753251591,0.669793756,1.503935872,4.903935872,34,1,0.0309041,1,2,25,60,15,10,EMUYEZ
57,4,33,1,212.788824,349193033,33,0,57,4,33,1,5,30,90,27,10,100,10,17,1,1.7304299,359,0.886157307,0.745603604,5.930639835,9.730639835,39,1,0.0326211,1,1,30,90,27,40,EMUYEZ
57,4,34,1,217.244128,349293838,34,0,57,4,34,1,5,15,40,6,10,100,10,-4,1,3.0508525,369,0.556083082,0.909350795,4.719023334,9.319023334,49,1,0.0330423,1,1,15,40,6,10,EMUYEZ
57,4,35,1,222.849577,349426819,35,0,57,4,35,1,5,20,20,4,10,100,10,-6,1,1.7811099,379,0.811325491,0.940203525,2.063700867,6.863700867,50,1,0.0340334,1,1,20,20,4,30,EMUYEZ
57,4,36,1,227.454516,349481828,36,0,57,4,36,1,5,30,20,6,10,100,10,-4,1,2.1758535,389,0.505198904,1.191234883,-0.904274762,5.095725238,65,1,0.0310336,1,1,30,20,6,30,EMUYEZ
57,4,37,1,232.409573,349600124,37,0,57,4,37,1,5,10,100,10,20,90,18,-8,2,2.0937539,399,0.726893048,0.716397891,6.450435149,10.05043515,37,1,0.0346022,1,2,20,90,18,40,EMUYEZ
57,4,38,1,237.031255,349649572,38,0,57,4,38,1,5,10,100,10,20,50,10,0,2,2.9040674,409,0.758467728,0.905211114,0.289882307,4.889882307,44,1,0.0429043,1,2,20,50,10,0,EMUYEZ
57,4,39,1,242.688384,349758212,39,1,57,4,39,1,5,10,100,10,15,80,12,-2,1,2.341951,424,0.587740437,0.644661947,5.743171055,9.143171055,32,1,0.0307877,1,2,15,80,12,30,EMUYEZ
57,4,40,1,247.341757,349851221,40,1,57,4,40,1,5,10,100,10,30,50,15,-5,1,2.8729842,454,0.768591875,0.869922828,1.473415119,5.873415119,43,1,0.0339422,1,2,30,50,15,0,EMUYEZ
57,4,41,1,252.931194,349915823,41,0,57,4,41,1,5,10,100,10,15,20,3,7,2,2.4197623,464,0.577899013,0.617069916,5.142545834,8.342545834,31,1,0.0442971,1,2,15,20,3,30,EMUYEZ
57,4,42,1,257.63652,349980810,42,0,57,4,42,1,5,10,100,10,25,20,5,5,2,4.4587746,474,0.514379536,0.745032473,4.177393053,7.977393053,38,1,0.0353716,1,2,25,20,5,30,EMUYEZ
57,4,43,1,264.4442,350073518,43,0,57,4,43,1,5,30,40,12,10,100,10,2,1,2.2344737,484,0.861767322,0.978650362,3.160479318,8.160479318,52,1,0.0335171,1,1,30,40,12,10,EMUYEZ
57,4,44,1,269.598629,350164192,44,1,57,4,44,1,5,30,80,24,10,100,10,14,2,3.120696,514,0.999001712,0.625467386,4.200118713,7.400118713,30,1,0.0295501,1,1,30,80,24,30,EMUYEZ
57,4,45,1,275.421491,350236099,45,0,57,4,45,1,5,20,40,8,10,100,10,-2,1,1.3772134,524,0.56033802,0.847578849,2.030442671,6.430442671,44,1,0.0342834,1,1,20,40,8,10,EMUYEZ
57,4,46,1,279.272633,350288656,46,1,57,4,46,1,5,25,70,17.5,10,100,10,7.5,2,1.5581495,549,0.534743836,0.604025515,2.915159843,6.115159843,29,1,0.0330657,1,1,25,70,17.5,20,EMUYEZ
57,4,47,1,283.046356,350396383,47,1,57,4,47,1,5,20,50,10,10,100,10,0,2,1.8404145,569,0.924874303,0.719543093,2.2769789,5.8769789,36,1,0.0328756,1,1,20,50,10,0,EMUYEZ
57,4,48,1,287.604693,350494572,48,0,57,4,48,1,5,12,30,3.6,10,100,10,-6.4,1,1.7617835,579,0.880413825,0.908567211,5.307605977,9.907605977,48,1,0.0279049,1,1,12,30,3.6,20,EMUYEZ
57,4,49,1,292.22531,350556452,49,1,57,4,49,1,5,10,100,10,20,80,16,-6,1,1.7090355,599,0.684685333,1.122323526,2.002463836,7.802463836,61,1,0.0329947,1,2,20,80,16,30,EMUYEZ
57,4,50,1,296.827519,350638656,50,1,57,4,50,1,5,10,100,10,20,70,14,-4,1,1.3477076,619,0.737317386,0.960760458,1.969899312,6.969899312,51,1,0.0335944,1,2,20,70,14,20,EMUYEZ
70,1,1,1,173.036339,1699,1,1,70,1,1,1,5,15,70,10.5,10,100,10,0.5,,,0,0.86248396,0.653996001,,,,,,,1,15,70,10.5,20,EMUYEX
70,1,2,1,179.357254,102043,2,1,70,1,2,1,5,10,100,10,15,20,3,7,,,0,0.895028872,1.057785075,,,,,,,2,15,20,3,30,EMUYEX
70,1,3,1,185.696049,5123384,3,0,70,1,3,1,5,10,100,10,20,70,14,-4,2,3.5736788,10,0.581924938,0.949494777,3.118060775,7.918060775,50,1,0.0328218,1,2,20,70,14,20,EMUYEX
70,1,4,1,191.887246,5285989,4,0,70,1,4,1,5,10,100,10,12,70,8.4,1.6,2,2.5424334,20,0.667919952,1.112613861,5.177737972,10.77773797,60,1,0.032936,1,2,12,70,8.4,20,EMUYEX
70,1,5,1,197.291498,5474993,5,0,70,1,5,1,5,20,50,10,10,100,10,0,1,0.8505111,30,0.750123753,0.826771616,5.303624035,9.503624035,44,1,0.0333435,1,1,20,50,10,0,EMUYEX
70,1,6,1,200.813089,5610893,6,1,70,1,6,1,5,25,70,17.5,10,100,10,7.5,2,0.7288502,55,0.942578951,1.198021449,2.362590178,8.362590178,66,1,0.0330401,1,1,25,70,17.5,20,EMUYEX
70,1,7,1,204.766691,5688887,7,1,70,1,7,1,5,30,80,24,10,100,10,14,2,1.1909981,85,0.9881149,0.807309406,0.88050827,5.08050827,42,1,0.0333117,1,1,30,80,24,30,EMUYEX
70,1,8,1,208.83776,5829569,8,0,70,1,8,1,5,10,100,10,20,40,8,2,2,0.8723028,95,0.726038872,0.595147107,3.6466699,6.6466699,29,1,0.0340671,1,2,20,40,8,10,EMUYEX
70,1,9,1,212.107139,5876662,9,1,70,1,9,1,5,10,100,10,12,80,9.6,0.4,1,1.2028017,107,0.849779523,0.921440535,0.511504012,5.311504012,49,1,0.0339658,1,2,12,80,9.6,30,EMUYEX
70,1,10,1,216.161733,5956457,10,1,70,1,10,1,5,25,90,22.5,10,100,10,12.5,2,0.9641633,132,0.630868585,0.651807711,5.308541601,8.708541601,33,1,0.0335222,1,1,25,90,22.5,40,EMUYEX
70,1,11,1,219.482062,6045559,11,0,70,1,11,1,5,10,100,10,12,50,6,4,2,1.2275851,142,0.564146935,0.992671374,1.6349578,6.6349578,53,1,0.0317425,1,2,12,50,6,0,EMUYEX
70,1,12,1,223.335534,6111261,12,1,70,1,12,1,5,15,90,13.5,10,100,10,3.5,2,1.2620617,142,0.621300538,0.842111943,6.434303344,10.83430334,44,0,0.0334016,1,1,15,90,13.5,40,EMUYEX
70,1,13,1,227.139719,6197371,13,0,70,1,13,1,5,10,100,10,15,40,6,4,2,0.8980274,152,0.755989092,0.840754261,3.666482741,8.066482741,44,1,0.0332844,1,2,15,40,6,10,EMUYEX
70,1,14,1,230.710331,6272366,14,0,70,1,14,1,5,10,100,10,25,50,12.5,-2.5,2,1.4636687,162,0.654515355,1.084532303,3.316968566,8.916968566,59,1,0.033037,1,2,25,50,12.5,0,EMUYEX
70,1,15,1,234.99679,6331777,15,1,70,1,15,1,5,10,100,10,15,80,12,-2,1,1.5610287,177,0.637812097,0.720986832,4.928826985,8.728826985,37,1,0.0354593,1,2,15,80,12,30,EMUYEX
70,1,16,1,239.000978,6416963,16,0,70,1,16,1,5,10,100,10,30,30,9,1,2,0.9969778,187,0.811951563,0.721130184,3.609080996,7.409080996,37,1,0.0331043,1,2,30,30,9,20,EMUYEX
70,1,17,1,242.604254,6496767,17,0,70,1,17,1,5,15,60,9,10,100,10,-1,1,1.8813667,197,0.523598749,0.605892871,4.087195836,7.287195836,30,1,0.0343279,1,1,15,60,9,10,EMUYEX
70,1,18,1,246.691773,6553764,18,0,70,1,18,1,5,10,100,10,20,30,6,4,2,0.8822028,207,0.590887147,0.565727722,2.870143066,5.870143066,28,1,0.0382898,1,2,20,30,6,20,EMUYEX
70,1,19,1,249.812397,6632362,19,0,70,1,19,1,5,10,100,10,20,90,18,-8,2,1.0575928,217,0.821819436,0.639880268,3.286273703,6.486273703,32,1,0.0369959,1,2,20,90,18,40,EMUYEX
70,1,20,1,253.416582,6726250,20,0,70,1,20,1,5,10,100,10,30,40,12,-2,2,0.6930152,227,0.563865351,1.083165417,3.122637675,8.722637675,58,1,0.0329212,1,2,30,40,12,10,EMUYEX
70,1,21,1,256.837761,6773671,21,0,70,1,21,1,5,20,50,10,10,100,10,0,1,1.0957576,237,0.506117564,0.507684373,2.739096389,5.339096389,24,1,0.0323456,1,1,20,50,10,0,EMUYEX
70,1,22,1,260.022858,6853457,22,0,70,1,22,1,5,10,100,10,25,20,5,5,2,0.5989438,247,0.981040381,0.87090092,4.97290531,9.37290531,46,1,0.0325869,1,2,25,20,5,30,EMUYEX
70,1,23,1,263.559005,6961170,23,0,70,1,23,1,5,10,100,10,30,70,21,-11,2,0.5825152,257,0.759638525,1.170181781,0.679680345,6.679680345,64,1,0.0350591,1,2,30,70,21,20,EMUYEX
70,1,24,1,267.146743,7029267,24,0,70,1,24,1,5,10,100,10,12,90,10.8,-0.8,2,0.7231355,267,0.845982991,0.895889108,2.09334108,6.69334108,47,1,0.0382221,1,2,12,90,10.8,40,EMUYEX
70,1,25,1,270.702325,7102148,25,1,70,1,25,1,5,10,100,10,30,40,12,-2,1,0.9995101,267,0.924180833,1.070672688,3.807605336,9.207605336,57,0,0.0336147,1,2,30,40,12,10,EMUYEX
70,1,26,1,274.771091,7184968,26,0,70,1,26,1,5,10,100,10,30,20,6,4,2,0.4907155,277,0.768195642,0.878079951,3.688423032,8.088423032,46,1,0.0327249,1,2,30,20,6,30,EMUYEX
70,1,27,1,277.990398,7267154,27,1,70,1,27,1,5,15,60,9,10,100,10,-1,2,1.1833557,292,0.837215076,0.856811926,2.97597964,7.37597964,45,1,0.0284815,1,1,15,60,9,10,EMUYEX
70,1,28,1,281.948271,7332858,28,0,70,1,28,1,5,10,100,10,25,50,12.5,-2.5,2,0.665471,302,0.52908723,0.61686924,5.099616631,8.299616631,31,1,0.0288256,1,2,25,50,12.5,0,EMUYEX
70,1,29,1,284.83118,7407868,29,0,70,1,29,1,5,10,100,10,20,50,10,0,2,1.1027641,312,0.670982909,0.754765125,2.355674532,6.155674532,39,1,0.0327645,1,2,20,50,10,0,EMUYEX
70,1,30,1,288.435145,7458552,30,1,70,1,30,1,5,25,80,20,10,100,10,10,2,0.8743613,337,0.8995528,0.748845894,3.252086898,7.052086898,38,1,0.0348985,1,1,25,80,20,30,EMUYEX
70,1,31,1,292.042555,7534754,31,1,70,1,31,1,5,30,50,15,10,100,10,5,2,0.8749408,337,0.510013668,1.187268945,2.261744247,8.261744247,65,0,0.0326458,1,1,30,50,15,0,EMUYEX
70,1,32,1,295.692674,7619040,32,1,70,1,32,1,5,25,60,15,10,100,10,5,2,0.9688365,362,0.505497655,1.149229207,-0.358355463,5.441644537,63,1,0.033554,1,1,25,60,15,10,EMUYEX
70,1,33,1,299.396154,7670355,33,1,70,1,33,1,5,20,80,16,10,100,10,6,2,0.9933116,382,0.83417599,1.026234665,2.987310123,8.187310123,55,1,0.0332675,1,1,20,80,16,30,EMUYEX
70,1,34,1,303.333915,7732760,34,0,70,1,34,1,5,10,100,10,12,40,4.8,5.2,2,0.7835485,392,0.503748305,0.731802345,1.678136487,5.478136487,38,1,0.0296658,1,2,12,40,4.8,10,EMUYEX
70,1,35,1,306.436939,7808052,35,0,70,1,35,1,5,25,40,10,10,100,10,0,1,1.0568138,402,0.977350882,0.638310385,2.37093219,5.57093219,31,1,0.0330078,1,1,25,40,10,10,EMUYEX
70,1,36,1,310.175603,7856637,36,0,70,1,36,1,5,15,30,4.5,10,100,10,-5.5,1,0.8618868,412,0.910107097,0.697473043,5.467295749,9.067295749,35,1,0.0336492,1,1,15,30,4.5,20,EMUYEX
70,1,37,1,313.712498,7946650,37,0,70,1,37,1,5,12,20,2.4,10,100,10,-7.6,1,0.8052205,422,0.554694571,0.961220635,3.445128739,8.445128739,51,1,0.0335765,1,1,12,20,2.4,30,EMUYEX
70,1,38,1,317.115946,8026448,38,0,70,1,38,1,5,20,50,10,10,100,10,0,1,1.6417938,432,0.697710365,0.873326209,5.113419645,9.513419645,46,1,0.0328253,1,1,20,50,10,0,EMUYEX
70,1,39,1,321.423304,8083745,39,1,70,1,39,1,5,10,100,10,30,90,27,-17,1,1.8384152,432,0.674671582,0.767895143,6.973960846,10.97396085,39,0,0.0318616,1,2,30,90,27,40,EMUYEX
70,1,40,1,325.775536,8175247,40,0,70,1,40,1,5,25,40,10,10,100,10,0,1,0.8701148,442,0.528555502,0.764046979,5.923239572,9.923239572,39,1,0.0330799,1,1,25,40,10,10,EMUYEX
70,1,41,1,329.011983,8247554,41,0,70,1,41,1,5,12,60,7.2,10,100,10,-2.8,1,1.1537156,452,0.849519383,0.81343315,1.694625978,5.894625978,42,1,0.0375989,1,1,12,60,7.2,10,EMUYEX
70,1,42,1,332.915749,8307837,42,0,70,1,42,1,5,15,50,7.5,10,100,10,-2.5,1,0.8339589,462,0.614808241,0.510877735,7.94725235,10.54725235,25,1,0.0297164,1,1,15,50,7.5,0,EMUYEX
70,1,43,1,335.95313,8390647,43,0,70,1,43,1,5,10,100,10,30,60,18,-8,2,0.9323106,472,0.911659958,0.557734199,5.770941126,8.570941126,27,1,0.032303,1,2,30,60,18,10,EMUYEX
70,1,44,1,339.422856,8460242,44,0,70,1,44,1,5,25,30,7.5,10,100,10,-2.5,1,1.0865017,482,0.722690711,0.853583147,4.529050094,8.929050094,44,1,0.030342,1,1,25,30,7.5,20,EMUYEX
70,1,45,1,343.158901,8510627,45,0,70,1,45,1,5,12,30,3.6,10,100,10,-6.4,1,0.7665319,492,0.526148511,0.674315387,3.899338229,7.299338229,34,1,0.032607,1,1,12,30,3.6,20,EMUYEX
70,1,46,1,346.195576,8585337,46,0,70,1,46,1,5,30,50,15,10,100,10,5,1,0.61809,502,0.573620972,1.076481334,2.208221029,7.608221029,59,1,0.0338201,1,1,30,50,15,0,EMUYEX
70,1,47,1,349.550435,8664835,47,0,70,1,47,1,5,10,100,10,20,20,4,6,2,0.6869085,512,0.635929703,0.913875213,0.264128062,4.864128062,48,1,0.0327579,1,2,20,20,4,30,EMUYEX
70,1,48,1,352.869542,8720038,48,1,70,1,48,1,5,25,50,12.5,10,100,10,2.5,2,1.0321901,512,0.975296225,1.034034713,3.452950193,8.652950193,56,0,0.033008,1,1,25,50,12.5,0,EMUYEX
70,1,49,1,356.990544,8802823,49,1,70,1,49,1,5,20,60,12,10,100,10,2,2,0.7828048,512,0.841175316,0.838909916,5.221938963,9.421938963,44,0,0.0329382,1,1,20,60,12,10,EMUYEX
70,1,50,1,360.527952,8897640,50,0,70,1,50,1,5,10,100,10,25,60,15,-5,2,0.5174004,522,0.691218729,0.543850835,5.02907421,7.82907421,27,1,0.0343235,1,2,25,60,15,10,EMUYEX
71,2,1,1,12.660117,2036,1,1,71,2,1,1,5,10,100,10,15,70,10.5,-0.5,1,2.912791,15,0.553138902,0.738541762,4.314360212,8.114360212,38,1,0.0326176,1,2,15,70,10.5,20,EMUYEX
71,2,2,1,17.957296,312371,2,0,71,2,2,1,5,25,50,12.5,10,100,10,2.5,1,1.1193417,25,0.641927924,1.104292327,4.825265884,10.42526588,59,1,0.0332492,1,1,25,50,12.5,0,EMUYEX
71,2,3,1,21.893551,453061,3,0,71,2,3,1,5,10,100,10,12,60,7.2,2.8,2,0.9274425,35,0.847127259,1.188675157,4.644208942,10.64420894,65,1,0.0337827,1,2,12,60,7.2,10,EMUYEX
71,2,4,1,25.949454,504969,4,0,71,2,4,1,5,20,30,6,10,100,10,-4,1,1.2394484,45,0.565722034,0.531160284,5.600014369,8.400014369,25,1,0.0376204,1,1,20,30,6,20,EMUYEX
71,2,5,1,29.368263,589287,5,0,71,2,5,1,5,15,40,6,10,100,10,-4,1,1.0365229,55,0.741444277,0.925976251,2.613279814,7.413279814,49,1,0.0330952,1,1,15,40,6,10,EMUYEX
71,2,6,1,33.155117,683770,6,0,71,2,6,1,5,10,100,10,25,50,12.5,-2.5,2,1.1134296,65,0.714687567,0.706609132,1.542249727,5.142249727,36,1,0.0282216,1,2,25,50,12.5,0,EMUYEX
71,2,7,1,36.757957,748571,7,0,71,2,7,1,5,12,40,4.8,10,100,10,-5.2,1,0.9509072,75,0.565191741,0.55246311,7.666424827,10.46642483,26,1,0.0329536,1,1,12,40,4.8,10,EMUYEX
71,2,8,1,39.912773,813377,8,0,71,2,8,1,5,15,20,3,10,100,10,-7,1,0.8520144,85,0.671342152,0.938346748,3.364318563,8.164318563,50,1,0.0326815,1,1,15,20,3,30,EMUYEX
71,2,9,1,43.448074,903673,9,1,71,2,9,1,5,10,100,10,15,60,9,1,1,1.6364953,100,0.589286632,0.803157429,0.840864597,5.040864597,41,1,0.0333401,1,2,15,60,9,10,EMUYEX
71,2,10,1,47.553171,960677,10,0,71,2,10,1,5,10,100,10,15,50,7.5,2.5,2,0.8676765,110,0.654194451,0.934668936,4.310243925,9.110243925,50,1,0.0327761,1,2,15,50,7.5,0,EMUYEX
71,2,11,1,51.089988,1035058,11,1,71,2,11,1,5,10,100,10,25,80,20,-10,1,1.1629603,110,0.985367906,0.564422181,7.087468415,10.08746842,27,0,0.0315369,1,2,25,80,20,30,EMUYEX
71,2,12,1,54.879512,1111562,12,0,71,2,12,1,5,10,100,10,30,80,24,-14,2,0.6450718,120,0.561300522,1.051049981,4.33699592,9.73699592,57,1,0.0335776,1,2,30,80,24,30,EMUYEX
71,2,13,1,58.23228,1155664,13,0,71,2,13,1,5,25,50,12.5,10,100,10,2.5,1,1.8205566,130,0.848499869,1.006524564,4.594496721,9.794496721,53,1,0.0340464,1,1,25,50,12.5,0,EMUYEX
71,2,14,1,62.988163,1235763,14,1,71,2,14,1,5,12,90,10.8,10,100,10,0.8,2,1.4723915,142,0.793186103,0.732948531,3.367276917,7.167276917,37,1,0.0324876,1,1,12,90,10.8,40,EMUYEX
71,2,15,1,67.056523,1340167,15,1,71,2,15,1,5,10,100,10,15,80,12,-2,1,1.1080167,157,0.836442703,0.71633606,3.822925107,7.422925107,36,1,0.031811,1,2,15,80,12,30,EMUYEX
71,2,16,1,70.792778,1385452,16,1,71,2,16,1,5,25,60,15,10,100,10,5,2,0.7720151,182,0.757284423,0.88583092,3.287749339,7.887749339,46,1,0.0352587,1,1,25,60,15,10,EMUYEX
71,2,17,1,74.281421,1465257,17,1,71,2,17,1,5,10,100,10,25,70,17.5,-7.5,1,1.2753578,207,0.937657624,1.112084087,3.250063124,8.850063124,60,1,0.0339691,1,2,25,70,17.5,20,EMUYEX
71,2,18,1,78.685046,1547754,18,0,71,2,18,1,5,25,40,10,10,100,10,0,1,1.0077172,217,0.67407258,0.810771843,4.466464446,8.666464446,42,1,0.0345642,1,1,25,40,10,10,EMUYEX
71,2,19,1,82.255496,1598467,19,0,71,2,19,1,5,25,40,10,10,100,10,0,1,0.9169779,227,0.562597564,0.554252876,2.892339385,5.692339385,27,1,0.0358005,1,1,25,40,10,10,EMUYEX
71,2,20,1,85.35869,1679459,20,0,71,2,20,1,5,15,30,4.5,10,100,10,-5.5,1,0.5421518,237,0.944969723,0.876465185,3.972205809,8.372205809,46,1,0.0380525,1,1,15,30,4.5,20,EMUYEX
71,2,21,1,88.795825,1795268,21,0,71,2,21,1,5,10,100,10,20,60,12,-2,2,1.9530087,247,0.541225252,0.706899168,6.247623035,9.847623035,36,1,0.0337301,1,2,20,60,12,10,EMUYEX
71,2,22,1,93.065989,1866667,22,0,71,2,22,1,5,30,50,15,10,100,10,5,1,1.4987218,257,0.772670507,0.77874455,5.272628556,9.272628556,40,1,0.0327828,1,1,30,50,15,0,EMUYEX
71,2,23,1,97.188091,1944068,23,0,71,2,23,1,5,10,100,10,12,20,2.4,7.6,2,0.6327637,267,0.64918857,1.013090792,3.286180141,8.486180141,55,1,0.0377917,1,2,12,20,2.4,30,EMUYEX
71,2,24,1,100.574079,2029850,24,0,71,2,24,1,5,12,70,8.4,10,100,10,-1.6,1,0.8303725,277,0.569053019,1.17826019,1.033123388,7.033123388,65,1,0.036311,1,1,12,70,8.4,20,EMUYEX
71,2,25,1,104.245671,2079666,25,1,71,2,25,1,5,30,50,15,10,100,10,5,2,1.2710965,277,0.530700649,0.963197929,5.200191057,10.20019106,52,0,0.034072,1,1,30,50,15,0,EMUYEX
71,2,26,1,108.101337,2160957,26,0,71,2,26,1,5,10,100,10,20,40,8,2,2,0.8554212,287,0.962952865,0.734152272,3.547972333,7.347972333,38,1,0.0332093,1,2,20,40,8,10,EMUYEX
71,2,27,1,111.735728,2263552,27,0,71,2,27,1,5,10,100,10,12,80,9.6,0.4,2,1.0687102,297,0.900947023,0.73766385,1.580760667,5.380760667,38,1,0.0336849,1,2,12,80,9.6,30,EMUYEX
71,2,28,1,115.52392,2323540,28,0,71,2,28,1,5,10,100,10,30,90,27,-17,2,1.0485545,307,0.517618699,1.161651077,2.968556955,8.968556955,64,1,0.0330889,1,2,30,90,27,40,EMUYEX
71,2,29,1,119.344778,2400044,29,0,71,2,29,1,5,12,50,6,10,100,10,-4,1,1.2279949,317,0.964972301,0.912775632,1.459072689,6.059072689,49,1,0.036665,1,1,12,50,6,0,EMUYEX
71,2,30,1,123.551978,2475351,30,0,71,2,30,1,5,10,100,10,15,60,9,1,2,1.4204777,327,0.575704084,1.04161749,-0.289554402,5.110445598,56,1,0.0333907,1,2,15,60,9,10,EMUYEX
71,2,31,1,127.669156,2509839,31,0,71,2,31,1,5,30,20,6,10,100,10,-4,1,1.7674651,337,0.778760844,0.668225767,2.432532348,5.832532348,34,1,0.0323197,1,1,30,20,6,30,EMUYEX
71,2,32,1,131.95831,2596236,32,0,71,2,32,1,5,10,100,10,20,90,18,-8,2,1.5740984,347,0.914524301,0.778414333,1.800774453,5.800774453,40,1,0.0299486,1,2,20,90,18,40,EMUYEX
71,2,33,1,136.294712,2706940,33,0,71,2,33,1,5,20,50,10,10,100,10,0,1,1.0859876,357,0.62115242,0.996825789,0.997317494,5.997317494,54,1,0.0307588,1,1,20,50,10,0,EMUYEX
71,2,34,1,140.083488,2769650,34,0,71,2,34,1,5,10,100,10,25,60,15,-5,2,1.4331823,367,0.717200933,0.76975907,6.168415751,10.16841575,40,1,0.0363921,1,2,25,60,15,10,EMUYEX
71,2,35,1,144.087337,2847939,35,0,71,2,35,1,5,10,100,10,12,30,3.6,6.4,2,0.7490363,377,0.520157012,0.632868741,3.845859396,7.045859396,32,1,0.0306261,1,2,12,30,3.6,20,EMUYEX
71,2,36,1,147.075541,2928639,36,0,71,2,36,1,5,10,100,10,20,70,14,-4,2,0.7291879,387,0.550087346,0.654782222,3.679671632,7.079671632,33,1,0.0334183,1,2,20,70,14,20,EMUYEX
71,2,37,1,150.095467,2974834,37,0,71,2,37,1,5,10,100,10,20,50,10,0,2,0.740912,397,0.977242159,1.147533979,4.191662263,9.991662263,63,1,0.0361427,1,2,20,50,10,0,EMUYEX
71,2,38,1,154.051127,3059734,38,1,71,2,38,1,5,30,60,18,10,100,10,8,2,1.5375579,427,0.831248626,1.040254594,2.573277296,7.973277296,56,1,0.0333407,1,1,30,60,18,10,EMUYEX
71,2,39,1,158.536957,3157842,39,1,71,2,39,1,5,10,100,10,15,90,13.5,-3.5,1,1.2273624,427,0.696262667,0.888896466,6.379458816,10.97945882,47,0,0.0298037,1,2,15,90,13.5,40,EMUYEX
71,2,40,1,162.426204,3201329,40,1,71,2,40,1,5,10,100,10,25,90,22.5,-12.5,1,0.9863668,452,0.928903576,0.792904554,1.602030768,5.602030768,41,1,0.0350652,1,2,25,90,22.5,40,EMUYEX
71,2,41,1,166.213724,3284445,41,0,71,2,41,1,5,20,20,4,10,100,10,-6,1,0.7828704,462,0.857193399,1.002018027,0.592557459,5.792557459,54,1,0.0358768,1,1,20,20,4,30,EMUYEX
71,2,42,1,169.933112,3369635,42,0,71,2,42,1,5,25,20,5,10,100,10,-5,1,0.583565,472,0.646875552,0.933259726,5.425420486,10.22542049,50,1,0.0331934,1,1,25,20,5,30,EMUYEX
71,2,43,1,173.168262,3429944,43,0,71,2,43,1,5,20,80,16,10,100,10,6,1,1.572339,482,0.863459003,0.775634686,1.049788725,5.049788725,40,1,0.0332166,1,1,20,80,16,30,EMUYEX
71,2,44,1,177.456714,3512737,44,0,71,2,44,1,5,10,100,10,30,30,9,1,2,0.6755964,492,0.587087999,0.735851276,6.202420401,10.0024204,38,1,0.0331452,1,2,30,30,9,20,EMUYEX
71,2,45,1,180.545145,3608430,45,0,71,2,45,1,5,10,100,10,30,70,21,-11,2,1.8514032,502,0.576509055,0.574306738,6.615029418,9.615029418,29,1,0.0337199,1,2,30,70,21,20,EMUYEX
71,2,46,1,184.632381,3681941,46,0,71,2,46,1,5,10,100,10,20,50,10,0,2,0.6519011,512,0.539460384,1.088999861,2.979063156,8.579063156,58,1,0.040853,1,2,20,50,10,0,EMUYEX
71,2,47,1,187.98395,3762634,47,0,71,2,47,1,5,30,40,12,10,100,10,2,1,1.1723191,522,0.778790645,0.934913887,3.922638719,8.722638719,49,1,0.032628,1,1,30,40,12,10,EMUYEX
71,2,48,1,191.937029,3866725,48,0,71,2,48,1,5,20,50,10,10,100,10,0,1,1.2754959,532,0.880030944,0.933768159,3.967881174,8.767881174,48,1,0.0509202,1,1,20,50,10,0,EMUYEX
71,2,49,1,196.110541,3938719,49,0,71,2,49,1,5,25,30,7.5,10,100,10,-2.5,1,1.5020713,542,0.859706586,0.743056246,2.391311879,6.191311879,37,1,0.0371929,1,1,25,30,7.5,20,EMUYEX
71,2,50,1,200.281518,4021229,50,0,71,2,50,1,5,30,40,12,10,100,10,2,1,1.1793278,552,0.967435996,1.160173431,1.575369556,7.575369556,63,1,0.0339221,1,1,30,40,12,10,EMUYEX
72,3,1,1,12.677733,1882,1,1,72,3,1,1,5,20,50,10,10,100,10,0,2,2.3646926,20,0.789126741,0.545350397,3.292927958,6.092927958,26,1,0.0333818,1,1,20,50,10,0,EMUYEX
72,3,2,1,17.465897,312516,2,0,72,3,2,1,5,10,100,10,30,40,12,-2,2,0.776758,30,0.71918885,1.154706064,4.719669285,10.51966928,63,1,0.0329552,1,2,30,40,12,10,EMUYEX
72,3,3,1,21.20162,431325,3,0,72,3,3,1,5,10,100,10,12,30,3.6,6.4,2,0.4810294,40,0.762460389,0.691492009,3.313357895,6.913357895,36,1,0.0331945,1,2,12,30,3.6,20,EMUYEX
72,3,4,1,24.222053,479911,4,1,72,3,4,1,5,10,100,10,15,60,9,1,1,0.6922726,55,0.920140832,0.944525951,1.958758561,6.758758561,50,1,0.0361464,1,2,15,60,9,10,EMUYEX
72,3,5,1,27.85776,568418,5,0,72,3,5,1,5,20,50,10,10,100,10,0,1,0.7048674,65,0.991787121,1.121172748,3.551596176,9.351596176,61,1,0.033483,1,1,20,50,10,0,EMUYEX
72,3,6,1,31.763772,634720,6,1,72,3,6,1,5,20,70,14,10,100,10,4,2,0.6865926,65,0.683535528,1.188982769,4.027154076,10.02715408,65,0,0.0336316,1,1,20,70,14,20,EMUYEX
72,3,7,1,35.415778,680021,7,0,72,3,7,1,5,10,100,10,15,30,4.5,5.5,2,0.7229615,75,0.564798444,0.996855724,1.051321778,6.051321778,53,1,0.034136,1,2,15,30,4.5,20,EMUYEX
72,3,8,1,38.786045,767907,8,0,72,3,8,1,5,12,90,10.8,10,100,10,0.8,1,1.2805248,85,0.699262932,1.098242344,4.699907847,10.29990785,60,1,0.0336322,1,1,12,90,10.8,40,EMUYEX
72,3,9,1,42.956961,854018,9,0,72,3,9,1,5,10,100,10,30,70,21,-11,2,0.6776153,95,0.913352139,0.916443138,4.860549474,9.460549474,49,1,0.034587,1,2,30,70,21,20,EMUYEX
72,3,10,1,46.544537,906231,10,1,72,3,10,1,5,10,100,10,25,60,15,-5,1,0.8581828,120,0.756536578,0.740430688,1.831068631,5.631068631,38,1,0.0328757,1,2,25,60,15,10,EMUYEX
72,3,11,1,49.980946,994710,11,0,72,3,11,1,5,30,30,9,10,100,10,-1,1,0.7414155,130,0.779032561,0.839412981,4.861759415,9.061759415,44,1,0.0322613,1,1,30,30,9,20,EMUYEX
72,3,12,1,53.418376,1077518,12,1,72,3,12,1,5,10,100,10,15,60,9,1,1,1.3124285,130,0.932818609,0.878525388,4.451578273,8.851578273,47,0,0.0335612,1,2,15,60,9,10,EMUYEX
72,3,13,1,57.640623,1134519,13,0,72,3,13,1,5,10,100,10,15,80,12,-2,2,0.5299883,140,0.958485599,1.198828383,4.218009201,10.2180092,66,1,0.0344993,1,2,15,80,12,30,EMUYEX
72,3,14,1,61.409591,1220897,14,0,72,3,14,1,5,10,100,10,15,70,10.5,-0.5,2,1.2249365,150,0.803490586,0.9244482,2.027047681,6.827047681,49,1,0.0353185,1,2,15,70,10.5,20,EMUYEX
72,3,15,1,65.447468,1300115,15,0,72,3,15,1,5,25,50,12.5,10,100,10,2.5,1,1.3868018,160,0.735223314,0.835710828,6.378818754,10.57881875,43,1,0.0333683,1,1,25,50,12.5,0,EMUYEX
72,3,16,1,69.484948,1354705,16,0,72,3,16,1,5,15,50,7.5,10,100,10,-2.5,1,0.6453628,170,0.541992091,0.602244709,2.024420065,5.224420065,30,1,0.032994,1,1,15,50,7.5,0,EMUYEX
72,3,17,1,72.353365,1431809,17,0,72,3,17,1,5,30,60,18,10,100,10,8,1,0.7689133,180,0.752814661,1.036873643,4.993820287,10.19382029,56,1,0.0330135,1,1,30,60,18,10,EMUYEX
72,3,18,1,75.991756,1510417,18,0,72,3,18,1,5,10,100,10,30,20,6,4,2,0.9625329,190,0.701257955,0.874789087,6.369002622,10.76900262,46,1,0.0388169,1,2,30,20,6,30,EMUYEX
72,3,19,1,79.61012,1574604,19,0,72,3,19,1,5,25,40,10,10,100,10,0,1,1.112165,200,0.694623334,0.999906364,3.886980867,8.886980867,53,1,0.0315227,1,1,25,40,10,10,EMUYEX
72,3,20,1,83.481531,1661595,20,1,72,3,20,1,5,10,100,10,25,60,15,-5,1,1.4410164,200,0.681021236,0.513701391,7.669126947,10.26912695,24,0,0.0313283,1,2,25,60,15,10,EMUYEX
72,3,21,1,87.204679,1744400,21,1,72,3,21,1,5,20,20,4,10,100,10,-6,2,1.3179129,220,0.511585854,1.147607369,-0.31251688,5.48748312,62,1,0.0366994,1,1,20,20,4,30,EMUYEX
72,3,22,1,91.275439,1811600,22,1,72,3,22,1,5,30,50,15,10,100,10,5,2,0.9751361,220,0.916133018,0.93029383,6.033666781,10.83366678,49,0,0.0364052,1,1,30,50,15,0,EMUYEX
72,3,23,1,95.180091,1895599,23,1,72,3,23,1,5,15,40,6,10,100,10,-4,2,0.6141364,220,0.936211221,0.892772612,5.277704064,9.877704064,47,0,0.0290128,1,1,15,40,6,10,EMUYEX
72,3,24,1,98.699736,1993412,24,0,72,3,24,1,5,10,100,10,12,20,2.4,7.6,2,0.7827919,230,0.951957499,0.631827286,7.141866313,10.34186631,32,1,0.0341461,1,2,12,20,2.4,30,EMUYEX
72,3,25,1,102.152767,2036608,25,0,72,3,25,1,5,10,100,10,30,50,15,-5,2,0.601757,240,0.562754586,0.589038767,4.375517257,7.375517257,29,1,0.0323662,1,2,30,50,15,0,EMUYEX
72,3,26,1,105.006808,2102897,26,0,72,3,26,1,5,10,100,10,25,50,12.5,-2.5,2,0.8838166,250,0.891247179,1.081700082,3.068291818,8.668291818,58,1,0.0314837,1,2,25,50,12.5,0,EMUYEX
72,3,27,1,108.941775,2188115,27,0,72,3,27,1,5,25,30,7.5,10,100,10,-2.5,1,0.9007715,260,0.762189639,0.585941531,4.344087293,7.344087293,29,1,0.0340152,1,1,25,30,7.5,20,EMUYEX
72,3,28,1,112.28032,2241208,28,0,72,3,28,1,5,30,80,24,10,100,10,14,1,0.6742715,270,0.805696823,0.981900132,4.232213192,9.232213192,52,1,0.0326265,1,1,30,80,24,30,EMUYEX
72,3,29,1,115.815318,2320711,29,0,72,3,29,1,5,30,40,12,10,100,10,2,1,1.0271093,280,0.647431015,0.525150676,3.268065786,6.068065786,25,1,0.032442,1,1,30,40,12,10,EMUYEX
72,3,30,1,119.102277,2414605,30,0,72,3,30,1,5,10,100,10,20,80,16,-6,2,1.4921068,290,0.745520268,0.531961368,7.034500029,9.834500029,25,1,0.0342021,1,2,20,80,16,30,EMUYEX
72,3,31,1,122.939153,2480289,31,0,72,3,31,1,5,20,50,10,10,100,10,0,1,1.1350312,300,0.768623397,0.84223799,1.681721075,6.081721075,45,1,0.0346924,1,1,20,50,10,0,EMUYEX
72,3,32,1,126.777042,2548394,32,0,72,3,32,1,5,10,100,10,25,20,5,5,2,1.1051348,310,0.944262612,1.029446417,4.21794174,9.41794174,55,1,0.0406457,1,2,25,20,5,30,EMUYEX
72,3,33,1,130.949432,2653703,33,0,72,3,33,1,5,10,100,10,12,70,8.4,1.6,2,1.1730426,320,0.747842607,0.72422671,3.183268341,6.983268341,37,1,0.0331626,1,2,12,70,8.4,20,EMUYEX
72,3,34,1,134.668395,2700179,34,0,72,3,34,1,5,10,100,10,20,60,12,-2,2,0.7499555,330,0.83928863,0.795559447,1.200086574,5.200086574,42,1,0.0366466,1,2,20,60,12,10,EMUYEX
72,3,35,1,138.138889,2787783,35,0,72,3,35,1,5,10,100,10,25,50,12.5,-2.5,2,1.0715442,340,0.647092442,1.14887562,3.717411287,9.517411287,62,1,0.0340203,1,2,25,50,12.5,0,EMUYEX
72,3,36,1,142.09472,2863704,36,1,72,3,36,1,5,25,70,17.5,10,100,10,7.5,2,1.4597511,365,0.713893514,0.76945475,2.547944134,6.547944134,40,1,0.0327958,1,1,25,70,17.5,20,EMUYEX
72,3,37,1,146.132898,2917095,37,0,72,3,37,1,5,10,100,10,12,80,9.6,0.4,2,1.4695477,375,0.765540953,0.977741319,5.232800577,10.23280058,52,1,0.034778,1,2,12,80,9.6,30,EMUYEX
72,3,38,1,150.437943,2996875,38,1,72,3,38,1,5,10,100,10,25,90,22.5,-12.5,1,1.1004912,400,0.770312439,0.56785816,5.998968921,8.998968921,28,1,0.0326394,1,2,25,90,22.5,40,EMUYEX
72,3,39,1,153.95405,3063803,39,0,72,3,39,1,5,20,40,8,10,100,10,-2,1,1.9043591,410,0.516657096,0.897207752,1.439698564,6.039698564,48,1,0.0331596,1,1,20,40,8,10,EMUYEX
72,3,40,1,158.362052,3109393,40,1,72,3,40,1,5,20,50,10,10,100,10,0,2,0.7923237,410,0.667440116,0.511920173,6.688731763,9.288731763,24,0,0.0333017,1,1,20,50,10,0,EMUYEX
72,3,41,1,161.412483,3200584,41,0,72,3,41,1,5,10,100,10,20,30,6,4,2,0.5899292,420,0.678950536,0.92155703,4.967351824,9.767351824,49,1,0.0333632,1,2,20,30,6,20,EMUYEX
72,3,42,1,164.682325,3276206,42,1,72,3,42,1,5,20,90,18,10,100,10,8,2,0.7598569,440,0.941483884,0.553210173,3.911434889,6.711434889,27,1,0.0337259,1,1,20,90,18,40,EMUYEX
72,3,43,1,168.018966,3321192,43,0,72,3,43,1,5,12,60,7.2,10,100,10,-2.8,1,0.9833936,450,0.586544122,0.604909229,6.625589561,9.825589561,30,1,0.036303,1,1,12,60,7.2,10,EMUYEX
72,3,44,1,171.273974,3406699,44,0,72,3,44,1,5,25,40,10,10,100,10,0,1,1.5203512,460,0.840031704,0.555458525,4.66879854,7.46879854,27,1,0.0333023,1,1,25,40,10,10,EMUYEX
72,3,45,1,175.276506,3484391,45,0,72,3,45,1,5,12,50,6,10,100,10,-4,1,1.3658873,470,0.565827759,0.522040237,6.05592169,8.85592169,25,1,0.0363761,1,1,12,50,6,0,EMUYEX
72,3,46,1,178.814008,3550400,46,0,72,3,46,1,5,15,90,13.5,10,100,10,3.5,1,0.7960458,480,0.830817525,0.99864399,5.487859634,10.48785963,54,1,0.0303518,1,1,15,90,13.5,40,EMUYEX
72,3,47,1,182.518535,3620288,47,1,72,3,47,1,5,25,80,20,10,100,10,10,2,1.0038511,505,0.880935789,1.164082451,3.570474524,9.570474524,64,1,0.0336075,1,1,25,80,20,30,EMUYEX
72,3,48,1,186.641239,3711212,48,0,72,3,48,1,5,10,100,10,12,40,4.8,5.2,2,0.6730909,515,0.624265381,1.14750806,1.766235438,7.566235438,62,1,0.033568,1,2,12,40,4.8,10,EMUYEX
72,3,49,1,190.160718,3769068,49,0,72,3,49,1,5,10,100,10,30,90,27,-17,2,0.8413439,525,0.52077538,0.829286213,2.724818106,6.924818106,43,1,0.032763,1,2,30,90,27,40,EMUYEX
72,3,50,1,193.430505,3860592,50,0,72,3,50,1,5,10,100,10,15,20,3,7,2,0.8038068,535,0.559005823,0.808881352,2.676971361,6.876971361,42,1,0.0316886,1,2,15,20,3,30,EMUYEX
73,4,1,1,12.868069,1993,1,0,73,4,1,1,5,30,40,12,10,100,10,2,1,1.4925029,10,0.732702362,0.898377318,4.766323169,9.366323169,48,1,0.0386858,1,1,30,40,12,10,EMUYEX
73,4,2,1,17.089845,318328,2,0,73,4,2,1,5,25,40,10,10,100,10,0,1,1.206773,20,0.500876957,0.54522667,4.425852302,7.225852302,26,1,0.0341932,1,1,25,40,10,10,EMUYEX
73,4,3,1,20.426052,421821,3,1,73,4,3,1,5,15,90,13.5,10,100,10,3.5,2,0.8942097,35,0.897062818,1.003781714,0.844026235,6.044026235,54,1,0.032507,1,1,15,90,13.5,40,EMUYEX
73,4,4,1,24.313718,481807,4,1,73,4,4,1,5,15,80,12,10,100,10,2,2,0.6389936,50,0.997903114,0.817993168,1.221551813,5.421551813,42,1,0.0294934,1,1,15,80,12,30,EMUYEX
73,4,5,1,27.851291,545117,5,0,73,4,5,1,5,10,100,10,20,20,4,6,2,0.9249573,60,0.731577598,1.132192761,1.264335386,7.064335386,60,1,0.0437193,1,2,20,20,4,30,EMUYEX
73,4,6,1,31.720095,633310,6,0,73,4,6,1,5,25,30,7.5,10,100,10,-2.5,1,1.0485522,70,0.903412652,0.556525909,7.046729463,9.846729463,27,1,0.0342643,1,1,25,30,7.5,20,EMUYEX
73,4,7,1,35.309239,681330,7,1,73,4,7,1,5,25,90,22.5,10,100,10,12.5,2,0.5792243,95,0.891435011,0.5196624,2.588822429,5.188822429,25,1,0.0322769,1,1,25,90,22.5,40,EMUYEX
73,4,8,1,38.37626,768011,8,0,73,4,8,1,5,10,100,10,15,30,4.5,5.5,2,0.7441503,105,0.796084386,0.881766097,4.623703919,9.223703919,46,1,0.028857,1,2,15,30,4.5,20,EMUYEX
73,4,9,1,41.863184,861007,9,1,73,4,9,1,5,15,60,9,10,100,10,-1,2,0.7774062,120,0.63551112,0.956079777,1.949162868,6.749162868,51,1,0.0331739,1,1,15,60,9,10,EMUYEX
73,4,10,1,45.31956,915911,10,1,73,4,10,1,5,30,50,15,10,100,10,5,2,0.6648838,120,0.757664135,0.873699332,5.130432225,9.530432225,46,0,0.0368546,1,1,30,50,15,0,EMUYEX
73,4,11,1,48.686712,991817,11,0,73,4,11,1,5,10,100,10,15,50,7.5,2.5,2,0.5935202,130,0.965101476,0.91480589,2.195963846,6.795963846,48,1,0.0330511,1,2,15,50,7.5,0,EMUYEX
73,4,12,1,52.243736,1055727,12,0,73,4,12,1,5,25,20,5,10,100,10,-5,1,0.9247504,140,0.744192669,0.956202106,3.852778069,8.652778069,51,1,0.0338562,1,1,25,20,5,30,EMUYEX
73,4,13,1,55.949948,1106411,13,1,73,4,13,1,5,15,70,10.5,10,100,10,0.5,2,0.8425949,140,0.636833224,0.886674887,5.89361785,10.49361785,47,0,0.0329559,1,1,15,70,10.5,20,EMUYEX
73,4,14,1,59.400374,1188300,14,0,73,4,14,1,5,12,60,7.2,10,100,10,-2.8,1,0.7921023,150,0.954360349,0.521150244,7.904068864,10.70406886,25,1,0.0329905,1,1,12,60,7.2,10,EMUYEX
73,4,15,1,62.75515,1271417,15,0,73,4,15,1,5,10,100,10,12,30,3.6,6.4,2,0.6130258,160,0.895628885,0.55660268,6.781537859,9.581537859,27,1,0.034181,1,2,12,30,3.6,20,EMUYEX
73,4,16,1,65.892647,1312198,16,0,73,4,16,1,5,10,100,10,12,20,2.4,7.6,2,0.7478097,170,0.738372354,0.680576086,3.112951581,6.712951581,35,1,0.0328758,1,2,12,20,2.4,30,EMUYEX
73,4,17,1,69.144648,1392893,17,0,73,4,17,1,5,20,50,10,10,100,10,0,1,1.4318336,180,0.60182752,1.018678831,2.26036381,7.46036381,55,1,0.0334163,1,1,20,50,10,0,EMUYEX
73,4,18,1,73.282256,1469099,18,1,73,4,18,1,5,20,50,10,10,100,10,0,2,1.1421498,180,0.85540906,1.002075755,3.999033854,9.199033854,54,0,0.0326862,1,1,20,50,10,0,EMUYEX
73,4,19,1,77.369024,1527920,19,0,73,4,19,1,5,10,100,10,12,80,9.6,0.4,2,0.5351503,190,0.71677019,1.007011411,2.526301872,7.726301872,54,1,0.0330982,1,2,12,80,9.6,30,EMUYEX
73,4,20,1,80.72249,1610994,20,0,73,4,20,1,5,30,40,12,10,100,10,2,1,1.1179627,200,0.896524161,0.822461506,6.465236309,10.66523631,43,1,0.0355702,1,1,30,40,12,10,EMUYEX
73,4,21,1,84.644157,1693802,21,0,73,4,21,1,5,10,100,10,30,80,24,-14,2,0.699983,210,0.76386174,0.594296296,2.695671448,5.695671448,30,1,0.0336902,1,2,30,80,24,30,EMUYEX
73,4,22,1,87.781674,1738498,22,0,73,4,22,1,5,10,100,10,12,70,8.4,1.6,2,0.8193251,220,0.861059375,0.864277139,2.293504368,6.693504368,45,1,0.0344263,1,2,12,70,8.4,20,EMUYEX
73,4,23,1,91.402401,1815015,23,0,73,4,23,1,5,25,60,15,10,100,10,5,1,1.4379427,230,0.816984173,0.710629258,4.26002285,7.86002285,36,1,0.0335402,1,1,25,60,15,10,EMUYEX
73,4,24,1,95.455749,1880989,24,0,73,4,24,1,5,10,100,10,15,40,6,4,2,0.7366696,240,0.683094285,0.832822063,2.236995404,6.436995404,43,1,0.0330244,1,2,15,40,6,10,EMUYEX
73,4,25,1,98.791655,1932001,25,0,73,4,25,1,5,10,100,10,25,50,12.5,-2.5,2,0.7047641,250,0.588666528,0.593782994,5.631949596,8.631949596,29,1,0.0328474,1,2,25,50,12.5,0,EMUYEX
73,4,26,1,101.762158,2006693,26,0,73,4,26,1,5,10,100,10,20,70,14,-4,2,1.0296853,260,0.88195816,0.885356507,6.284618708,10.88461871,47,1,0.0327449,1,2,20,70,14,20,EMUYEX
73,4,27,1,105.650448,2111412,27,0,73,4,27,1,5,10,100,10,12,50,6,4,2,0.765875,270,0.85992176,0.987249747,3.944605684,8.944605684,53,1,0.0330228,1,2,12,50,6,0,EMUYEX
73,4,28,1,109.335783,2165385,28,1,73,4,28,1,5,10,100,10,20,50,10,0,1,0.8646126,290,0.59730525,0.528154516,2.557770314,5.357770314,26,1,0.033228,1,2,20,50,10,0,EMUYEX
73,4,29,1,112.405893,2253601,29,1,73,4,29,1,5,10,100,10,20,90,18,-8,1,0.6427227,310,0.518577488,0.991957664,1.857380246,6.857380246,53,1,0.0327,1,2,20,90,18,40,EMUYEX
73,4,30,1,115.643583,2331004,30,0,73,4,30,1,5,30,30,9,10,100,10,-1,1,0.7245816,320,0.839736256,0.983193657,5.389792569,10.38979257,53,1,0.033511,1,1,30,30,9,20,EMUYEX
73,4,31,1,119.279816,2387986,31,0,73,4,31,1,5,25,70,17.5,10,100,10,7.5,1,0.5445897,330,0.723359096,0.64319595,5.706831883,9.106831883,32,1,0.0316762,1,1,25,70,17.5,20,EMUYEX
73,4,32,1,122.266505,2471702,32,1,73,4,32,1,5,10,100,10,30,60,18,-8,1,1.5975527,360,0.750308107,0.888542702,1.221526847,5.821526847,47,1,0.0330253,1,2,30,60,18,10,EMUYEX
73,4,33,1,126.588597,2541898,33,0,73,4,33,1,5,20,30,6,10,100,10,-4,1,0.6754651,370,0.54190587,0.976749118,5.029452227,10.02945223,52,1,0.0327153,1,1,20,30,6,20,EMUYEX
73,4,34,1,129.857084,2590781,34,0,73,4,34,1,5,20,80,16,10,100,10,6,1,0.7193045,380,0.78067415,1.023282703,0.896048371,6.096048371,55,1,0.0330303,1,1,20,80,16,30,EMUYEX
73,4,35,1,133.461188,2674504,35,0,73,4,35,1,5,15,20,3,10,100,10,-7,1,0.6431691,390,0.781218664,0.505638465,3.610618789,6.210618789,24,1,0.0330571,1,1,15,20,3,30,EMUYEX
73,4,36,1,136.482231,2770186,36,0,73,4,36,1,5,10,100,10,15,60,9,1,2,0.7740589,400,0.816618214,0.963725022,2.368112603,7.368112603,51,1,0.0334646,1,2,15,60,9,10,EMUYEX
73,4,37,1,140.119438,2818474,37,0,73,4,37,1,5,10,100,10,25,50,12.5,-2.5,2,1.3366134,410,0.543976354,0.807952697,5.74449764,9.94449764,42,1,0.0502748,1,2,25,50,12.5,0,EMUYEX
73,4,38,1,143.903408,2896198,38,0,73,4,38,1,5,10,100,10,20,50,10,0,2,1.2566328,420,0.978269686,0.602402648,4.947819947,8.147819947,29,1,0.037995,1,2,20,50,10,0,EMUYEX
73,4,39,1,147.826436,2966088,39,0,73,4,39,1,5,12,90,10.8,10,100,10,0.8,1,1.4538301,430,0.660076919,0.530464913,5.61330103,8.41330103,25,1,0.0344305,1,1,12,90,10.8,40,EMUYEX
73,4,40,1,151.545824,3016473,40,1,73,4,40,1,5,30,90,27,10,100,10,17,2,1.1346018,460,0.980876713,0.954629701,3.728301312,8.528301312,51,1,0.0325282,1,1,30,90,27,40,EMUYEX
73,4,41,1,155.70145,3101985,41,1,73,4,41,1,5,10,100,10,20,60,12,-2,1,1.3387836,480,0.653755867,1.075081718,1.170247697,6.570247697,58,1,0.0344084,1,2,20,60,12,10,EMUYEX
73,4,42,1,159.853376,3185376,42,1,73,4,42,1,5,25,50,12.5,10,100,10,2.5,2,0.9946518,480,0.933100895,1.169910818,4.963803231,10.96380323,64,0,0.0342391,1,1,25,50,12.5,0,EMUYEX
73,4,43,1,164.044534,3238782,43,0,73,4,43,1,5,10,100,10,25,40,10,0,2,0.7954854,490,0.93768963,1.051427122,3.160376086,8.560376086,57,1,0.0297755,1,2,25,40,10,10,EMUYEX
73,4,44,1,167.912685,3304479,44,0,73,4,44,1,5,10,100,10,30,20,6,4,2,0.6155454,500,0.743676031,0.66215422,7.068499455,10.46849946,33,1,0.0331062,1,2,30,20,6,30,EMUYEX
73,4,45,1,171.018336,3384574,45,1,73,4,45,1,5,30,70,21,10,100,10,11,2,0.9658884,530,0.703014074,0.736306518,2.360068866,6.160068866,38,1,0.0328235,1,1,30,70,21,20,EMUYEX
73,4,46,1,174.501786,3423879,46,1,73,4,46,1,5,30,50,15,10,100,10,5,2,0.6022283,530,0.762388659,0.654836264,6.174959588,9.574959588,33,0,0.0329439,1,1,30,50,15,0,EMUYEX
73,4,47,1,177.608873,3510874,47,0,73,4,47,1,5,10,100,10,25,80,20,-10,2,0.6236333,540,0.871543005,0.636099211,4.729607821,7.929607821,32,1,0.0337111,1,2,25,80,20,30,EMUYEX
73,4,48,1,180.825157,3577183,48,0,73,4,48,1,5,10,100,10,20,40,8,2,2,0.5591433,550,0.697243423,0.796297044,6.034976384,10.03497638,41,1,0.0327716,1,2,20,40,8,10,EMUYEX
73,4,49,1,183.964646,3648567,49,0,73,4,49,1,5,10,100,10,25,60,15,-5,2,0.5395926,560,0.860778403,1.156149074,0.409692194,6.209692194,63,1,0.0377774,1,2,25,60,15,10,EMUYEX
73,4,50,1,187.61947,3730191,50,0,73,4,50,1,5,10,100,10,12,40,4.8,5.2,2,0.9164722,570,0.608240319,0.540942467,7.519259292,10.31925929,26,1,0.0328106,1,2,12,40,4.8,10,EMUYEX
18,1,1,1,53.105371,,1,0,,1,1,1,5,10,100,10,15,40,6,4,2,3.76871109,10,0.602103529,0.533355912,3.370936182,6.170936182,26,1,0.032696962,1,2,15,40,6,10,MCW016
18,1,2,1,59.105367,,2,0,,1,2,1,5,10,100,10,30,20,6,4,2,3.680537939,20,0.67562902,0.861774979,5.320375855,9.720375855,45,1,0.032768965,1,2,30,20,6,30,MCW016
18,1,3,1,65.405363,,3,1,,1,3,1,5,10,100,10,30,50,15,-5,1,1.876682043,50,0.950934815,0.690160436,2.527768589,6.127768589,35,1,0.032758951,1,2,30,50,15,0,MCW016
18,1,4,1,70.005358,,4,1,,1,4,1,5,25,60,15,10,100,10,5,2,3.268899918,75,0.87137655,0.524678781,3.393702874,6.193702874,25,1,0.032392979,1,1,25,60,15,10,MCW016
18,1,5,1,75.755356,,5,0,,1,5,1,5,10,100,10,12,40,4.8,5.2,2,2.6467309,85,0.68976207,0.859819232,2.671581713,7.071581713,45,1,0.032723904,1,2,12,40,4.8,10,MCW016
18,1,6,1,81.038686,,6,1,,1,6,1,5,25,80,20,10,100,10,10,2,1.923450947,110,0.938281808,0.593775962,5.857629543,8.857629543,29,1,0.032675982,1,1,25,80,20,30,MCW016
18,1,7,1,85.572016,,7,0,,1,7,1,5,20,20,4,10,100,10,-6,1,2.329699039,120,0.830439823,0.981614625,5.467987774,10.46798777,52,1,0.032625914,1,1,20,20,4,30,MCW016
18,1,8,1,90.772013,,8,1,,1,8,1,5,12,70,8.4,10,100,10,-1.6,2,1.929819107,132,0.613090734,0.843988881,3.313504678,7.713504678,44,1,0.032304049,1,1,12,70,8.4,20,MCW016
18,1,9,1,95.222009,,9,1,,1,9,1,5,10,100,10,30,40,12,-2,1,3.055747986,162,0.536963123,0.692469724,2.605217483,6.205217483,35,1,0.032795906,1,2,30,40,12,10,MCW016
18,1,10,1,100.588672,,10,1,,1,10,1,5,10,100,10,25,50,12.5,-2.5,1,2.13709712,162,0.828910422,0.660589177,7.476100856,10.87610086,33,0,0.032794952,1,2,25,50,12.5,0,MCW016
18,1,11,1,105.28867,,11,1,,1,11,1,5,10,100,10,12,60,7.2,2.8,1,2.261203051,174,0.719034071,0.932331071,1.821736749,6.621736749,49,1,0.032824993,1,2,12,60,7.2,10,MCW016
18,1,12,1,110.272001,,12,1,,1,12,1,5,30,80,24,10,100,10,14,2,1.981743097,204,0.853957804,1.138972249,3.775000106,9.575000106,62,1,0.032675028,1,1,30,80,24,30,MCW016
18,1,13,1,115.338664,,13,1,,1,13,1,5,20,80,16,10,100,10,6,2,2.231260061,224,0.956275345,1.19298574,-1.107797005,4.892202995,65,1,0.032358885,1,1,20,80,16,30,MCW016
18,1,14,1,120.805326,,14,0,,1,14,1,5,10,100,10,12,50,6,4,2,2.39683485,234,0.730309849,0.914984109,4.16098168,8.76098168,48,1,0.032875061,1,2,12,50,6,0,MCW016
18,1,15,1,125.905323,,15,1,,1,15,1,5,20,50,10,10,100,10,0,2,2.280305147,234,0.834999685,0.945758095,5.874555038,10.67455504,50,0,0.032459021,1,1,20,50,10,0,MCW016
18,1,16,1,131.055319,,16,1,,1,16,1,5,25,40,10,10,100,10,0,2,2.802603006,259,0.821780314,1.150786917,1.083841446,6.883841446,63,1,0.03231287,1,1,25,40,10,10,MCW016
18,1,17,1,136.921983,,17,1,,1,17,1,5,10,100,10,25,40,10,0,1,2.439562798,284,0.873342537,0.681071807,2.318635518,5.918635518,34,1,0.032465935,1,2,25,40,10,10,MCW016
18,1,18,1,141.988646,,18,1,,1,18,1,5,10,100,10,15,90,13.5,-3.5,1,3.621025085,284,0.69188518,0.516323627,8.180878356,10.78087836,25,0,0.032499075,1,2,15,90,13.5,40,MCW016
18,1,19,1,147.905308,,19,0,,1,19,1,5,25,20,5,10,100,10,-5,1,2.268388033,294,0.562323988,0.625582791,4.429595692,7.629595692,31,1,0.032461882,1,1,25,20,5,30,MCW016
18,1,20,1,152.438639,,20,1,,1,20,1,5,10,100,10,25,50,12.5,-2.5,1,2.375344992,294,0.648243933,0.675502632,5.022825743,8.422825743,34,0,0.032360077,1,2,25,50,12.5,0,MCW016
18,1,21,1,157.22197,,21,1,,1,21,1,5,10,100,10,15,70,10.5,-0.5,1,1.58389616,294,0.738680349,0.987534092,5.828664639,10.82866464,53,0,0.032331944,1,2,15,70,10.5,20,MCW016
18,1,22,1,161.621967,,22,1,,1,22,1,5,10,100,10,20,50,10,0,1,2.151863098,314,0.515194954,1.120847603,1.248488184,7.048488184,61,1,0.032907963,1,2,20,50,10,0,MCW016
18,1,23,1,166.505297,,23,0,,1,23,1,5,10,100,10,15,30,4.5,5.5,2,1.780445814,324,0.6836283,0.808538324,1.926316411,6.126316411,42,1,0.032341957,1,2,15,30,4.5,20,MCW016
18,1,24,1,170.87196,,24,1,,1,24,1,5,25,60,15,10,100,10,5,2,2.41394496,349,0.983003772,0.912348467,2.705590267,7.305590267,48,1,0.032715082,1,1,25,60,15,10,MCW016
18,1,25,1,176.271957,,25,0,,1,25,1,5,20,30,6,10,100,10,-4,1,2.114063978,359,0.800482262,1.173176758,2.295116227,8.295116227,64,1,0.032383919,1,1,20,30,6,20,MCW016
18,1,26,1,181.455287,,26,0,,1,26,1,5,10,100,10,12,80,9.6,0.4,2,2.114396811,369,0.572977944,0.796488197,6.386617943,10.38661794,41,1,0.032480955,1,2,12,80,9.6,30,MCW016
18,1,27,1,186.021951,,27,1,,1,27,1,5,30,50,15,10,100,10,5,2,1.963826895,399,0.967112287,0.995107729,0.837780281,5.837780281,53,1,0.032350063,1,1,30,50,15,0,MCW016
18,1,28,1,191.021948,,28,1,,1,28,1,5,30,90,27,10,100,10,17,2,2.220049858,429,0.911758386,0.77295636,4.851575216,8.851575216,40,1,0.032467127,1,1,30,90,27,40,MCW016
18,1,29,1,196.005277,,29,1,,1,29,1,5,10,100,10,15,80,12,-2,1,2.468625069,444,0.559428174,0.788725164,5.099594147,9.099594147,41,1,0.03251195,1,2,15,80,12,30,MCW016
18,1,30,1,200.905275,,30,1,,1,30,1,5,10,100,10,25,90,22.5,-12.5,1,1.536622047,469,0.911556729,0.664939083,3.000560548,6.400560548,33,1,0.032473087,1,2,25,90,22.5,40,MCW016
18,1,31,1,205.088604,,31,1,,1,31,1,5,30,70,21,10,100,10,11,2,2.213693142,469,0.964894471,0.788644707,6.584167508,10.58416751,41,0,0.03270793,1,1,30,70,21,20,MCW016
18,1,32,1,210.138602,,32,1,,1,32,1,5,10,100,10,20,40,8,2,1,2.242939949,469,0.534731309,0.993522525,2.706084012,7.706084012,53,0,0.03232193,1,2,20,40,8,10,MCW016
18,1,33,1,214.988598,,33,1,,1,33,1,5,15,50,7.5,10,100,10,-2.5,2,2.121194124,469,0.613958549,0.769253039,5.079728237,9.079728237,40,0,0.03246212,1,1,15,50,7.5,0,MCW016
18,1,34,1,219.571928,,34,1,,1,34,1,5,20,50,10,10,100,10,0,2,2.185756922,469,0.844689504,1.131591036,3.733959565,9.533959565,61,0,0.032897949,1,1,20,50,10,0,MCW016
18,1,35,1,224.805259,,35,0,,1,35,1,5,12,20,2.4,10,100,10,-7.6,1,1.576588154,479,0.620077801,0.657904676,5.935004566,9.335004566,33,1,0.032696962,1,1,12,20,2.4,30,MCW016
18,1,36,1,228.73859,,36,1,,1,36,1,5,10,100,10,20,90,18,-8,1,1.755136013,499,0.782697181,1.049689684,4.207429295,9.607429295,57,1,0.03282094,1,2,20,90,18,40,MCW016
18,1,37,1,233.42192,,37,0,,1,37,1,5,10,100,10,30,30,9,1,2,2.171664,509,0.643753394,1.082656752,3.78201108,9.38201108,58,1,0.032495022,1,2,30,30,9,20,MCW016
18,1,38,1,238.388583,,38,1,,1,38,1,5,25,70,17.5,10,100,10,7.5,2,2.013063908,534,0.675798022,1.056451527,3.083745659,8.483745659,57,1,0.032666922,1,1,25,70,17.5,20,MCW016
18,1,39,1,243.205246,,39,0,,1,39,1,5,12,30,3.6,10,100,10,-6.4,1,2.364681959,544,0.662983419,0.770959269,4.160395759,8.160395759,40,1,0.032751083,1,1,12,30,3.6,20,MCW016
18,1,40,1,248.088577,,40,0,,1,40,1,5,30,40,12,10,100,10,2,1,2.105201006,554,0.522339173,1.092142708,3.228738055,8.828738055,59,1,0.032620907,1,1,30,40,12,10,MCW016
18,1,41,1,252.888575,,41,1,,1,41,1,5,10,100,10,20,70,14,-4,1,1.601287842,574,0.904283332,0.72621998,2.397038017,6.197038017,37,1,0.032960892,1,2,20,70,14,20,MCW016
18,1,42,1,257.205237,,42,0,,1,42,1,5,10,100,10,15,20,3,7,2,1.804342031,584,0.615124607,0.829541777,3.436780182,7.636780182,43,1,0.032345057,1,2,15,20,3,30,MCW016
18,1,43,1,261.538568,,43,1,,1,43,1,5,25,50,12.5,10,100,10,2.5,2,1.811367989,584,0.658935138,0.546362434,5.615316698,8.415316698,26,0,0.032568932,1,1,25,50,12.5,0,MCW016
18,1,44,1,265.621898,,44,1,,1,44,1,5,10,100,10,12,90,10.8,-0.8,1,1.727820873,584,0.950294833,0.781690392,6.858536853,10.85853685,40,0,0.032825947,1,2,12,90,10.8,40,MCW016
18,1,45,1,270.155229,,45,1,,1,45,1,5,10,100,10,30,60,18,-8,1,1.738224983,584,0.964472917,1.017569205,5.401243762,10.60124376,55,0,0.032818079,1,2,30,60,18,10,MCW016
18,1,46,1,274.955226,,46,1,,1,46,1,5,20,50,10,10,100,10,0,2,2.162438869,584,0.925023651,1.095199193,4.393008529,9.993008529,59,0,0.032930136,1,1,20,50,10,0,MCW016
18,1,47,1,280.205223,,47,0,,1,47,1,5,15,60,9,10,100,10,-1,1,2.200630903,594,0.943073225,0.987314152,3.664494742,8.664494742,53,1,0.032830954,1,1,15,60,9,10,MCW016
18,1,48,1,285.421885,,48,0,,1,48,1,5,10,100,10,25,30,7.5,2.5,2,2.096093893,604,0.632484961,0.679816458,6.40443822,9.80443822,34,1,0.032608032,1,2,25,30,7.5,20,MCW016
18,1,49,1,289.905217,,49,1,,1,49,1,5,15,60,9,10,100,10,-1,2,2.440922976,619,0.764657679,0.898168233,2.193215262,6.793215262,47,1,0.032605886,1,1,15,60,9,10,MCW016
18,1,50,1,295.071878,,50,1,,1,50,1,5,20,60,12,10,100,10,2,2,1.842010975,619,0.527015554,1.018714409,4.996882342,10.19688234,55,0,0.03234601,1,1,20,60,12,10,MCW016
19,2,1,1,12.646214,,1,1,,2,1,1,5,12,60,7.2,10,100,10,-2.8,2,2.125115871,12,0.599031019,0.955810255,1.601091372,6.401091372,51,1,0.032912016,1,1,12,60,7.2,10,MCW016
19,2,2,1,17.429541,,2,0,,2,2,1,5,10,100,10,12,30,3.6,6.4,2,1.467942953,22,0.746870758,0.745756144,3.952666029,7.752666029,38,1,0.032605886,1,2,12,30,3.6,20,MCW016
19,2,3,1,21.462883,,3,1,,2,3,1,5,10,100,10,12,50,6,4,1,1.410485029,22,0.758437025,0.620266638,6.749384528,9.949384528,31,0,0.032716036,1,2,12,50,6,0,MCW016
19,2,4,1,25.32954,,4,0,,2,4,1,5,10,100,10,30,20,6,4,2,1.591452122,32,0.549333023,1.017522001,2.522505172,7.722505172,55,1,0.032907963,1,2,30,20,6,30,MCW016
19,2,5,1,29.579543,,5,1,,2,5,1,5,20,80,16,10,100,10,6,2,1.537885904,52,0.859616465,1.058181025,-0.063861576,5.336138424,57,1,0.032901049,1,1,20,80,16,30,MCW016
19,2,6,1,34.112863,,6,1,,2,6,1,5,10,100,10,20,50,10,0,1,1.636773109,52,0.735825982,0.837987541,4.962753537,9.162753537,44,0,0.032632113,1,2,20,50,10,0,MCW016
19,2,7,1,38.41286,,7,1,,2,7,1,5,10,100,10,20,50,10,0,1,2.008405209,52,0.666256191,0.882842031,5.727082626,10.32708263,47,0,0.032539129,1,2,20,50,10,0,MCW016
19,2,8,1,43.062856,,8,1,,2,8,1,5,10,100,10,20,60,12,-2,1,1.542508125,52,0.805578992,0.918416062,5.192424305,9.792424305,49,0,0.032605886,1,2,20,60,12,10,MCW016
19,2,9,1,47.412864,,9,1,,2,9,1,5,20,90,18,10,100,10,8,2,1.840183973,72,0.945757673,1.167274933,-0.550590201,5.449409799,64,1,0.032677889,1,1,20,90,18,40,MCW016
19,2,10,1,52.446195,,10,1,,2,10,1,5,25,60,15,10,100,10,5,2,2.230952024,97,0.829074745,0.728388813,1.60456844,5.40456844,37,1,0.032696009,1,1,25,60,15,10,MCW016
19,2,11,1,57.312847,,11,1,,2,11,1,5,10,100,10,25,50,12.5,-2.5,1,2.03253293,97,0.617286987,0.525121614,5.740841624,8.540841624,25,0,0.032894135,1,2,25,50,12.5,0,MCW016
19,2,12,1,61.579511,,12,0,,2,12,1,5,12,20,2.4,10,100,10,-7.6,1,1.405559778,107,0.934126445,0.736927338,3.006048081,6.806048081,38,1,0.032632828,1,1,12,20,2.4,30,MCW016
19,2,13,1,65.746181,,13,1,,2,13,1,5,10,100,10,15,80,12,-2,1,1.391242027,107,0.64983308,0.688564488,6.684258828,10.28425883,35,0,0.032855034,1,2,15,80,12,30,MCW016
19,2,14,1,69.562847,,14,0,,2,14,1,5,12,70,8.4,10,100,10,-1.6,1,1.326547861,117,0.809593036,0.90889579,2.215402483,6.815402483,48,1,0.032840967,1,1,12,70,8.4,20,MCW016
19,2,15,1,73.679504,,15,1,,2,15,1,5,30,80,24,10,100,10,14,2,3.033757925,147,0.814343409,1.147370362,0.893576975,6.693576975,62,1,0.032836914,1,1,30,80,24,30,MCW016
19,2,16,1,79.746166,,16,0,,2,16,1,5,15,30,4.5,10,100,10,-5.5,1,1.855283976,157,0.804478473,0.854739356,5.548176719,9.948176719,45,1,0.032893896,1,1,15,30,4.5,20,MCW016
19,2,17,1,84.34617,,17,1,,2,17,1,5,10,100,10,25,80,20,-10,1,1.926891088,182,0.689372835,0.566294685,6.257570836,9.257570836,28,1,0.032594919,1,2,25,80,20,30,MCW016
19,2,18,1,88.612833,,18,0,,2,18,1,5,25,30,7.5,10,100,10,-2.5,1,1.90416193,192,0.730050813,0.54114986,4.782112908,7.582112908,26,1,0.032620907,1,1,25,30,7.5,20,MCW016
19,2,19,1,92.862831,,19,1,,2,19,1,5,30,90,27,10,100,10,17,2,1.894304991,222,0.741049459,0.825426861,4.600880457,8.800880457,43,1,0.03250885,1,1,30,90,27,40,MCW016
19,2,20,1,97.396161,,20,1,,2,20,1,5,10,100,10,25,60,15,-5,1,1.585552931,247,0.79644159,1.006332164,0.32874352,5.52874352,54,1,0.032612085,1,2,25,60,15,10,MCW016
19,2,21,1,101.862825,,21,1,,2,21,1,5,25,40,10,10,100,10,0,2,2.686270952,247,0.504807941,0.608494097,4.391239134,7.591239134,30,0,0.032736063,1,1,25,40,10,10,MCW016
19,2,22,1,106.74616,,22,0,,2,22,1,5,10,100,10,15,20,3,7,2,1.802829981,257,0.91033949,0.709412642,4.20473999,7.80473999,36,1,0.032618046,1,2,15,20,3,30,MCW016
19,2,23,1,111.246152,,23,1,,2,23,1,5,30,40,12,10,100,10,2,2,2.40725112,257,0.976335041,0.980607676,4.880058372,9.880058372,52,0,0.03260088,1,1,30,40,12,10,MCW016
19,2,24,1,116.679487,,24,1,,2,24,1,5,20,50,10,10,100,10,0,2,1.897634029,277,0.956326417,0.620829367,3.372830493,6.572830493,31,1,0.032621861,1,1,20,50,10,0,MCW016
19,2,25,1,121.246145,,25,1,,2,25,1,5,15,60,9,10,100,10,-1,2,1.738826036,277,0.986641702,0.837122091,6.288200512,10.48820051,44,0,0.032635927,1,1,15,60,9,10,MCW016
19,2,26,1,125.896142,,26,1,,2,26,1,5,10,100,10,20,50,10,0,1,1.537357807,297,0.984859903,1.141584564,1.289208677,7.089208677,62,1,0.03262496,1,2,20,50,10,0,MCW016
19,2,27,1,130.646139,,27,1,,2,27,1,5,10,100,10,12,80,9.6,0.4,1,1.450690031,309,0.984765799,1.020178394,1.091106474,6.291106474,55,1,0.032626152,1,2,12,80,9.6,30,MCW016
19,2,28,1,135.196138,,28,0,,2,28,1,5,10,100,10,15,40,6,4,2,2.149177074,319,0.78267198,1.168116983,0.489552392,6.489552392,64,1,0.032634974,1,2,15,40,6,10,MCW016
19,2,29,1,140.396131,,29,1,,2,29,1,5,10,100,10,20,70,14,-4,1,1.525133133,339,0.553371935,1.118713157,1.112795216,6.712795216,61,1,0.032604933,1,2,20,70,14,20,MCW016
19,2,30,1,144.67947,,30,1,,2,30,1,5,20,40,8,10,100,10,-2,2,2.229576826,339,0.578080736,0.685032487,5.326114223,8.926114223,35,0,0.032596111,1,1,20,40,8,10,MCW016
19,2,31,1,149.246127,,31,1,,2,31,1,5,30,50,15,10,100,10,5,2,1.615191936,369,0.983411861,0.672381989,4.156156465,7.556156465,34,1,0.03262496,1,1,30,50,15,0,MCW016
19,2,32,1,153.612787,,32,0,,2,32,1,5,10,100,10,15,70,10.5,-0.5,2,2.712262869,379,0.984209282,0.669193223,4.186594752,7.586594752,34,1,0.032587051,1,2,15,70,10.5,20,MCW016
19,2,33,1,159.062788,,33,0,,2,33,1,5,25,40,10,10,100,10,0,1,2.518251896,389,0.655012132,1.093869629,5.263430586,10.86343059,59,1,0.032634974,1,1,25,40,10,10,MCW016
19,2,34,1,164.412784,,34,0,,2,34,1,5,10,100,10,25,20,5,5,2,2.016191006,399,0.824295441,0.560151907,2.531064835,5.531064835,27,1,0.032606125,1,2,25,20,5,30,MCW016
19,2,35,1,168.896108,,35,1,,2,35,1,5,10,100,10,25,50,12.5,-2.5,1,1.87680006,399,0.997117732,0.620678793,5.984552277,9.184552277,31,0,0.03286314,1,2,25,50,12.5,0,MCW016
19,2,36,1,173.462772,,36,1,,2,36,1,5,12,90,10.8,10,100,10,0.8,2,1.87433815,411,0.923556754,0.787022243,5.635739477,9.635739477,41,1,0.032520056,1,1,12,90,10.8,40,MCW016
19,2,37,1,178.129436,,37,1,,2,37,1,5,10,100,10,25,90,22.5,-12.5,1,1.631891012,436,0.780365222,0.848565027,5.434222672,9.834222672,44,1,0.032840014,1,2,25,90,22.5,40,MCW016
19,2,38,1,182.462778,,38,0,,2,38,1,5,10,100,10,30,30,9,1,2,2.050261021,446,0.766560579,0.557171693,7.528734178,10.32873418,27,1,0.032631874,1,2,30,30,9,20,MCW016
19,2,39,1,186.929436,,39,0,,2,39,1,5,20,20,4,10,100,10,-6,1,1.663620949,456,0.729617079,0.540285994,6.031800638,8.831800638,26,1,0.032582045,1,1,20,20,4,30,MCW016
19,2,40,1,190.929435,,40,1,,2,40,1,5,15,50,7.5,10,100,10,-2.5,2,1.735429049,471,0.844299004,0.793476894,3.677557959,7.677557959,41,1,0.032634974,1,1,15,50,7.5,0,MCW016
19,2,41,1,195.379431,,41,1,,2,41,1,5,30,40,12,10,100,10,2,2,2.065539122,471,0.502974287,0.535989492,6.878834639,9.678834639,26,0,0.032582045,1,1,30,40,12,10,MCW016
19,2,42,1,199.579428,,42,1,,2,42,1,5,10,100,10,25,50,12.5,-2.5,1,1.741986036,471,0.571689865,0.737319679,4.890205214,8.690205214,38,0,0.032662868,1,2,25,50,12.5,0,MCW016
19,2,43,1,203.712752,,43,1,,2,43,1,5,10,100,10,30,60,18,-8,1,1.204469204,471,0.685118915,0.620485231,6.265751494,9.465751494,31,0,0.032626867,1,2,30,60,18,10,MCW016
19,2,44,1,207.312757,,44,1,,2,44,1,5,25,70,17.5,10,100,10,7.5,2,1.836480141,496,0.666649326,1.077626934,0.464958658,5.864958658,58,1,0.032604933,1,1,25,70,17.5,20,MCW016
19,2,45,1,211.97942,,45,1,,2,45,1,5,30,50,15,10,100,10,5,2,1.873752117,496,0.859410846,0.766352369,4.648464953,8.648464953,40,0,0.032621145,1,1,30,50,15,0,MCW016
19,2,46,1,216.562749,,46,0,,2,46,1,5,10,100,10,15,90,13.5,-3.5,2,1.834467888,506,0.533896597,0.979506006,0.34278008,5.34278008,52,1,0.032603025,1,2,15,90,13.5,40,MCW016
19,2,47,1,220.996081,,47,1,,2,47,1,5,15,60,9,10,100,10,-1,2,1.969241142,506,0.86224426,0.923401053,4.589719091,9.389719091,49,0,0.032631874,1,1,15,60,9,10,MCW016
19,2,48,1,225.829417,,48,1,,2,48,1,5,10,100,10,30,70,21,-11,1,1.767485142,536,0.519285619,1.166476734,0.898567517,6.898567517,64,1,0.032624006,1,2,30,70,21,20,MCW016
19,2,49,1,230.379401,,49,0,,2,49,1,5,12,40,4.8,10,100,10,-5.2,1,2.129720926,546,0.634635817,0.527407194,3.219592356,6.019592356,25,1,0.032621861,1,1,12,40,4.8,10,MCW016
19,2,50,1,234.746071,,50,0,,2,50,1,5,10,100,10,20,30,6,4,2,1.59078002,556,0.94350226,1.13333714,4.625596064,10.42559606,62,1,0.032613993,1,2,20,30,6,20,MCW016
2,1,1,1,92.15443,,1,1,,1,1,1,5,10,100,10,15,70,10.5,-0.5,1,1.299627066,0,0.638599121,1.103583797,4.424988201,10.0249882,60,0,0.032300949,1,2,15,70,10.5,20,MCW019
2,1,2,1,96.287769,,2,1,,1,2,1,5,10,100,10,25,70,17.5,-7.5,1,1.182682991,25,0.912846265,0.749874755,3.043466202,6.843466202,39,1,0.032836199,1,2,25,70,17.5,20,MCW019
2,1,3,1,100.221123,,3,1,,1,3,1,5,10,100,10,25,80,20,-10,1,1.096897125,50,0.648929904,0.501425008,2.886961539,5.486961539,24,1,0.032537222,1,2,25,80,20,30,MCW019
2,1,4,1,103.571126,,4,0,,1,4,1,5,15,40,6,10,100,10,-4,1,1.891055107,60,0.725189244,0.553238351,3.701936329,6.501936329,27,1,0.032868147,1,1,15,40,6,10,MCW019
2,1,5,1,107.821131,,5,0,,1,5,1,5,10,100,10,25,40,10,0,2,1.240751982,70,0.7699782,1.094684621,2.453882383,8.053882383,59,1,0.032415867,1,2,25,40,10,10,MCW019
2,1,6,1,112.004486,,6,1,,1,6,1,5,10,100,10,25,50,12.5,-2.5,1,0.977590084,95,0.667593708,0.609291047,3.839624685,7.039624685,30,1,0.032638788,1,2,25,50,12.5,0,MCW019
2,1,7,1,115.337821,,7,1,,1,7,1,5,12,50,6,10,100,10,-4,2,1.82814908,107,0.699449377,1.14883567,1.23068891,7.03068891,62,1,0.032655001,1,1,12,50,6,0,MCW019
2,1,8,1,120.087833,,8,0,,1,8,1,5,10,100,10,30,30,9,1,2,1.054656029,117,0.785574171,0.548053932,6.728244981,9.528244981,26,1,0.032922029,1,2,30,30,9,20,MCW019
2,1,9,1,123.554505,,9,1,,1,9,1,5,10,100,10,20,50,10,0,1,0.908082962,137,0.822338663,0.811688122,1.889260446,6.089260446,42,1,0.032730818,1,2,20,50,10,0,MCW019
2,1,10,1,127.171187,,10,1,,1,10,1,5,15,60,9,10,100,10,-1,2,1.575414896,137,0.741878713,0.522673105,7.498536301,10.2985363,25,0,0.032201052,1,1,15,60,9,10,MCW019
2,1,11,1,131.087861,,11,1,,1,11,1,5,30,90,27,10,100,10,17,2,1.250281096,167,0.652254615,0.825916187,2.741860551,6.941860551,43,1,0.032781124,1,1,30,90,27,40,MCW019
2,1,12,1,134.90453,,12,1,,1,12,1,5,30,60,18,10,100,10,8,2,0.930328131,197,0.526900271,1.118268384,2.009008628,7.609008628,61,1,0.032533884,1,1,30,60,18,10,MCW019
2,1,13,1,138.571207,,13,0,,1,13,1,5,20,40,8,10,100,10,-2,1,1.535117865,207,0.513309772,0.612923302,4.176137874,7.376137874,30,1,0.031914949,1,1,20,40,8,10,MCW019
2,1,14,1,142.304557,,14,0,,1,14,1,5,15,30,4.5,10,100,10,-5.5,1,0.977670908,217,0.96974949,1.046452787,4.248741709,9.648741709,56,1,0.032371044,1,1,15,30,4.5,20,MCW019
2,1,15,1,146.371231,,15,1,,1,15,1,5,10,100,10,30,70,21,-11,1,1.199295998,247,0.647770438,1.107136112,0.755856215,6.355856215,60,1,0.032868862,1,2,30,70,21,20,MCW019
2,1,16,1,150.40457,,16,0,,1,16,1,5,20,20,4,10,100,10,-6,1,1.205950022,257,0.797147103,0.59982187,3.647246072,6.647246072,30,1,0.032612085,1,1,20,20,4,30,MCW019
2,1,17,1,154.087915,,17,1,,1,17,1,5,10,100,10,12,30,3.6,6.4,1,1.20230794,257,0.695671975,0.907315229,5.550808706,10.15080871,48,0,0.032581091,1,2,12,30,3.6,20,MCW019
2,1,18,1,157.971267,,18,1,,1,18,1,5,12,60,7.2,10,100,10,-2.8,2,0.959317923,257,0.893079589,0.84348543,4.603187188,9.003187188,44,0,0.032262087,1,1,12,60,7.2,10,MCW019
2,1,19,1,161.737937,,19,0,,1,19,1,5,10,100,10,30,40,12,-2,2,0.980416059,267,0.982295841,0.940394283,3.62586666,8.42586666,50,1,0.032478094,1,2,30,40,12,10,MCW019
2,1,20,1,165.737942,,20,1,,1,20,1,5,10,100,10,20,70,14,-4,1,1.172142982,267,0.948713149,0.781544173,5.517298108,9.517298108,40,0,0.032644987,1,2,20,70,14,20,MCW019
2,1,21,1,169.72129,,21,0,,1,21,1,5,10,100,10,20,90,18,-8,2,0.709039927,277,0.889892877,0.781430197,3.586479393,7.586479393,40,1,0.032779932,1,2,20,90,18,40,MCW019
2,1,22,1,173.171294,,22,1,,1,22,1,5,25,90,22.5,10,100,10,12.5,2,0.735794067,302,0.856342942,0.932092933,1.733896693,6.533896693,49,1,0.032625914,1,1,25,90,22.5,40,MCW019
2,1,23,1,176.771303,,23,0,,1,23,1,5,10,100,10,25,60,15,-5,2,0.658775091,312,0.795358572,0.824617894,1.787524766,5.987524766,43,1,0.032393932,1,2,25,60,15,10,MCW019
2,1,24,1,180.121311,,24,1,,1,24,1,5,20,50,10,10,100,10,0,2,0.922025919,332,0.742788592,0.836035448,2.247744208,6.447744208,44,1,0.032815933,1,1,20,50,10,0,MCW019
2,1,25,1,183.704653,,25,1,,1,25,1,5,25,50,12.5,10,100,10,2.5,2,0.741607904,357,0.61528799,1.15967053,0.347765414,6.147765414,63,1,0.032397032,1,1,25,50,12.5,0,MCW019
2,1,26,1,187.304668,,26,0,,1,26,1,5,10,100,10,20,30,6,4,2,1.197562933,367,0.721678548,1.113408404,-0.538146692,5.061853308,60,1,0.032859802,1,2,20,30,6,20,MCW019
2,1,27,1,191.421345,,27,0,,1,27,1,5,10,100,10,30,50,15,-5,2,0.665238857,377,0.579468989,0.925220679,5.35962507,10.15962507,49,1,0.03234911,1,2,30,50,15,0,MCW019
2,1,28,1,194.671346,,28,0,,1,28,1,5,10,100,10,25,60,15,-5,2,0.783214092,387,0.942193814,0.851097696,2.608538783,7.008538783,45,1,0.032501936,1,2,25,60,15,10,MCW019
2,1,29,1,198.338024,,29,0,,1,29,1,5,25,30,7.5,10,100,10,-2.5,1,1.420399904,397,0.806849659,0.654678114,5.32141157,8.72141157,33,1,0.032454014,1,1,25,30,7.5,20,MCW019
2,1,30,1,202.304712,,30,1,,1,30,1,5,10,100,10,15,50,7.5,2.5,1,1.365453959,412,0.915826914,0.665165902,3.279987624,6.679987624,33,1,0.03274107,1,2,15,50,7.5,0,MCW019
2,1,31,1,206.338055,,31,1,,1,31,1,5,10,100,10,15,60,9,1,1,0.992300987,427,0.515617973,1.147887301,1.297221236,7.097221236,62,1,0.0324049,1,2,15,60,9,10,MCW019
2,1,32,1,210.071385,,32,1,,1,32,1,5,25,50,12.5,10,100,10,2.5,2,1.218939066,452,0.916703993,0.549586066,2.502762625,5.302762625,27,1,0.032474041,1,1,25,50,12.5,0,MCW019
2,1,33,1,213.854734,,33,1,,1,33,1,5,20,50,10,10,100,10,0,2,1.107701063,472,0.934365441,1.147976223,1.272659904,7.072659904,62,1,0.032878876,1,1,20,50,10,0,MCW019
2,1,34,1,218.121412,,34,1,,1,34,1,5,10,100,10,20,50,10,0,1,1.009233952,492,0.526088778,0.568293344,3.273314943,6.273314943,28,1,0.032509089,1,2,20,50,10,0,MCW019
2,1,35,1,221.304747,,35,1,,1,35,1,5,30,40,12,10,100,10,2,2,1.181679964,492,0.542794269,1.108834779,3.472350534,9.072350534,60,0,0.032433033,1,1,30,40,12,10,MCW019
2,1,36,1,225.221429,,36,1,,1,36,1,5,10,100,10,15,90,13.5,-3.5,1,1.016895056,507,0.783510115,1.193528312,0.270578259,6.270578259,65,1,0.032252789,1,2,15,90,13.5,40,MCW019
2,1,37,1,229.304767,,37,1,,1,37,1,5,10,100,10,30,50,15,-5,1,0.92549181,507,0.620261309,1.153193945,5.031418399,10.8314184,63,0,0.03281498,1,2,30,50,15,0,MCW019
2,1,38,1,233.088116,,38,1,,1,38,1,5,30,80,24,10,100,10,14,2,1.054306984,537,0.546473237,0.593855804,1.865701222,4.865701222,29,1,0.032618999,1,1,30,80,24,30,MCW019
2,1,39,1,236.354791,,39,1,,1,39,1,5,10,100,10,15,80,12,-2,1,0.851794004,552,0.604228643,1.000382204,1.437635809,6.637635809,54,1,0.032382965,1,2,15,80,12,30,MCW019
2,1,40,1,239.904794,,40,0,,1,40,1,5,25,40,10,10,100,10,0,1,1.325374126,562,0.710696344,0.864667178,5.890443041,10.29044304,45,1,0.032552004,1,1,25,40,10,10,MCW019
2,1,41,1,243.871469,,41,0,,1,41,1,5,30,20,6,10,100,10,-4,1,0.823130131,572,0.757340951,0.767545452,1.260876976,5.260876976,40,1,0.032682896,1,1,30,20,6,30,MCW019
2,1,42,1,247.304817,,42,0,,1,42,1,5,20,80,16,10,100,10,6,1,0.7134161,582,0.693365626,0.664857247,5.025086348,8.425086348,33,1,0.032579184,1,1,20,80,16,30,MCW019
2,1,43,1,250.438155,,43,0,,1,43,1,5,25,20,5,10,100,10,-5,1,0.908146143,592,0.974706921,0.644804733,3.050053438,6.450053438,32,1,0.032629013,1,1,25,20,5,30,MCW019
2,1,44,1,254.038163,,44,1,,1,44,1,5,10,100,10,12,80,9.6,0.4,1,0.948532104,604,0.503831679,0.673660415,2.428709158,5.828709158,34,1,0.032664061,1,2,12,80,9.6,30,MCW019
2,1,45,1,257.254843,,45,0,,1,45,1,5,12,20,2.4,10,100,10,-7.6,1,1.027390003,614,0.805214806,0.603723924,1.811783238,5.011783238,30,1,0.032480955,1,1,12,20,2.4,30,MCW019
2,1,46,1,260.771524,,46,1,,1,46,1,5,10,100,10,12,90,10.8,-0.8,1,0.903143883,626,0.740472789,1.111027583,-0.482108234,5.117891766,60,1,0.032407045,1,2,12,90,10.8,40,MCW019
2,1,47,1,264.60486,,47,0,,1,47,1,5,20,60,12,10,100,10,2,1,0.893678188,636,0.565777912,0.762791231,6.101511039,10.10151104,39,1,0.032891989,1,1,20,60,12,10,MCW019
2,1,48,1,267.904876,,48,0,,1,48,1,5,15,20,3,10,100,10,-7,1,1.11393404,646,0.884602427,0.962137154,2.270012122,7.270012122,51,1,0.032833099,1,1,15,20,3,30,MCW019
2,1,49,1,271.954874,,49,1,,1,49,1,5,10,100,10,12,70,8.4,1.6,1,1.103345156,646,0.649083343,0.910242002,5.766489029,10.36648903,48,0,0.032591105,1,2,12,70,8.4,20,MCW019
2,1,50,1,275.704882,,50,0,,1,50,1,5,12,40,4.8,10,100,10,-5.2,1,1.31359601,656,0.603553572,0.672995223,5.426407302,8.826407302,34,1,0.032378912,1,1,12,40,4.8,10,MCW019
3,2,1,1,12.640248,,1,1,,2,1,1,5,10,100,10,25,50,12.5,-2.5,1,1.871842861,0,0.504434472,1.113472216,2.45764608,8.05764608,60,0,0.032602072,1,2,25,50,12.5,0,MCW019
3,2,2,1,17.206926,,2,1,,2,2,1,5,20,70,14,10,100,10,4,2,1.383697033,20,0.99601582,0.604620352,1.838070074,5.038070074,30,1,0.032332897,1,1,20,70,14,20,MCW019
3,2,3,1,21.273603,,3,1,,2,3,1,5,12,60,7.2,10,100,10,-2.8,2,2.140966177,32,0.69705188,0.710094031,3.580175834,7.180175834,36,1,0.032846928,1,1,12,60,7.2,10,MCW019
3,2,4,1,25.890293,,4,0,,2,4,1,5,15,30,4.5,10,100,10,-5.5,1,1.808012009,42,0.9683759,0.967276223,4.899701937,9.899701937,52,1,0.032886028,1,1,15,30,4.5,20,MCW019
3,2,5,1,30.723636,,5,1,,2,5,1,5,10,100,10,25,60,15,-5,1,1.542623043,42,0.80652892,0.863645497,5.05309149,9.45309149,45,0,0.032752991,1,2,25,60,15,10,MCW019
3,2,6,1,35.023646,,6,0,,2,6,1,5,30,20,6,10,100,10,-4,1,1.259021044,52,0.715516502,0.632687923,6.429037861,9.629037861,31,1,0.032588005,1,1,30,20,6,30,MCW019
3,2,7,1,38.70698,,7,1,,2,7,1,5,10,100,10,20,60,12,-2,1,1.335475922,52,0.709843511,1.151274214,3.831907883,9.631907883,63,0,0.032871962,1,2,20,60,12,10,MCW019
3,2,8,1,42.99033,,8,1,,2,8,1,5,15,70,10.5,10,100,10,0.5,2,1.048344135,67,0.682446975,0.610337434,5.817659824,9.017659824,30,1,0.032716036,1,1,15,70,10.5,20,MCW019
3,2,9,1,46.423672,,9,1,,2,9,1,5,10,100,10,20,90,18,-8,1,1.286725998,87,0.783500929,1.049792248,0.12936628,5.52936628,57,1,0.032435894,1,2,20,90,18,40,MCW019
3,2,10,1,50.640349,,10,1,,2,10,1,5,10,100,10,20,40,8,2,1,1.66230011,87,0.583305085,0.538287467,6.747370219,9.547370219,26,0,0.03263092,1,2,20,40,8,10,MCW019
3,2,11,1,54.523686,,11,1,,2,11,1,5,10,100,10,30,50,15,-5,1,1.270967007,87,0.563396407,0.518736108,5.452514415,8.052514415,25,0,0.032572985,1,2,30,50,15,0,MCW019
3,2,12,1,57.957028,,12,0,,2,12,1,5,12,50,6,10,100,10,-4,1,1.917425156,97,0.758449085,0.663668144,1.871091355,5.271091355,33,1,0.032869101,1,1,12,50,6,0,MCW019
3,2,13,1,62.373717,,13,0,,2,13,1,5,10,100,10,25,30,7.5,2.5,2,1.224648952,107,0.949949698,0.80130231,5.429459856,9.629459856,42,1,0.032598972,1,2,25,30,7.5,20,MCW019
3,2,14,1,66.440388,,14,1,,2,14,1,5,15,90,13.5,10,100,10,3.5,2,1.222254038,122,0.994167443,0.805936351,4.311614892,8.511614892,42,1,0.03262496,1,1,15,90,13.5,40,MCW019
3,2,15,1,70.540399,,15,1,,2,15,1,5,10,100,10,25,90,22.5,-12.5,1,1.222339869,147,0.641598973,0.708007654,2.840394491,6.440394491,36,1,0.03283596,1,2,25,90,22.5,40,MCW019
3,2,16,1,74.190413,,16,1,,2,16,1,5,12,40,4.8,10,100,10,-5.2,2,1.267995119,159,0.736954524,1.19294784,-0.973043831,5.026956169,65,1,0.033006907,1,1,12,40,4.8,10,MCW019
3,2,17,1,78.473756,,17,1,,2,17,1,5,12,70,8.4,10,100,10,-1.6,2,1.008913994,171,0.666218118,0.534235722,2.162878636,4.962878636,26,1,0.032602072,1,1,12,70,8.4,20,MCW019
3,2,18,1,81.773754,,18,1,,2,18,1,5,10,100,10,30,60,18,-8,1,1.620963097,201,0.554721568,1.084155484,-0.02426988,5.57573012,59,1,0.032694101,1,2,30,60,18,10,MCW019
3,2,19,1,86.123765,,19,0,,2,19,1,5,25,20,5,10,100,10,-5,1,0.974827051,211,0.642168815,0.55238865,6.6406705,9.4406705,27,1,0.032629967,1,1,25,20,5,30,MCW019
3,2,20,1,89.373779,,20,0,,2,20,1,5,10,100,10,12,30,3.6,6.4,2,1.680692196,221,0.68163296,1.066941722,5.458184579,10.85818458,58,1,0.032852888,1,2,12,30,3.6,20,MCW019
3,2,21,1,93.890462,,21,0,,2,21,1,5,10,100,10,15,80,12,-2,2,0.971993923,231,0.870311483,0.886999414,1.706427441,6.306427441,47,1,0.032757998,1,2,15,80,12,30,MCW019
3,2,22,1,97.707133,,22,1,,2,22,1,5,10,100,10,25,40,10,0,1,1.167411089,256,0.773126549,1.112148074,-0.174264059,5.425735941,60,1,0.032626867,1,2,25,40,10,10,MCW019
3,2,23,1,101.840477,,23,1,,2,23,1,5,10,100,10,20,80,16,-6,1,1.086625099,276,0.889750074,1.090345248,3.782498992,9.382498992,59,1,0.032528162,1,2,20,80,16,30,MCW019
3,2,24,1,105.990481,,24,1,,2,24,1,5,10,100,10,20,50,10,0,1,0.928333998,276,0.768593726,0.528997827,7.72399519,10.52399519,25,0,0.032861948,1,2,20,50,10,0,MCW019
3,2,25,1,109.290493,,25,0,,2,25,1,5,10,100,10,20,20,4,6,2,1.188277006,286,0.561153346,1.035675815,0.944355325,6.144355325,56,1,0.032533884,1,2,20,20,4,30,MCW019
3,2,26,1,113.157171,,26,1,,2,26,1,5,10,100,10,25,80,20,-10,1,0.902040005,311,0.899438947,1.112086667,2.101324654,7.701324654,60,1,0.032628059,1,2,25,80,20,30,MCW019
3,2,27,1,117.157182,,27,1,,2,27,1,5,12,90,10.8,10,100,10,0.8,2,1.533736944,323,0.894708267,0.989111385,2.906734635,7.906734635,53,1,0.032640934,1,1,12,90,10.8,40,MCW019
3,2,28,1,121.657193,,28,0,,2,28,1,5,10,100,10,20,30,6,4,2,0.953881025,333,0.554405735,0.687865438,4.945776215,8.545776215,35,1,0.032613039,1,2,20,30,6,20,MCW019
3,2,29,1,124.940539,,29,1,,2,29,1,5,30,40,12,10,100,10,2,2,0.902063131,333,0.624865987,1.164901219,3.607549081,9.607549081,63,0,0.032621145,1,1,30,40,12,10,MCW019
3,2,30,1,128.707212,,30,0,,2,30,1,5,15,20,3,10,100,10,-7,1,1.231651068,343,0.90699961,1.171935812,4.710265115,10.71026511,64,1,0.032776833,1,1,15,20,3,30,MCW019
3,2,31,1,133.107221,,31,1,,2,31,1,5,10,100,10,30,50,15,-5,1,0.743321896,343,0.519570357,0.948992888,5.020838556,9.820838556,50,0,0.032438993,1,2,30,50,15,0,MCW019
3,2,32,1,136.390569,,32,0,,2,32,1,5,12,20,2.4,10,100,10,-7.6,1,1.09702301,353,0.709613216,0.565594839,7.921058171,10.92105817,27,1,0.032752037,1,1,12,20,2.4,30,MCW019
3,2,33,1,139.840574,,33,0,,2,33,1,5,10,100,10,15,40,6,4,2,1.894603014,363,0.698820443,0.934025958,5.008108784,9.808108784,50,1,0.032637119,1,2,15,40,6,10,MCW019
3,2,34,1,144.457245,,34,1,,2,34,1,5,15,50,7.5,10,100,10,-2.5,2,1.197915792,378,0.811029674,0.889738527,1.469223031,6.069223031,47,1,0.032664061,1,1,15,50,7.5,0,MCW019
3,2,35,1,148.440588,,35,1,,2,35,1,5,10,100,10,25,60,15,-5,1,1.262130976,403,0.503159782,0.791990759,4.269732379,8.269732379,41,1,0.032920122,1,2,25,60,15,10,MCW019
3,2,36,1,152.073943,,36,1,,2,36,1,5,20,50,10,10,100,10,0,2,0.980728865,423,0.810555068,0.910664301,2.899378406,7.499378406,48,1,0.032647848,1,1,20,50,10,0,MCW019
3,2,37,1,155.857279,,37,1,,2,37,1,5,20,50,10,10,100,10,0,2,1.04547596,443,0.866638154,0.524800612,3.671488967,6.471488967,25,1,0.032528162,1,1,20,50,10,0,MCW019
3,2,38,1,159.373954,,38,1,,2,38,1,5,10,100,10,30,40,12,-2,1,1.244534016,473,0.899298256,0.790703935,1.931526885,5.931526885,41,1,0.032896042,1,2,30,40,12,10,MCW019
3,2,39,1,163.390629,,39,1,,2,39,1,5,25,50,12.5,10,100,10,2.5,2,1.100759029,473,0.593118508,0.871412603,4.310788485,8.710788485,46,0,0.032799006,1,1,25,50,12.5,0,MCW019
3,2,40,1,167.04064,,40,1,,2,40,1,5,30,70,21,10,100,10,11,2,0.826158047,503,0.687325873,1.111859285,0.23383043,5.83383043,60,1,0.032683849,1,1,30,70,21,20,MCW019
3,2,41,1,170.740643,,41,1,,2,41,1,5,15,60,9,10,100,10,-1,2,1.206300974,503,0.670873125,1.177628357,2.880877245,8.880877245,64,0,0.032876968,1,1,15,60,9,10,MCW019
3,2,42,1,174.873991,,42,1,,2,42,1,5,10,100,10,30,30,9,1,1,1.189059973,503,0.850899468,0.896660212,4.055124309,8.655124309,47,0,0.032876968,1,2,30,30,9,20,MCW019
3,2,43,1,178.890663,,43,1,,2,43,1,5,10,100,10,30,80,24,-14,1,1.183912039,533,0.877043009,0.818645514,4.008208559,8.208208559,43,1,0.032625914,1,2,30,80,24,30,MCW019
3,2,44,1,182.85734,,44,0,,2,44,1,5,12,80,9.6,10,100,10,-0.4,1,1.498036861,543,0.997283892,1.151373061,-0.463899942,5.336100058,63,1,0.032567978,1,1,12,80,9.6,30,MCW019
3,2,45,1,187.590685,,45,1,,2,45,1,5,15,60,9,10,100,10,-1,2,1.508147001,558,0.522050307,0.525190449,4.311025105,7.111025105,25,1,0.032516956,1,1,15,60,9,10,MCW019
3,2,46,1,191.224034,,46,1,,2,46,1,5,25,50,12.5,10,100,10,2.5,2,1.414873123,583,0.533360559,0.962995191,0.477213521,5.477213521,51,1,0.032898903,1,1,25,50,12.5,0,MCW019
3,2,47,1,195.224049,,47,1,,2,47,1,5,10,100,10,30,90,27,-17,1,1.071218967,583,0.616330139,1.130525391,4.965429371,10.76542937,61,0,0.032624006,1,2,30,90,27,40,MCW019
3,2,48,1,199.124054,,48,1,,2,48,1,5,25,70,17.5,10,100,10,7.5,2,0.898980141,583,0.908498849,1.050199206,5.137835853,10.53783585,57,0,0.032512188,1,1,25,70,17.5,20,MCW019
3,2,49,1,203.074064,,49,1,,2,49,1,5,20,50,10,10,100,10,0,2,1.27682519,603,0.734939591,0.810639705,3.492864199,7.692864199,42,1,0.03263092,1,1,20,50,10,0,MCW019
3,2,50,1,206.974071,,50,1,,2,50,1,5,10,100,10,25,40,10,0,1,1.252943039,603,0.936227513,0.593566888,7.380987996,10.380988,29,0,0.032472849,1,2,25,40,10,10,MCW019
7,3,1,1,12.529996,,1,1,,3,1,1,5,10,100,10,30,80,24,-14,1,1.920397997,0,0.859648574,1.112095413,5.20386039,10.80386039,60,0,0.032562971,1,2,30,80,24,30,MCW019
7,3,2,1,17.496669,,2,0,,3,2,1,5,10,100,10,30,30,9,1,2,1.535977125,10,0.868084002,0.868609505,1.313304083,5.713304083,46,1,0.032448053,1,2,30,30,9,20,MCW019
7,3,3,1,21.863347,,3,1,,3,3,1,5,20,80,16,10,100,10,6,2,1.389476061,10,0.618686272,1.097334771,4.471865973,10.07186597,59,0,0.032836914,1,1,20,80,16,30,MCW019
7,3,4,1,26.046691,,4,1,,3,4,1,5,10,100,10,20,50,10,0,1,1.406085968,30,0.830614961,1.190425332,1.594476307,7.594476307,65,1,0.032073021,1,2,20,50,10,0,MCW019
7,3,5,1,30.563368,,5,1,,3,5,1,5,25,60,15,10,100,10,5,2,1.649573803,30,0.502649837,0.733773397,5.838044904,9.638044904,38,0,0.032491922,1,1,25,60,15,10,MCW019
7,3,6,1,34.546717,,6,0,,3,6,1,5,20,30,6,10,100,10,-4,1,1.538222075,40,0.940316035,0.97200042,0.313796053,5.313796053,52,1,0.032832146,1,1,20,30,6,20,MCW019
7,3,7,1,39.080065,,7,1,,3,7,1,5,10,100,10,15,50,7.5,2.5,1,1.228755951,55,0.5296902,1.124806275,0.847478827,6.647478827,61,1,0.032426119,1,2,15,50,7.5,0,MCW019
7,3,8,1,43.046733,,8,0,,3,8,1,5,25,30,7.5,10,100,10,-2.5,1,1.558300018,65,0.791567547,0.50716212,7.500756624,10.10075662,24,1,0.032522917,1,1,25,30,7.5,20,MCW019
7,3,9,1,46.980081,,9,1,,3,9,1,5,10,100,10,12,70,8.4,1.6,1,1.185065985,77,0.595686943,0.91590739,0.909881578,5.509881578,48,1,0.032726049,1,2,12,70,8.4,20,MCW019
7,3,10,1,50.746751,,10,1,,3,10,1,5,20,60,12,10,100,10,2,2,1.049803972,77,0.927926428,0.915024728,5.608069994,10.20806999,48,0,0.032446861,1,1,20,60,12,10,MCW019
7,3,11,1,54.713436,,11,0,,3,11,1,5,20,20,4,10,100,10,-6,1,0.915799141,87,0.97478032,1.146911808,4.678991774,10.47899177,62,1,0.032644033,1,1,20,20,4,30,MCW019
7,3,12,1,58.830118,,12,1,,3,12,1,5,10,100,10,20,50,10,0,1,1.254719973,107,0.966228525,1.020956085,0.964312427,6.164312427,55,1,0.032984018,1,2,20,50,10,0,MCW019
7,3,13,1,63.163448,,13,1,,3,13,1,5,10,100,10,12,90,10.8,-0.8,1,1.489447832,119,0.698890964,0.587084183,6.182461606,9.182461606,29,1,0.032196045,1,2,12,90,10.8,40,MCW019
7,3,14,1,67.030131,,14,1,,3,14,1,5,25,70,17.5,10,100,10,7.5,2,0.962559938,144,0.900190636,1.021157144,2.501149238,7.701149238,55,1,0.032806158,1,1,25,70,17.5,20,MCW019
7,3,15,1,70.996804,,15,1,,3,15,1,5,30,40,12,10,100,10,2,2,1.324141026,144,0.668283283,0.899116304,4.041824625,8.641824625,47,0,0.032576084,1,1,30,40,12,10,MCW019
7,3,16,1,74.963486,,16,1,,3,16,1,5,30,90,27,10,100,10,17,2,0.953793049,174,0.848865707,0.682596035,6.644424534,10.24442453,34,1,0.032708883,1,1,30,90,27,40,MCW019
7,3,17,1,78.530162,,17,1,,3,17,1,5,12,80,9.6,10,100,10,-0.4,2,1.034969091,186,0.663634332,0.596563568,5.867382693,8.867382693,29,1,0.032960892,1,1,12,80,9.6,30,MCW019
7,3,18,1,81.896837,,18,1,,3,18,1,5,15,60,9,10,100,10,-1,2,2.060074806,186,0.759260554,0.638557805,6.0541486,9.2541486,32,0,0.032498837,1,1,15,60,9,10,MCW019
7,3,19,1,86.430181,,19,1,,3,19,1,5,10,100,10,20,50,10,0,1,1.742875099,186,0.574482987,0.601035407,5.369064152,8.569064152,30,0,0.032262087,1,2,20,50,10,0,MCW019
7,3,20,1,90.430192,,20,1,,3,20,1,5,15,60,9,10,100,10,-1,2,0.682513952,201,0.862886933,0.863937012,3.221079694,7.621079694,45,1,0.032804012,1,1,15,60,9,10,MCW019
7,3,21,1,93.913526,,21,1,,3,21,1,5,25,40,10,10,100,10,0,2,0.903581858,226,0.932884214,0.814368368,0.743750735,4.943750735,42,1,0.032217026,1,1,25,40,10,10,MCW019
7,3,22,1,97.646872,,22,1,,3,22,1,5,30,50,15,10,100,10,5,2,0.638199091,256,0.739291759,0.668058463,4.235959849,7.635959849,34,1,0.032759905,1,1,30,50,15,0,MCW019
7,3,23,1,100.780217,,23,1,,3,23,1,5,25,60,15,10,100,10,5,2,0.956930876,281,0.879650797,1.111614076,0.943752516,6.543752516,60,1,0.032587051,1,1,25,60,15,10,MCW019
7,3,24,1,104.796886,,24,1,,3,24,1,5,10,100,10,30,60,18,-8,1,1.772155046,281,0.62423767,1.138991108,3.310042883,9.110042883,62,0,0.032579899,1,2,30,60,18,10,MCW019
7,3,25,1,109.413565,,25,0,,3,25,1,5,10,100,10,25,50,12.5,-2.5,2,2.355412006,291,0.885188683,0.935631705,1.707181579,6.507181579,50,1,0.032566786,1,2,25,50,12.5,0,MCW019
7,3,26,1,114.680247,,26,1,,3,26,1,5,10,100,10,25,40,10,0,1,1.428411961,291,0.711818866,0.529525023,5.239936044,8.039936044,25,0,0.032382965,1,2,25,40,10,10,MCW019
7,3,27,1,118.413599,,27,1,,3,27,1,5,12,60,7.2,10,100,10,-2.8,2,1.1635499,291,0.605891446,1.018009145,5.145809493,10.34580949,55,0,0.03268981,1,1,12,60,7.2,10,MCW019
7,3,28,1,122.280264,,28,0,,3,28,1,5,30,20,6,10,100,10,-4,1,0.936903,301,0.919259078,1.115491329,1.267835876,6.867835876,60,1,0.032470226,1,1,30,20,6,30,MCW019
7,3,29,1,126.33028,,29,1,,3,29,1,5,15,90,13.5,10,100,10,3.5,2,0.986475945,316,0.515343476,1.088997276,4.516710009,10.11671001,59,1,0.03241396,1,1,15,90,13.5,40,MCW019
7,3,30,1,130.013616,,30,0,,3,30,1,5,30,40,12,10,100,10,2,1,0.94409585,326,0.672994866,0.529286915,3.589601145,6.389601145,25,1,0.032613039,1,1,30,40,12,10,MCW019
7,3,31,1,133.230298,,31,1,,3,31,1,5,20,90,18,10,100,10,8,2,0.71082902,346,0.973143697,0.662817079,4.876872487,8.276872487,33,1,0.032623053,1,1,20,90,18,40,MCW019
7,3,32,1,136.646976,,32,1,,3,32,1,5,10,100,10,25,80,20,-10,1,1.518235922,371,0.639233098,1.073888685,3.826127054,9.226127054,58,1,0.032577991,1,2,25,80,20,30,MCW019
7,3,33,1,140.96365,,33,0,,3,33,1,5,10,100,10,15,20,3,7,2,1.201268911,381,0.742724497,0.664717832,2.304952478,5.704952478,33,1,0.032599926,1,2,15,20,3,30,MCW019
7,3,34,1,144.646999,,34,1,,3,34,1,5,10,100,10,20,70,14,-4,1,0.861948013,401,0.594922913,0.719979564,4.388162431,7.988162431,37,1,0.032287121,1,2,20,70,14,20,MCW019
7,3,35,1,147.897001,,35,1,,3,35,1,5,10,100,10,20,40,8,2,1,1.252259016,401,0.964116438,0.880357351,6.287484413,10.88748441,46,0,0.032637835,1,2,20,40,8,10,MCW019
7,3,36,1,152.063671,,36,1,,3,36,1,5,10,100,10,12,40,4.8,5.2,1,1.773366928,401,0.995494549,0.885497732,3.269665289,7.869665289,47,0,0.032443047,1,2,12,40,4.8,10,MCW019
7,3,37,1,156.797018,,37,0,,3,37,1,5,30,70,21,10,100,10,11,1,1.092028141,411,0.676815559,0.57142713,7.127750618,10.12775062,28,1,0.032635927,1,1,30,70,21,20,MCW019
7,3,38,1,160.213691,,38,1,,3,38,1,5,25,50,12.5,10,100,10,2.5,2,1.555739164,436,0.500057443,0.896953301,0.990051026,5.590051026,47,1,0.032772064,1,1,25,50,12.5,0,MCW019
7,3,39,1,164.247038,,39,0,,3,39,1,5,25,20,5,10,100,10,-5,1,1.210084915,446,0.591179034,1.102074887,-0.482176042,5.117823958,60,1,0.032315969,1,1,25,20,5,30,MCW019
7,3,40,1,168.230378,,40,1,,3,40,1,5,10,100,10,15,80,12,-2,1,0.938826084,461,0.973031966,1.011699322,3.089616944,8.289616944,54,1,0.032557964,1,2,15,80,12,30,MCW019
7,3,41,1,172.2304,,41,1,,3,41,1,5,20,50,10,10,100,10,0,2,0.995155096,481,0.576471845,0.825824685,2.838997563,7.038997563,43,1,0.032580137,1,1,20,50,10,0,MCW019
7,3,42,1,175.713732,,42,0,,3,42,1,5,10,100,10,15,30,4.5,5.5,2,0.975275993,491,0.982879464,0.847337909,1.849486077,6.249486077,44,1,0.032670021,1,2,15,30,4.5,20,MCW019
7,3,43,1,179.59708,,43,1,,3,43,1,5,10,100,10,15,70,10.5,-0.5,1,1.39583683,491,0.822753719,1.055704876,5.171143508,10.57114351,57,0,0.032375097,1,2,15,70,10.5,20,MCW019
7,3,44,1,183.947092,,44,1,,3,44,1,5,10,100,10,12,50,6,4,1,1.722266197,491,0.85369873,0.785168772,6.012670378,10.01267038,41,0,0.032516003,1,2,12,50,6,0,MCW019
7,3,45,1,188.397096,,45,1,,3,45,1,5,10,100,10,25,90,22.5,-12.5,1,1.184082031,491,0.980967705,1.084543968,5.165781463,10.76578146,59,0,0.032563925,1,2,25,90,22.5,40,MCW019
7,3,46,1,192.730452,,46,0,,3,46,1,5,12,20,2.4,10,100,10,-7.6,1,1.194394112,501,0.598822131,1.002452111,-0.134763755,5.065236245,54,1,0.032652855,1,1,12,20,2.4,30,MCW019
7,3,47,1,196.613789,,47,0,,3,47,1,5,10,100,10,12,30,3.6,6.4,2,0.903367996,511,0.858935601,0.921417127,2.737960438,7.537960438,49,1,0.03234601,1,2,12,30,3.6,20,MCW019
7,3,48,1,200.380459,,48,1,,3,48,1,5,10,100,10,30,50,15,-5,1,0.952574015,541,0.564843843,0.558329833,4.237401823,7.037401823,27,1,0.032729864,1,2,30,50,15,0,MCW019
7,3,49,1,203.530466,,49,0,,3,49,1,5,10,100,10,25,50,12.5,-2.5,2,0.714828014,551,0.84229151,0.621726894,5.188528772,8.388528772,31,1,0.032743931,1,2,25,50,12.5,0,MCW019
7,3,50,1,206.797142,,50,1,,3,50,1,5,10,100,10,15,40,6,4,1,0.983963013,551,0.534591467,1.127618756,4.71259291,10.51259291,61,0,0.032823801,1,2,15,40,6,10,MCW019
17,4,1,1,12.528882,,1,0,,4,1,1,5,15,60,9,10,100,10,-1,1,3.533807039,10,0.95399687,0.716153408,7.031868277,10.63186828,37,1,0.032976151,1,1,15,60,9,10,MCW019
17,4,2,1,18.828864,,2,0,,4,2,1,5,10,100,10,25,30,7.5,2.5,2,1.32801199,20,0.753572224,1.175362609,2.13025115,8.13025115,64,1,0.032519102,1,2,25,30,7.5,20,MCW019
17,4,3,1,23.162192,,3,0,,4,3,1,5,10,100,10,20,30,6,4,2,1.106400967,30,0.711995406,0.639344666,4.168137743,7.368137743,32,1,0.032783031,1,2,20,30,6,20,MCW019
17,4,4,1,26.695517,,4,0,,4,4,1,5,25,40,10,10,100,10,0,1,2.276977062,40,0.794562396,1.164649968,4.028907792,10.02890779,63,1,0.032876968,1,1,25,40,10,10,MCW019
17,4,5,1,31.995512,,5,1,,4,5,1,5,30,40,12,10,100,10,2,2,1.008788109,40,0.705804101,0.884304859,4.746279776,9.346279776,47,0,0.032740831,1,1,30,40,12,10,MCW019
17,4,6,1,35.678843,,6,1,,4,6,1,5,10,100,10,20,50,10,0,1,1.017495871,60,0.989045258,1.15952382,0.152170326,5.952170326,63,1,0.032486916,1,2,20,50,10,0,MCW019
17,4,7,1,39.928833,,7,1,,4,7,1,5,15,90,13.5,10,100,10,3.5,2,0.984470844,60,0.71375059,0.569217831,7.694397262,10.69439726,28,0,0.032889128,1,1,15,90,13.5,40,MCW019
17,4,8,1,43.278837,,8,1,,4,8,1,5,25,90,22.5,10,100,10,12.5,2,0.89763093,85,0.949751417,1.055192914,1.992968512,7.392968512,57,1,0.03250885,1,1,25,90,22.5,40,MCW019
17,4,9,1,47.278824,,9,1,,4,9,1,5,20,50,10,10,100,10,0,2,0.801563025,105,0.511418259,1.080728734,-0.411087842,5.188912158,58,1,0.032451868,1,1,20,50,10,0,MCW019
17,4,10,1,50.745482,,10,1,,4,10,1,5,10,100,10,25,50,12.5,-2.5,1,1.527360916,105,0.678900066,1.032776263,3.845958544,9.045958544,55,0,0.032521963,1,2,25,50,12.5,0,MCW019
17,4,11,1,55.045477,,11,1,,4,11,1,5,30,40,12,10,100,10,2,2,0.747058153,135,0.822300629,0.681317724,2.007355768,5.607355768,34,1,0.032571077,1,1,30,40,12,10,MCW019
17,4,12,1,58.362138,,12,0,,4,12,1,5,10,100,10,30,80,24,-14,2,0.974956036,145,0.853220374,0.840389558,6.327590439,10.72759044,44,1,0.032539129,1,2,30,80,24,30,MCW019
17,4,13,1,62.112134,,13,0,,4,13,1,5,10,100,10,30,50,15,-5,2,1.876163006,155,0.876209535,0.822360637,3.840294775,8.040294775,43,1,0.032773972,1,2,30,50,15,0,MCW019
17,4,14,1,66.762125,,14,1,,4,14,1,5,12,60,7.2,10,100,10,-2.8,2,0.970470905,167,0.980631859,1.155235428,-0.301623248,5.498376752,63,1,0.032797098,1,1,12,60,7.2,10,MCW019
17,4,15,1,70.94545,,15,1,,4,15,1,5,10,100,10,25,50,12.5,-2.5,1,1.370975018,192,0.639780481,0.911562206,1.311998837,5.911998837,48,1,0.032612085,1,2,25,50,12.5,0,MCW019
17,4,16,1,74.945445,,16,0,,4,16,1,5,30,20,6,10,100,10,-4,1,1.434894085,202,0.684541007,1.089995666,1.504820519,7.104820519,59,1,0.032505989,1,1,30,20,6,30,MCW019
17,4,17,1,79.245438,,17,0,,4,17,1,5,15,30,4.5,10,100,10,-5.5,1,1.758979082,212,0.728074243,0.644287913,5.118343042,8.518343042,32,1,0.032485008,1,1,15,30,4.5,20,MCW019
17,4,18,1,83.44543,,18,1,,4,18,1,5,10,100,10,25,80,20,-10,1,1.831213236,237,0.796896539,0.949295289,4.3488709,9.1488709,50,1,0.032154083,1,2,25,80,20,30,MCW019
17,4,19,1,88.095423,,19,0,,4,19,1,5,10,100,10,12,30,3.6,6.4,2,1.572903156,247,0.511919683,0.749777321,2.871522691,6.671522691,39,1,0.032841921,1,2,12,30,3.6,20,MCW019
17,4,20,1,92.012094,,20,1,,4,20,1,5,10,100,10,20,70,14,-4,1,1.399188042,267,0.562926031,0.906718578,1.457689869,6.057689869,48,1,0.032836914,1,2,20,70,14,20,MCW019
17,4,21,1,95.962076,,21,1,,4,21,1,5,25,70,17.5,10,100,10,7.5,2,0.894222021,292,0.629526587,0.863110757,1.115953331,5.515953331,45,1,0.032789946,1,1,25,70,17.5,20,MCW019
17,4,22,1,99.412069,,22,1,,4,22,1,5,25,60,15,10,100,10,5,2,0.876410007,292,0.683059703,0.969256615,5.375536025,10.37553602,52,0,0.032769203,1,1,25,60,15,10,MCW019
17,4,23,1,103.028741,,23,0,,4,23,1,5,10,100,10,12,40,4.8,5.2,2,1.29163599,302,0.924679475,0.91253139,3.901371378,8.501371378,48,1,0.032888889,1,2,12,40,4.8,10,MCW019
17,4,24,1,107.228723,,24,1,,4,24,1,5,10,100,10,25,50,12.5,-2.5,1,1.380590916,302,0.81142578,0.924838425,4.466980698,9.266980698,49,0,0.032598019,1,2,25,50,12.5,0,MCW019
17,4,25,1,111.428718,,25,1,,4,25,1,5,20,90,18,10,100,10,8,2,1.075566053,322,0.925713173,1.117723426,2.888644294,8.488644294,61,1,0.032625914,1,1,20,90,18,40,MCW019
17,4,26,1,115.628707,,26,1,,4,26,1,5,30,90,27,10,100,10,17,2,1.307698011,352,0.895112627,0.534805955,5.754500898,8.554500898,26,1,0.032477856,1,1,30,90,27,40,MCW019
17,4,27,1,119.445368,,27,1,,4,27,1,5,10,100,10,20,60,12,-2,1,1.119056225,352,0.503826866,1.110732408,4.805465632,10.40546563,60,0,0.032577991,1,2,20,60,12,10,MCW019
17,4,28,1,123.262027,,28,1,,4,28,1,5,15,20,3,10,100,10,-7,2,1.472567081,352,0.552624274,0.570435121,7.424075972,10.42407597,28,0,0.032552004,1,1,15,20,3,30,MCW019
17,4,29,1,126.945357,,29,0,,4,29,1,5,10,100,10,25,20,5,5,2,1.483743191,362,0.724516558,1.09588335,1.985056912,7.585056912,59,1,0.03252387,1,2,25,20,5,30,MCW019
17,4,30,1,131.32868,,30,1,,4,30,1,5,15,60,9,10,100,10,-1,2,0.766792059,362,0.665270011,1.008059421,4.877112271,10.07711227,54,0,0.032497883,1,1,15,60,9,10,MCW019
17,4,31,1,134.862006,,31,1,,4,31,1,5,10,100,10,25,60,15,-5,1,1.0065732,362,0.943685479,1.07120455,3.899736688,9.299736688,58,0,0.032763958,1,2,25,60,15,10,MCW019
17,4,32,1,138.962001,,32,1,,4,32,1,5,10,100,10,20,50,10,0,1,1.049987078,382,0.988566313,0.645382366,4.311440881,7.711440881,32,1,0.032440901,1,2,20,50,10,0,MCW019
17,4,33,1,142.728659,,33,1,,4,33,1,5,10,100,10,30,50,15,-5,1,1.012140036,382,0.515178541,0.577430741,6.274621164,9.274621164,28,0,0.032505035,1,2,30,50,15,0,MCW019
17,4,34,1,145.911995,,34,1,,4,34,1,5,15,40,6,10,100,10,-4,2,1.151546001,382,0.907856574,0.723138,5.90883208,9.70883208,36,0,0.022514105,1,1,15,40,6,10,MCW019
17,4,35,1,149.778645,,35,1,,4,35,1,5,10,100,10,12,90,10.8,-0.8,1,2.064043999,394,0.676583452,0.694663177,2.511878302,6.111878302,35,1,0.032509089,1,2,12,90,10.8,40,MCW019
17,4,36,1,154.295303,,36,1,,4,36,1,5,15,50,7.5,10,100,10,-2.5,2,1.752863884,409,0.689040984,0.971932373,2.016411925,7.016411925,52,1,0.032537937,1,1,15,50,7.5,0,MCW019
17,4,37,1,158.795296,,37,1,,4,37,1,5,10,100,10,12,70,8.4,1.6,1,2.301553965,421,0.73606092,0.542571236,2.445367368,5.245367368,26,1,0.032685995,1,2,12,70,8.4,20,MCW019
17,4,38,1,163.461953,,38,0,,4,38,1,5,10,100,10,30,30,9,1,2,1.314374924,431,0.518865295,0.746451641,4.673299173,8.473299173,38,1,0.03260994,1,2,30,30,9,20,MCW019
17,4,39,1,167.128612,,39,1,,4,39,1,5,10,100,10,12,80,9.6,0.4,1,1.223547935,443,0.679427111,0.531458163,4.692125678,7.492125678,25,1,0.032622099,1,2,12,80,9.6,30,MCW019
17,4,40,1,170.628605,,40,1,,4,40,1,5,15,70,10.5,10,100,10,0.5,2,0.876193047,458,0.61193221,1.091992383,0.116390928,5.716390928,59,1,0.03267312,1,1,15,70,10.5,20,MCW019
17,4,41,1,174.278598,,41,0,,4,41,1,5,10,100,10,20,20,4,6,2,1.273696899,468,0.64313289,1.154992078,2.175823557,7.975823557,62,1,0.032490015,1,2,20,20,4,30,MCW019
17,4,42,1,178.428594,,42,1,,4,42,1,5,10,100,10,12,50,6,4,1,1.571545124,480,0.953727217,0.585524261,4.232653301,7.232653301,29,1,0.032732964,1,2,12,50,6,0,MCW019
17,4,43,1,182.628582,,43,1,,4,43,1,5,20,40,8,10,100,10,-2,2,1.247663021,500,0.585069605,0.734295147,1.849801106,5.649801106,38,1,0.032614946,1,1,20,40,8,10,MCW019
17,4,44,1,186.295241,,44,1,,4,44,1,5,30,60,18,10,100,10,8,2,1.252836943,530,0.609967837,0.843061874,3.381641845,7.781641845,44,1,0.032752037,1,1,30,60,18,10,MCW019
17,4,45,1,190.078567,,45,1,,4,45,1,5,20,50,10,10,100,10,0,2,1.03808403,530,0.523391098,1.165810324,4.223623161,10.22362316,63,0,0.032561064,1,1,20,50,10,0,MCW019
17,4,46,1,193.878559,,46,1,,4,46,1,5,30,70,21,10,100,10,11,2,1.221757889,530,0.813225937,1.027491756,4.953980408,10.15398041,55,0,0.032524109,1,1,30,70,21,20,MCW019
17,4,47,1,198.011885,,47,0,,4,47,1,5,10,100,10,12,20,2.4,7.6,2,1.064831972,540,0.512434516,0.709056215,3.06108131,6.66108131,36,1,0.032644033,1,2,12,20,2.4,30,MCW019
17,4,48,1,201.378545,,48,1,,4,48,1,5,20,80,16,10,100,10,6,2,0.993818045,560,0.572652038,0.690563052,3.5599536,7.1599536,35,1,0.032753229,1,1,20,80,16,30,MCW019
17,4,49,1,204.71187,,49,1,,4,49,1,5,15,80,12,10,100,10,2,2,0.988578081,575,0.709210286,0.65196184,1.81781067,5.21781067,33,1,0.032647848,1,1,15,80,12,30,MCW019
17,4,50,1,208.145198,,50,0,,4,50,1,5,10,100,10,25,40,10,0,2,2.97514081,585,0.704786559,0.904570586,5.571692356,10.17169236,48,1,0.032444954,1,2,25,40,10,10,MCW019
5,2,1,1,11.712611,91099184,1,1,5,2,1,1,5,10,100,10,30,70,21,-11,1,3.0838893,30,0.721556931,0.916707247,4.261371237,8.861371237,49,1,0.0332492,1,2,30,70,21,20,PAV026
5,2,2,1,17.562582,91105034,2,0,5,2,2,1,5,20,50,10,10,100,10,0,1,4.4043861,40,0.942631919,0.612536658,5.657173015,8.857173015,30,1,0.0332689,1,1,20,50,10,0,PAV026
5,2,3,1,24.595973,91112064,3,0,5,2,3,1,5,20,30,6,10,100,10,-4,1,2.3481486,50,0.518117565,0.610219592,4.960577909,8.160577909,30,1,0.0333158,1,1,20,30,6,20,PAV026
5,2,4,1,29.16271,91116634,4,0,5,2,4,1,5,20,90,18,10,100,10,8,1,1.8249985,60,0.898955963,1.097019164,1.330626001,6.930626001,59,1,0.0340147,1,1,20,90,18,40,PAV026
5,2,5,1,34.096073,91121564,5,0,5,2,5,1,5,10,100,10,15,40,6,4,2,4.480684,70,0.875446108,1.054987321,3.199570638,8.599570638,57,1,0.033405,1,2,15,40,6,10,PAV026
5,2,6,1,41.596061,91129064,6,1,5,2,6,1,5,25,60,15,10,100,10,5,2,3.4576309,95,0.608608133,0.718923883,2.258994992,5.858994992,37,1,0.0330046,1,1,25,60,15,10,PAV026
5,2,7,1,47.462859,91134933,7,0,5,2,7,1,5,25,20,5,10,100,10,-5,1,1.9363562,105,0.910065871,0.802218311,4.749048063,8.949048063,42,1,0.0332136,1,1,25,20,5,30,PAV026
5,2,8,1,52.196254,91139664,8,0,5,2,8,1,5,10,100,10,20,20,4,6,2,2.5648379,115,0.951405095,0.675058557,5.13130013,8.53130013,34,1,0.0331091,1,2,20,20,4,30,PAV026
5,2,9,1,57.479628,91144953,9,1,5,2,9,1,5,10,100,10,30,90,27,-17,1,1.427024,145,0.882632868,1.162819796,0.992321297,6.992321297,63,1,0.033289,1,2,30,90,27,40,PAV026
5,2,10,1,62.046212,91149513,10,0,5,2,10,1,5,25,30,7.5,10,100,10,-2.5,1,2.288619,155,0.768645553,0.828897327,4.807194067,9.007194067,43,1,0.0331614,1,1,25,30,7.5,20,PAV026
5,2,11,1,67.012986,91154483,11,1,5,2,11,1,5,25,50,12.5,10,100,10,2.5,2,3.5250809,155,0.612413915,0.644058095,7.071714102,10.4717141,32,0,0.0333532,1,1,25,50,12.5,0,PAV026
5,2,12,1,72.87966,91160352,12,0,5,2,12,1,5,10,100,10,30,20,6,4,2,2.2614702,165,0.882316204,0.685995007,7.004863116,10.60486312,35,1,0.0332287,1,2,30,20,6,30,PAV026
5,2,13,1,77.813027,91165283,13,0,5,2,13,1,5,10,100,10,12,50,6,4,2,2.6896055,175,0.560762123,0.749500542,3.779256745,7.579256745,38,1,0.033234,1,2,12,50,6,0,PAV026
5,2,14,1,82.879696,91170353,14,0,5,2,14,1,5,25,40,10,10,100,10,0,1,2.0597623,185,0.956953427,0.638887712,6.983575805,10.1835758,32,1,0.0331609,1,1,25,40,10,10,PAV026
5,2,15,1,87.61274,91175083,15,0,5,2,15,1,5,10,100,10,12,60,7.2,2.8,2,3.5650433,195,0.649714919,0.909286759,4.344145921,8.944145921,48,1,0.0332246,1,2,12,60,7.2,10,PAV026
5,2,16,1,93.829774,91181303,16,1,5,2,16,1,5,10,100,10,12,70,8.4,1.6,1,1.9113345,207,0.976201022,0.889681924,2.984288106,7.584288106,47,1,0.0331893,1,2,12,70,8.4,20,PAV026
5,2,17,1,98.696512,91186163,17,0,5,2,17,1,5,25,40,10,10,100,10,0,1,2.7269939,217,0.967125109,0.918525301,0.438065345,5.038065345,49,1,0.0332296,1,1,25,40,10,10,PAV026
5,2,18,1,104.413254,91191882,18,1,5,2,18,1,5,12,80,9.6,10,100,10,-0.4,2,1.5972423,229,0.633895538,0.548059805,6.722477371,9.522477371,26,1,0.0332243,1,1,12,80,9.6,30,PAV026
5,2,19,1,108.279896,91195752,19,1,5,2,19,1,5,30,80,24,10,100,10,14,2,1.4501267,259,0.740217235,1.060639439,-0.452769121,4.947230879,57,1,0.0332666,1,1,30,80,24,30,PAV026
5,2,20,1,112.613262,91200082,20,0,5,2,20,1,5,10,100,10,20,50,10,0,2,2.9287797,269,0.949113564,0.53857843,4.763869646,7.563869646,26,1,0.0332703,1,2,20,50,10,0,PAV026
5,2,21,1,118.129985,91205602,21,1,5,2,21,1,5,25,80,20,10,100,10,10,2,1.4112761,294,0.544545801,0.643666079,3.780536744,7.180536744,32,1,0.0331663,1,1,25,80,20,30,PAV026
5,2,22,1,121.813296,91209282,22,0,5,2,22,1,5,12,40,4.8,10,100,10,-5.2,1,1.4032364,304,0.890234084,0.789852814,5.543259056,9.543259056,41,1,0.0332627,1,1,12,40,4.8,10,PAV026
5,2,23,1,125.980019,91213452,23,1,5,2,23,1,5,15,80,12,10,100,10,2,2,1.3463129,319,0.939010169,1.074918729,2.519110601,7.919110601,58,1,0.0332773,1,1,15,80,12,30,PAV026
5,2,24,1,130.430088,91217901,24,0,5,2,24,1,5,10,100,10,20,50,10,0,2,1.9999685,329,0.585130372,1.196691369,0.151778713,6.151778713,65,1,0.0332179,1,2,20,50,10,0,PAV026
5,2,25,1,135.296834,91222762,25,1,5,2,25,1,5,25,70,17.5,10,100,10,7.5,2,1.5282752,329,0.922559175,0.938835731,4.608258587,9.408258587,50,0,0.0332563,1,1,25,70,17.5,20,PAV026
5,2,26,1,139.780146,91227252,26,1,5,2,26,1,5,10,100,10,25,90,22.5,-12.5,1,1.338465,329,0.537916487,1.167579388,4.828318992,10.82831899,64,0,0.0332709,1,2,25,90,22.5,40,PAV026
5,2,27,1,143.913499,91231382,27,0,5,2,27,1,5,20,50,10,10,100,10,0,1,1.4535146,339,0.560103644,1.070498819,0.801136847,6.201136847,58,1,0.0331657,1,1,20,50,10,0,PAV026
5,2,28,1,148.080236,91235551,28,1,5,2,28,1,5,20,70,14,10,100,10,4,2,2.4160951,359,0.69688626,0.700446472,4.930975352,8.530975352,36,1,0.0331487,1,1,20,70,14,20,PAV026
5,2,29,1,152.996922,91240462,29,1,5,2,29,1,5,10,100,10,15,60,9,1,1,2.0040907,374,0.907733809,0.518693124,5.175889827,7.775889827,25,1,0.0333192,1,2,15,60,9,10,PAV026
5,2,30,1,157.513566,91244981,30,0,5,2,30,1,5,10,100,10,15,30,4.5,5.5,2,1.3514241,384,0.631032802,1.12939823,3.229476366,9.029476366,61,1,0.0333905,1,2,15,30,4.5,20,PAV026
5,2,31,1,161.713667,91249181,31,1,5,2,31,1,5,10,100,10,30,60,18,-8,1,1.4883072,414,0.907932028,0.839729273,2.843073811,7.043073811,44,1,0.0333131,1,2,30,60,18,10,PAV026
5,2,32,1,166.030299,91253502,32,0,5,2,32,1,5,30,40,12,10,100,10,2,1,1.8120567,424,0.809128537,0.630743028,3.191016405,6.391016405,31,1,0.0332213,1,1,30,40,12,10,PAV026
5,2,33,1,170.36368,91257831,33,0,5,2,33,1,5,12,30,3.6,10,100,10,-6.4,1,1.5598493,434,0.679872492,0.855186653,1.760085747,6.160085747,45,1,0.0333242,1,1,12,30,3.6,20,PAV026
5,2,34,1,174.563698,91262031,34,1,5,2,34,1,5,10,100,10,15,70,10.5,-0.5,1,1.698734,449,0.841222133,0.919454872,2.269009196,6.869009196,49,1,0.0332555,1,2,15,70,10.5,20,PAV026
5,2,35,1,179.113733,91266582,35,0,5,2,35,1,5,15,20,3,10,100,10,-7,1,1.3775192,459,0.898563934,0.768033669,5.672271793,9.672271793,40,1,0.0332069,1,1,15,20,3,30,PAV026
5,2,36,1,183.263802,91270731,36,1,5,2,36,1,5,25,50,12.5,10,100,10,2.5,,,459,0.664455897,0.507267962,,,,,,,1,25,50,12.5,0,PAV026
5,2,37,1,189.380518,91276851,37,0,5,2,37,1,5,10,100,10,20,40,8,2,2,0.9544872,469,0.81223697,0.876862383,3.368505866,7.768505866,46,1,0.0332608,1,2,20,40,8,10,PAV026
5,2,38,1,193.097178,91280561,38,1,5,2,38,1,5,10,100,10,30,50,15,-5,1,1.3474686,499,0.604884291,0.87328125,3.09870018,7.49870018,46,1,0.0332615,1,2,30,50,15,0,PAV026
5,2,39,1,197.013875,91284480,39,0,5,2,39,1,5,12,20,2.4,10,100,10,-7.6,1,1.1727427,509,0.527894352,0.551757287,2.514037262,5.314037262,27,1,0.0331849,1,1,12,20,2.4,30,PAV026
5,2,40,1,200.347231,91287811,40,1,5,2,40,1,5,15,60,9,10,100,10,-1,2,1.2660387,509,0.516722544,0.505247133,7.647799154,10.24779915,24,0,0.03323,1,1,15,60,9,10,PAV026
5,2,41,1,203.73061,91291200,41,0,5,2,41,1,5,30,40,12,10,100,10,2,1,1.0455386,519,0.674685753,1.041850863,4.885151563,10.28515156,56,1,0.0332496,1,1,30,40,12,10,PAV026
5,2,42,1,207.580583,91295051,42,1,5,2,42,1,5,10,100,10,12,90,10.8,-0.8,1,1.6042072,531,0.825198012,0.790110114,0.994563154,4.994563154,41,1,0.0333676,1,2,12,90,10.8,40,PAV026
5,2,43,1,211.880617,91299351,43,1,5,2,43,1,5,20,60,12,10,100,10,2,2,2.3173411,551,0.774479119,0.536389883,4.547791828,7.347791828,26,1,0.033248,1,1,20,60,12,10,PAV026
5,2,44,1,216.597364,91304060,44,1,5,2,44,1,5,10,100,10,15,90,13.5,-3.5,1,1.2823633,566,0.967744112,1.053062502,4.106183265,9.506183265,57,1,0.033165,1,2,15,90,13.5,40,PAV026
5,2,45,1,220.997418,91308460,45,1,5,2,45,1,5,10,100,10,25,50,12.5,-2.5,1,2.1661386,566,0.633390763,0.571200383,5.992988801,8.992988801,28,0,0.0331478,1,2,25,50,12.5,0,PAV026
5,2,46,1,225.464055,91312931,46,0,5,2,46,1,5,10,100,10,30,30,9,1,2,2.1661289,576,0.857102405,0.580667289,7.463650668,10.46365067,28,1,0.0333114,1,2,30,30,9,20,PAV026
5,2,47,1,230.147474,91317611,47,1,5,2,47,1,5,10,100,10,30,50,15,-5,1,1.4434976,576,0.944684266,1.181676142,4.508489659,10.50848966,64,0,0.0332095,1,2,30,50,15,0,PAV026
5,2,48,1,234.797477,91322261,48,1,5,2,48,1,5,10,100,10,20,80,16,-6,1,1.3261025,576,0.795983782,1.142068173,5.062039021,10.86203902,62,0,0.0332207,1,2,20,80,16,30,PAV026
5,2,49,1,239.147554,91326611,49,1,5,2,49,1,5,10,100,10,25,60,15,-5,1,1.0667086,576,0.980554334,1.119247456,4.527652664,10.12765266,61,0,0.0334269,1,2,25,60,15,10,PAV026
5,2,50,1,243.414222,91330880,50,1,5,2,50,1,5,10,100,10,15,50,7.5,2.5,1,1.8846248,576,0.519877745,0.671789962,6.40155259,9.80155259,34,0,0.0331556,1,2,15,50,7.5,0,PAV026
6,3,1,1,11.24917,91387929,1,0,6,3,1,1,5,10,100,10,25,40,10,0,2,1.1640952,10,0.592567817,0.839969766,2.671097063,6.871097063,44,1,0.0333793,1,2,25,40,10,10,PAV026
6,3,2,1,14.932509,91391609,2,1,6,3,2,1,5,15,90,13.5,10,100,10,3.5,2,1.5973725,25,0.89931589,0.994565844,0.0277924,5.0277924,53,1,0.033107,1,1,15,90,13.5,40,PAV026
6,3,3,1,19.515838,91396199,3,1,6,3,3,1,5,30,80,24,10,100,10,14,2,1.1279493,25,0.964962962,0.505680514,7.43192609,10.03192609,24,0,0.0332588,1,1,30,80,24,30,PAV026
6,3,4,1,23.215929,91399899,4,0,6,3,4,1,5,10,100,10,12,50,6,4,2,2.0180205,35,0.654888907,0.771132199,3.387573144,7.387573144,40,1,0.0333081,1,2,12,50,6,0,PAV026
6,3,5,1,27.74927,91404429,5,1,6,3,5,1,5,10,100,10,20,50,10,0,1,1.4534919,35,0.509953187,0.903816876,4.416910692,9.016910692,48,0,0.033414,1,2,20,50,10,0,PAV026
6,3,6,1,31.699288,91408379,6,0,6,3,6,1,5,30,20,6,10,100,10,-4,1,1.1813707,45,0.964435052,1.023068198,4.873173939,10.07317394,55,1,0.0330594,1,1,30,20,6,30,PAV026
6,3,7,1,35.966018,91412649,7,1,6,3,7,1,5,30,50,15,10,100,10,5,2,1.5086009,75,0.952018612,1.031323068,0.845977728,6.045977728,55,1,0.0332339,1,1,30,50,15,0,PAV026
6,3,8,1,40.532702,91417219,8,1,6,3,8,1,5,10,100,10,20,90,18,-8,1,1.2251166,95,0.865070269,1.078402514,0.47409765,5.87409765,58,1,0.0332491,1,2,20,90,18,40,PAV026
6,3,9,1,44.782768,91421469,9,0,6,3,9,1,5,10,100,10,25,50,12.5,-2.5,2,2.2102089,105,0.612302533,0.795489698,6.227168989,10.22716899,41,1,0.0333223,1,2,25,50,12.5,0,PAV026
6,3,10,1,49.482762,91426168,10,1,6,3,10,1,5,10,100,10,25,60,15,-5,1,1.0478317,105,0.520978967,0.780174945,5.304714703,9.304714703,40,0,0.0332415,1,2,25,60,15,10,PAV026
6,3,11,1,52.916147,91429599,11,1,6,3,11,1,5,12,90,10.8,10,100,10,0.8,2,2.1074763,117,0.526784511,1.02442759,2.990035562,8.190035562,55,1,0.0333275,1,1,12,90,10.8,40,PAV026
6,3,12,1,57.64949,91434328,12,0,6,3,12,1,5,15,20,3,10,100,10,-7,1,1.1911127,127,0.968685641,0.791774813,5.177987899,9.177987899,41,1,0.0332128,1,1,15,20,3,30,PAV026
6,3,13,1,61.682843,91438359,13,1,6,3,13,1,5,10,100,10,25,60,15,-5,1,1.372333,152,0.667259187,1.059736437,1.649313331,7.049313331,57,1,0.033192,1,2,25,60,15,10,PAV026
6,3,14,1,65.866183,91442549,14,1,6,3,14,1,5,20,50,10,10,100,10,0,2,1.8021665,152,0.703835451,1.11752513,3.1504386,8.7504386,61,0,0.0332968,1,1,20,50,10,0,PAV026
6,3,15,1,70.582934,91447268,15,0,6,3,15,1,5,20,50,10,10,100,10,0,1,1.1404172,162,0.9544635,0.692216861,4.093121848,7.693121848,35,1,0.0331687,1,1,20,50,10,0,PAV026
6,3,16,1,74.449579,91451128,16,0,6,3,16,1,5,12,60,7.2,10,100,10,-2.8,1,1.7201547,172,0.665667106,0.718152853,3.759823638,7.359823638,37,1,0.0331675,1,1,12,60,7.2,10,PAV026
6,3,17,1,78.649588,91455328,17,0,6,3,17,1,5,10,100,10,25,40,10,0,2,1.2110361,182,0.854319536,1.159163329,3.495010505,9.295010505,63,1,0.0333456,1,2,25,40,10,10,PAV026
6,3,18,1,82.966324,91459648,18,1,6,3,18,1,5,10,100,10,25,50,12.5,-2.5,1,1.2852983,207,0.831338288,1.044964392,0.196188753,5.596188753,56,1,0.0331126,1,2,25,50,12.5,0,PAV026
6,3,19,1,87.21638,91463897,19,0,6,3,19,1,5,10,100,10,25,30,7.5,2.5,2,0.8974207,217,0.779780627,0.67752657,5.192959139,8.592959139,34,1,0.0332887,1,2,25,30,7.5,20,PAV026
6,3,20,1,90.666349,91467348,20,0,6,3,20,1,5,10,100,10,12,20,2.4,7.6,2,0.9412121,227,0.643812922,0.926410899,1.92022505,6.72022505,49,1,0.0333256,1,2,12,20,2.4,30,PAV026
6,3,21,1,94.249764,91470928,21,0,6,3,21,1,5,10,100,10,20,20,4,6,2,0.9608749,237,0.642319317,0.673656584,3.83803765,7.23803765,34,1,0.0332524,1,2,20,20,4,30,PAV026
6,3,22,1,97.616458,91474298,22,0,6,3,22,1,5,20,30,6,10,100,10,-4,1,1.3326726,247,0.57085979,0.609264428,4.989988099,8.189988099,30,1,0.0326775,1,1,20,30,6,20,PAV026
6,3,23,1,101.216463,91477898,23,1,6,3,23,1,5,25,80,20,10,100,10,10,2,0.9542465,272,0.639255915,1.07808562,1.070279026,6.470279026,58,1,0.033108,1,1,25,80,20,30,PAV026
6,3,24,1,104.966472,91481648,24,1,6,3,24,1,5,25,90,22.5,10,100,10,12.5,2,1.0732906,297,0.989402044,1.123306441,3.806009899,9.606009899,61,1,0.0339927,1,1,25,90,22.5,40,PAV026
6,3,25,1,109.233199,91485917,25,0,6,3,25,1,5,10,100,10,25,50,12.5,-2.5,2,1.5525377,307,0.985584932,0.916463517,4.724186657,9.324186657,48,1,0.0332461,1,2,25,50,12.5,0,PAV026
6,3,26,1,113.766524,91490447,26,0,6,3,26,1,5,10,100,10,15,30,4.5,5.5,2,1.2345794,317,0.573971328,0.737050969,4.736694136,8.536694136,38,1,0.0332356,1,2,15,30,4.5,20,PAV026
6,3,27,1,117.399991,91494077,27,1,6,3,27,1,5,10,100,10,20,80,16,-6,1,1.1520653,337,0.926642165,0.691899103,4.93416996,8.53416996,35,1,0.0331683,1,2,20,80,16,30,PAV026
6,3,28,1,121.249952,91497927,28,0,6,3,28,1,5,12,40,4.8,10,100,10,-5.2,1,1.859708,347,0.731294166,0.809552786,5.037926844,9.237926844,42,1,0.0331672,1,1,12,40,4.8,10,PAV026
6,3,29,1,125.749997,91502427,29,0,6,3,29,1,5,25,20,5,10,100,10,-5,1,1.5453176,357,0.552602497,0.71974305,4.654233158,8.254233158,37,1,0.0332494,1,1,25,20,5,30,PAV026
6,3,30,1,129.666644,91506348,30,1,6,3,30,1,5,30,70,21,10,100,10,11,2,1.0884565,387,0.8191841,0.63321016,4.688913246,7.888913246,31,1,0.0332123,1,1,30,70,21,20,PAV026
6,3,31,1,133.28337,91509967,31,1,6,3,31,1,5,15,70,10.5,10,100,10,0.5,2,1.3524486,387,0.782511086,0.89454189,5.587029733,10.18702973,47,0,0.0331994,1,1,15,70,10.5,20,PAV026
6,3,32,1,137.400067,91514077,32,1,6,3,32,1,5,12,70,8.4,10,100,10,-1.6,2,1.8187518,399,0.614281351,0.885441578,3.854456953,8.454456953,47,1,0.0331818,1,1,12,70,8.4,20,PAV026
6,3,33,1,141.81673,91518497,33,1,6,3,33,1,5,15,80,12,10,100,10,2,2,1.0249537,414,0.741997393,1.147923554,2.488084009,8.288084009,62,1,0.0331617,1,1,15,80,12,30,PAV026
6,3,34,1,145.800191,91522477,34,1,6,3,34,1,5,10,100,10,25,70,17.5,-7.5,1,1.1383358,439,0.942429368,0.997062272,0.928070797,5.928070797,53,1,0.0332879,1,2,25,70,17.5,20,PAV026
6,3,35,1,149.950104,91526627,35,1,6,3,35,1,5,30,90,27,10,100,10,17,2,1.0199256,439,0.818472616,0.877075238,6.133900021,10.53390002,46,0,0.0333047,1,1,30,90,27,40,PAV026
6,3,36,1,153.750198,91530427,36,1,6,3,36,1,5,10,100,10,30,60,18,-8,1,1.1593422,469,0.638899233,1.095332768,2.641475418,8.241475418,59,1,0.0331904,1,2,30,60,18,10,PAV026
6,3,37,1,157.733549,91534416,37,0,6,3,37,1,5,10,100,10,20,50,10,0,2,1.4335217,479,0.796520087,0.618191695,5.697004101,8.897004101,31,1,0.033278,1,2,20,50,10,0,PAV026
6,3,38,1,161.683554,91538367,38,0,6,3,38,1,5,10,100,10,15,40,6,4,2,1.313472,489,0.524202283,0.916446986,6.161218079,10.76121808,48,1,0.0330946,1,2,15,40,6,10,PAV026
6,3,39,1,165.516897,91542196,39,1,6,3,39,1,5,10,100,10,20,60,12,-2,1,1.3761379,509,0.913029162,0.799670019,2.808214214,6.808214214,41,1,0.0331848,1,2,20,60,12,10,PAV026
6,3,40,1,169.700253,91546377,40,0,6,3,40,1,5,10,100,10,30,30,9,1,2,0.8577205,519,0.651987171,0.736576421,3.729494191,7.529494191,38,1,0.0333994,1,2,30,30,9,20,PAV026
6,3,41,1,173.03369,91549716,41,1,6,3,41,1,5,15,60,9,10,100,10,-1,2,1.2849894,534,0.656360842,1.044929161,2.636565634,8.036565634,56,1,0.0331275,1,1,15,60,9,10,PAV026
6,3,42,1,177.100288,91553776,42,0,6,3,42,1,5,10,100,10,15,50,7.5,2.5,2,1.2221542,544,0.889401682,0.862791361,1.852843409,6.252843409,45,1,0.0332532,1,2,15,50,7.5,0,PAV026
6,3,43,1,181.150366,91557826,43,0,6,3,43,1,5,30,40,12,10,100,10,2,1,1.3680771,554,0.528791039,0.96548745,1.535792005,6.535792005,51,1,0.0332166,1,1,30,40,12,10,PAV026
6,3,44,1,185.083754,91561767,44,1,6,3,44,1,5,10,100,10,15,60,9,1,1,1.4196699,569,0.659262237,0.786940243,3.428481331,7.428481331,41,1,0.0332355,1,2,15,60,9,10,PAV026
6,3,45,1,189.033726,91565716,45,0,6,3,45,1,5,30,40,12,10,100,10,2,1,1.6824791,579,0.537238688,0.774149583,6.57901706,10.57901706,40,1,0.0331677,1,1,30,40,12,10,PAV026
6,3,46,1,193.117177,91569796,46,1,6,3,46,1,5,12,80,9.6,10,100,10,-0.4,2,1.3195899,591,0.828202102,0.90416174,3.971310724,8.571310724,48,1,0.0332089,1,1,12,80,9.6,30,PAV026
6,3,47,1,197.250502,91573926,47,1,6,3,47,1,5,10,100,10,20,70,14,-4,1,1.0666868,591,0.64054631,0.509232102,7.292668337,9.892668337,24,0,0.0331899,1,2,20,70,14,20,PAV026
6,3,48,1,200.550459,91577226,48,1,6,3,48,1,5,30,50,15,10,100,10,5,2,1.8101173,621,0.714659261,0.778881211,2.42120681,6.42120681,40,1,0.0331791,1,1,30,50,15,0,PAV026
6,3,49,1,204.950532,91581626,49,0,6,3,49,1,5,10,100,10,20,40,8,2,2,1.2473949,631,0.816746439,1.162743234,-0.563487772,5.436512228,63,1,0.0332225,1,2,20,40,8,10,PAV026
6,3,50,1,209.267272,91585945,50,0,6,3,50,1,5,12,30,3.6,10,100,10,-6.4,1,0.9610176,641,0.675912174,1.03287845,1.502469244,6.702469244,55,1,0.0323295,1,1,12,30,3.6,20,PAV026
11,4,1,1,11.496061,103657836,1,1,11,4,1,1,5,10,100,10,30,80,24,-14,1,0.9127952,0,0.904560102,0.886320862,5.995028892,10.59502889,47,0,0.033295,1,2,30,80,24,30,PAV026
11,4,2,1,15.329404,103661676,2,0,11,4,2,1,5,30,50,15,10,100,10,5,1,1.5854906,10,0.794684253,0.548397793,6.108393461,8.908393461,26,1,0.0332988,1,1,30,50,15,0,PAV026
11,4,3,1,19.346062,103665686,3,0,11,4,3,1,5,10,100,10,30,30,9,1,2,1.3603232,20,0.791920147,0.528027093,3.668720775,6.468720775,25,1,0.0332622,1,2,30,30,9,20,PAV026
11,4,4,1,23.112693,103669456,4,0,11,4,4,1,5,10,100,10,15,40,6,4,2,1.7683268,30,0.5683618,0.672453978,4.253928175,7.653928175,34,1,0.0333519,1,2,15,40,6,10,PAV026
11,4,5,1,27.229515,103673575,5,1,11,4,5,1,5,30,40,12,10,100,10,2,2,1.5542939,60,0.963318945,0.566601081,2.076645868,5.076645868,27,1,0.0334113,1,1,30,40,12,10,PAV026
11,4,6,1,31.412877,103677755,6,1,11,4,6,1,5,20,50,10,10,100,10,0,2,1.1584152,60,0.953795566,0.949044691,4.359479203,9.159479203,50,0,0.0332355,1,1,20,50,10,0,PAV026
11,4,7,1,35.562926,103681905,7,1,11,4,7,1,5,10,100,10,15,70,10.5,-0.5,1,0.9985852,75,0.81490403,0.913635083,3.612425646,8.212425646,48,1,0.0332237,1,2,15,70,10.5,20,PAV026
11,4,8,1,39.379584,103685725,8,0,11,4,8,1,5,10,100,10,12,20,2.4,7.6,2,0.940475,85,0.833108638,1.146727556,1.492793128,7.292793128,62,1,0.0337779,1,2,12,20,2.4,30,PAV026
11,4,9,1,43.39622,103689736,9,1,11,4,9,1,5,25,80,20,10,100,10,10,2,0.8377795,85,0.566704616,0.673182023,7.007096594,10.40709659,34,0,0.0332021,1,1,25,80,20,30,PAV026
11,4,10,1,46.562915,103692905,10,1,11,4,10,1,5,25,50,12.5,10,100,10,2.5,2,1.3602433,110,0.538518337,0.885520673,0.875347954,5.475347954,47,1,0.0332382,1,1,25,50,12.5,0,PAV026
11,4,11,1,50.44622,103696786,11,1,11,4,11,1,5,30,90,27,10,100,10,17,2,0.6816822,140,0.80146676,1.091291148,4.589428713,10.18942871,59,1,0.0340774,1,1,30,90,27,40,PAV026
11,4,12,1,54.113049,103700455,12,1,11,4,12,1,5,12,80,9.6,10,100,10,-0.4,2,1.392336,152,0.924018032,0.73737381,4.896366341,8.696366341,38,1,0.0332219,1,1,12,80,9.6,30,PAV026
11,4,13,1,58.262976,103704606,13,0,11,4,13,1,5,10,100,10,20,50,10,0,2,1.5013683,162,0.929446914,0.588975371,6.59572511,9.59572511,29,1,0.0332724,1,2,20,50,10,0,PAV026
11,4,14,1,62.363041,103708705,14,1,11,4,14,1,5,30,60,18,10,100,10,8,2,0.9611183,162,0.573646764,1.039418149,3.946382092,9.146382092,56,0,0.0332562,1,1,30,60,18,10,PAV026
11,4,15,1,66.02976,103712375,15,1,11,4,15,1,5,25,70,17.5,10,100,10,7.5,2,0.9501444,187,0.619070159,0.71480733,4.710401857,8.310401857,36,1,0.0333258,1,1,25,70,17.5,20,PAV026
11,4,16,1,69.396397,103715735,16,1,11,4,16,1,5,20,80,16,10,100,10,6,2,0.829701,207,0.51930891,0.928990506,3.59236725,8.39236725,49,1,0.0332924,1,1,20,80,16,30,PAV026
11,4,17,1,72.763087,103719105,17,1,11,4,17,1,5,10,100,10,15,60,9,1,1,1.2383847,207,0.539668449,0.826289236,6.676541492,10.87654149,43,0,0.0332586,1,2,15,60,9,10,PAV026
11,4,18,1,76.446493,103722785,18,0,11,4,18,1,5,10,100,10,15,50,7.5,2.5,2,1.3204194,217,0.939735214,0.513935715,5.027575745,7.627575745,24,1,0.033276,1,2,15,50,7.5,0,PAV026
11,4,19,1,80.296465,103726635,19,0,11,4,19,1,5,10,100,10,25,40,10,0,2,1.1684796,227,0.640004881,0.869191874,1.36058745,5.76058745,46,1,0.0333311,1,2,25,40,10,10,PAV026
11,4,20,1,84.063281,103730405,20,1,11,4,20,1,5,12,90,10.8,10,100,10,0.8,2,0.721518,239,0.97281069,1.194384026,-1.118561588,4.881438412,65,1,0.0332008,1,1,12,90,10.8,40,PAV026
11,4,21,1,88.029934,103734374,21,0,11,4,21,1,5,10,100,10,12,50,6,4,2,1.2922943,249,0.92285361,1.084384085,4.941689728,10.54168973,59,1,0.0332608,1,2,12,50,6,0,PAV026
11,4,22,1,92.429959,103738775,22,0,11,4,22,1,5,10,100,10,20,20,4,6,2,0.9426975,259,0.620522943,0.716445022,2.287576845,5.887576845,36,1,0.0331803,1,2,20,20,4,30,PAV026
11,4,23,1,95.796626,103742134,23,1,11,4,23,1,5,20,50,10,10,100,10,0,2,1.658127,279,0.778485285,0.621058571,2.70655865,5.90655865,31,1,0.0332503,1,1,20,50,10,0,PAV026
11,4,24,1,99.929942,103746274,24,0,11,4,24,1,5,10,100,10,15,20,3,7,2,0.889393,289,0.517135866,0.791077502,4.237740269,8.237740269,41,1,0.0333092,1,2,15,20,3,30,PAV026
11,4,25,1,103.213389,103749554,25,0,11,4,25,1,5,10,100,10,20,30,6,4,2,1.2714434,299,0.815309537,0.687981354,3.317302137,6.917302137,35,1,0.0364598,1,2,20,30,6,20,PAV026
11,4,26,1,107.080091,103753424,26,1,11,4,26,1,5,10,100,10,12,70,8.4,1.6,1,1.0821355,299,0.819872055,0.597325603,6.748022415,9.748022415,29,0,0.0333228,1,2,12,70,8.4,20,PAV026
11,4,27,1,110.663369,103757004,27,1,11,4,27,1,5,10,100,10,25,40,10,0,1,1.7249768,299,0.774508692,0.673774608,5.787423075,9.187423075,34,0,0.0331899,1,2,25,40,10,10,PAV026
11,4,28,1,114.93009,103761274,28,0,11,4,28,1,5,30,40,12,10,100,10,2,1,1.3131254,309,0.729772415,0.840850125,5.710864566,10.11086457,44,1,0.0332755,1,1,30,40,12,10,PAV026
11,4,29,1,118.913414,103765254,29,1,11,4,29,1,5,10,100,10,15,60,9,1,1,1.1955612,309,0.70322465,1.107284769,4.984758957,10.58475896,60,0,0.0332225,1,2,15,60,9,10,PAV026
11,4,30,1,123.013476,103769354,30,1,11,4,30,1,5,10,100,10,20,90,18,-8,1,0.7687965,329,0.894256109,1.018223346,0.023323784,5.223323784,55,1,0.0332776,1,2,20,90,18,40,PAV026
11,4,31,1,126.78017,103773124,31,1,11,4,31,1,5,10,100,10,30,70,21,-11,1,0.8020756,359,0.875603479,0.560543257,4.019972204,7.019972204,27,1,0.0332674,1,2,30,70,21,20,PAV026
11,4,32,1,130.096893,103776434,32,1,11,4,32,1,5,15,80,12,10,100,10,2,2,1.3453592,374,0.869554943,0.617314741,5.539759691,8.739759691,31,1,0.033187,1,1,15,80,12,30,PAV026
11,4,33,1,134.030256,103780374,33,0,11,4,33,1,5,12,30,3.6,10,100,10,-6.4,1,0.8356688,384,0.864879983,0.528414773,4.986495201,7.786495201,25,1,0.0332991,1,1,12,30,3.6,20,PAV026
11,4,34,1,137.346921,103783684,34,1,11,4,34,1,5,30,50,15,10,100,10,5,2,1.095289,414,0.748503845,0.847260439,2.287997822,6.687997822,44,1,0.0332659,1,1,30,50,15,0,PAV026
11,4,35,1,141.130291,103787475,35,1,11,4,35,1,5,10,100,10,25,90,22.5,-12.5,1,0.9139565,439,0.619078439,0.65133698,6.63356339,10.03356339,33,1,0.0331958,1,2,25,90,22.5,40,PAV026
11,4,36,1,144.41366,103790754,36,1,11,4,36,1,5,25,50,12.5,10,100,10,2.5,2,1.4164695,464,0.925814708,0.72894336,1.492336065,5.292336065,37,1,0.0332156,1,1,25,50,12.5,0,PAV026
11,4,37,1,148.563752,103794903,37,0,11,4,37,1,5,10,100,10,20,50,10,0,2,1.1934274,474,0.529959231,0.947265429,0.090359895,4.890359895,50,1,0.0332719,1,2,20,50,10,0,PAV026
11,4,38,1,152.330371,103798674,38,1,11,4,38,1,5,10,100,10,12,60,7.2,2.8,1,1.1512803,486,0.735575875,0.707053306,3.871297088,7.471297088,36,1,0.0332648,1,2,12,60,7.2,10,PAV026
11,4,39,1,156.013716,103802353,39,1,11,4,39,1,5,20,70,14,10,100,10,4,2,1.0881306,486,0.98515861,0.593643595,7.582812458,10.58281246,29,0,0.034213,1,1,20,70,14,20,PAV026
11,4,40,1,159.76375,103806104,40,1,11,4,40,1,5,25,60,15,10,100,10,5,2,1.09228,511,0.853302728,0.853332681,1.173529086,5.573529086,45,1,0.0333048,1,1,25,60,15,10,PAV026
11,4,41,1,163.663786,103810003,41,1,11,4,41,1,5,20,60,12,10,100,10,2,2,1.1927509,511,0.507702993,0.583910032,7.348490938,10.34849094,29,0,0.0332017,1,1,20,60,12,10,PAV026
11,4,42,1,167.047098,103813384,42,1,11,4,42,1,5,10,100,10,25,60,15,-5,1,1.1698584,536,0.853249998,1.107463646,1.962570845,7.562570845,60,1,0.0332733,1,2,25,60,15,10,PAV026
11,4,43,1,171.263775,103817603,43,0,11,4,43,1,5,15,30,4.5,10,100,10,-5.5,1,1.0189929,546,0.798880779,0.964466581,4.444053475,9.444053475,51,1,0.0332262,1,1,15,30,4.5,20,PAV026
11,4,44,1,175.130607,103821473,44,0,11,4,44,1,5,10,100,10,12,40,4.8,5.2,2,0.8462146,556,0.723337249,0.548862694,5.328132073,8.128132073,26,1,0.0333414,1,2,12,40,4.8,10,PAV026
11,4,45,1,178.330524,103824673,45,0,11,4,45,1,5,10,100,10,20,40,8,2,2,1.0802382,566,0.830282927,1.051715375,1.531502958,6.931502958,57,1,0.0332515,1,2,20,40,8,10,PAV026
11,4,46,1,182.397304,103828733,46,0,11,4,46,1,5,30,20,6,10,100,10,-4,1,0.6903665,576,0.94447019,0.842091294,5.104910151,9.504910151,44,1,0.0332093,1,1,30,20,6,30,PAV026
11,4,47,1,185.94729,103832284,47,0,11,4,47,1,5,25,20,5,10,100,10,-5,1,0.8999027,586,0.964035531,1.097279579,1.487600845,7.087600845,59,1,0.0332369,1,1,25,20,5,30,PAV026
11,4,48,1,189.997289,103836333,48,0,11,4,48,1,5,25,30,7.5,10,100,10,-2.5,1,1.0558307,596,0.759485542,0.800695198,4.974252427,9.174252427,42,1,0.0333723,1,1,25,30,7.5,20,PAV026
11,4,49,1,193.697339,103840034,49,1,11,4,49,1,5,25,50,12.5,10,100,10,2.5,2,1.363999,596,0.93531624,0.528632006,5.518611148,8.318611148,25,0,0.0331527,1,1,25,50,12.5,0,PAV026
11,4,50,1,197.614077,103843953,50,1,11,4,50,1,5,10,100,10,15,90,13.5,-3.5,1,0.9285931,611,0.903688914,0.944342195,4.747985683,9.547985683,50,1,0.0331966,1,2,15,90,13.5,40,PAV026
12,5,1,1,11.255847,103910092,1,0,12,5,1,1,5,25,40,10,10,100,10,0,1,1.2130638,10,0.762894082,0.861644639,4.423423076,8.823423076,45,1,0.0332615,1,1,25,40,10,10,PAV026
12,5,2,1,15.18927,103914022,2,1,12,5,2,1,5,20,70,14,10,100,10,4,2,1.123227,30,0.879503773,0.770314492,3.689854563,7.689854563,40,1,0.0332532,1,1,20,70,14,20,PAV026
12,5,3,1,19.055909,103917892,3,1,12,5,3,1,5,30,50,15,10,100,10,5,2,1.2150944,60,0.938606077,1.087650851,0.729748703,6.329748703,59,1,0.0332209,1,1,30,50,15,0,PAV026
12,5,4,1,23.389292,103922221,4,0,12,5,4,1,5,12,20,2.4,10,100,10,-7.6,1,0.6617885,70,0.991376858,0.696893189,3.674852254,7.274852254,35,1,0.03328,1,1,12,20,2.4,30,PAV026
12,5,5,1,26.82269,103925651,5,0,12,5,5,1,5,10,100,10,20,50,10,0,2,1.3858647,80,0.985277922,0.96622184,2.749186,7.749186,51,1,0.0332208,1,2,20,50,10,0,PAV026
12,5,6,1,31.23945,103930071,6,0,12,5,6,1,5,15,40,6,10,100,10,-4,1,1.1586104,90,0.543347015,1.148555569,3.063539337,8.863539337,62,1,0.0331872,1,1,15,40,6,10,PAV026
12,5,7,1,35.172748,103934001,7,0,12,5,7,1,5,10,100,10,20,50,10,0,2,1.7625626,100,0.821847612,1.042353405,3.965300988,9.365300988,56,1,0.0325296,1,2,20,50,10,0,PAV026
12,5,8,1,39.88944,103938721,8,1,12,5,8,1,5,25,90,22.5,10,100,10,12.5,2,0.9673204,125,0.839975736,1.136010763,-0.473649904,5.326350096,62,1,0.0332352,1,1,25,90,22.5,40,PAV026
12,5,9,1,43.922772,103942752,9,1,12,5,9,1,5,25,70,17.5,10,100,10,7.5,2,0.8609379,150,0.603303701,1.01620786,0.881302682,6.081302682,54,1,0.0332546,1,1,25,70,17.5,20,PAV026
12,5,10,1,47.489442,103946321,10,0,12,5,10,1,5,20,30,6,10,100,10,-4,1,0.6627797,160,0.782140633,0.500198313,2.922948486,5.522948486,24,1,0.033218,1,1,20,30,6,20,PAV026
12,5,11,1,50.539445,103949371,11,0,12,5,11,1,5,10,100,10,15,50,7.5,2.5,2,1.1633286,170,0.616833369,0.975920238,2.892718622,7.892718622,52,1,0.0332503,1,2,15,50,7.5,0,PAV026
12,5,12,1,54.389607,103953222,12,0,12,5,12,1,5,30,30,9,10,100,10,-1,1,1.1241722,180,0.85228136,0.634482456,6.257133364,9.457133364,32,1,0.033143,1,1,30,30,9,20,PAV026
12,5,13,1,58.089524,103956921,13,0,12,5,13,1,5,10,100,10,12,50,6,4,2,1.4229081,190,0.660865023,1.059392039,-0.473256291,4.926743709,57,1,0.0330406,1,2,12,50,6,0,PAV026
12,5,14,1,62.306281,103961141,14,1,12,5,14,1,5,10,100,10,25,60,15,-5,1,0.9189313,190,0.775550793,1.033094222,4.298669553,9.498669553,55,0,0.0332474,1,2,25,60,15,10,PAV026
12,5,15,1,66.106299,103964941,15,1,12,5,15,1,5,15,60,9,10,100,10,-1,2,1.42555,205,0.609488255,1.174986535,0.074750749,6.074750749,64,1,0.0332546,1,1,15,60,9,10,PAV026
12,5,16,1,70.406332,103969242,16,1,12,5,16,1,5,15,80,12,10,100,10,2,2,0.9094249,205,0.897849317,0.847119685,5.984467025,10.38446703,44,0,0.033228,1,1,15,80,12,30,PAV026
12,5,17,1,74.156296,103972991,17,0,12,5,17,1,5,10,100,10,12,90,10.8,-0.8,2,1.4976761,215,0.703114744,0.503195884,2.661558824,5.261558824,24,1,0.0333646,1,2,12,90,10.8,40,PAV026
12,5,18,1,77.956447,103976791,18,1,12,5,18,1,5,20,60,12,10,100,10,2,2,1.0685026,235,0.69954345,0.981031813,3.270558262,8.270558262,52,1,0.0333371,1,1,20,60,12,10,PAV026
12,5,19,1,81.789753,103980620,19,1,12,5,19,1,5,25,50,12.5,10,100,10,2.5,2,1.210269,260,0.77553938,0.525447641,2.813444941,5.613444941,25,1,0.0330684,1,1,25,50,12.5,0,PAV026
12,5,20,1,85.389813,103984220,20,1,12,5,20,1,5,30,90,27,10,100,10,17,2,0.8287439,260,0.833037216,0.766985982,6.898896111,10.89889611,40,0,0.0332211,1,1,30,90,27,40,PAV026
12,5,21,1,88.923109,103987750,21,1,12,5,21,1,5,15,60,9,10,100,10,-1,2,0.9366024,275,0.775845479,1.198566951,1.595014264,7.595014264,65,1,0.0331067,1,1,15,60,9,10,PAV026
12,5,22,1,92.906497,103991740,22,1,12,5,22,1,5,10,100,10,30,40,12,-2,1,1.7368402,305,0.755460156,0.63103585,2.328586974,5.528586974,31,1,0.0332988,1,2,30,40,12,10,PAV026
12,5,23,1,97.106513,103995940,23,1,12,5,23,1,5,25,50,12.5,10,100,10,2.5,2,1.5594904,330,0.749528346,0.729318999,1.865831002,5.665831002,37,1,0.0332571,1,1,25,50,12.5,0,PAV026
12,5,24,1,101.239952,104000070,24,1,12,5,24,1,5,10,100,10,30,40,12,-2,1,1.9678537,360,0.945538636,0.63775988,3.110413196,6.310413196,32,1,0.0332634,1,2,30,40,12,10,PAV026
12,5,25,1,105.873222,104004701,25,0,12,5,25,1,5,10,100,10,20,40,8,2,2,1.0092455,370,0.781537899,1.022066405,5.361900108,10.56190011,55,1,0.0331213,1,2,20,40,8,10,PAV026
12,5,26,1,109.789949,104008620,26,0,12,5,26,1,5,10,100,10,25,20,5,5,2,1.0255906,380,0.925390805,1.185429164,0.031724828,6.031724828,65,1,0.0332409,1,2,25,20,5,30,PAV026
12,5,27,1,114.023281,104012851,27,1,12,5,27,1,5,10,100,10,25,50,12.5,-2.5,1,1.413927,380,0.968894267,0.965026901,3.518668452,8.518668452,51,0,0.0332912,1,2,25,50,12.5,0,PAV026
12,5,28,1,118.456626,104017290,28,1,12,5,28,1,5,10,100,10,20,90,18,-8,1,1.0993039,400,0.881688534,0.606205732,4.325567486,7.525567486,30,1,0.0331717,1,2,20,90,18,40,PAV026
12,5,29,1,122.139996,104020970,29,1,12,5,29,1,5,30,50,15,10,100,10,5,2,1.2742231,430,0.692295214,0.830383182,3.292599451,7.492599451,43,1,0.0332236,1,1,30,50,15,0,PAV026
12,5,30,1,126.006708,104024840,30,1,12,5,30,1,5,10,100,10,20,80,16,-6,1,1.1617083,450,0.582988868,0.793015041,4.785344074,8.785344074,41,1,0.0331768,1,2,20,80,16,30,PAV026
12,5,31,1,129.640085,104028470,31,1,12,5,31,1,5,30,70,21,10,100,10,11,2,0.895863,450,0.672551572,0.726786727,6.595523168,10.39552317,37,0,0.0331769,1,1,30,70,21,20,PAV026
12,5,32,1,133.023476,104031850,32,1,12,5,32,1,5,20,50,10,10,100,10,0,2,1.6562094,470,0.751042103,0.870889099,1.418508335,5.818508335,46,1,0.0333082,1,1,20,50,10,0,PAV026
12,5,33,1,137.390087,104036220,33,1,12,5,33,1,5,10,100,10,15,90,13.5,-3.5,1,1.3058761,470,0.702944968,0.812581603,6.599751348,10.79975135,42,0,0.0333155,1,2,15,90,13.5,40,PAV026
12,5,34,1,141.290113,104040119,34,1,12,5,34,1,5,10,100,10,15,70,10.5,-0.5,1,1.2727507,485,0.890833008,0.770241186,1.20751133,5.20751133,40,1,0.0332925,1,2,15,70,10.5,20,PAV026
12,5,35,1,145.306856,104044140,35,1,12,5,35,1,5,12,80,9.6,10,100,10,-0.4,2,1.2818684,485,0.881459731,1.009490123,5.510732544,10.71073254,54,0,0.0330906,1,1,12,80,9.6,30,PAV026
12,5,36,1,149.573546,104048400,36,0,12,5,36,1,5,10,100,10,12,30,3.6,6.4,2,1.1908705,495,0.814935867,0.757970385,3.65011842,7.45011842,39,1,0.0333207,1,2,12,30,3.6,20,PAV026
12,5,37,1,153.42358,104052249,37,0,12,5,37,1,5,10,100,10,25,30,7.5,2.5,2,1.4548097,505,0.596792624,0.698510771,1.640002935,5.240002935,35,1,0.0330665,1,2,25,30,7.5,20,PAV026
12,5,38,1,157.256937,104056089,38,0,12,5,38,1,5,25,40,10,10,100,10,0,1,1.1471837,515,0.764820527,0.78207391,1.450653784,5.450653784,40,1,0.0333447,1,1,25,40,10,10,PAV026
12,5,39,1,161.040266,104059869,39,0,12,5,39,1,5,10,100,10,15,30,4.5,5.5,2,1.1294951,525,0.902575352,1.105002366,5.011920457,10.61192046,60,1,0.0332419,1,2,15,30,4.5,20,PAV026
12,5,40,1,165.273639,104064099,40,0,12,5,40,1,5,12,70,8.4,10,100,10,-1.6,1,1.4252723,535,0.917207162,0.655087794,6.192821181,9.592821181,33,1,0.0333005,1,1,12,70,8.4,20,PAV026
12,5,41,1,169.373713,104068200,41,0,12,5,41,1,5,10,100,10,15,20,3,7,2,0.9813992,545,0.77457379,0.734144513,3.20851663,7.00851663,38,1,0.0332494,1,2,15,20,3,30,PAV026
12,5,42,1,172.957037,104071789,42,1,12,5,42,1,5,30,80,24,10,100,10,14,2,0.9758755,575,0.736258732,0.514973407,5.998224953,8.598224953,24,1,0.0331981,1,1,30,80,24,30,PAV026
12,5,43,1,176.273761,104075099,43,1,12,5,43,1,5,10,100,10,25,60,15,-5,1,0.9510894,600,0.667845034,1.176117034,0.70569465,6.70569465,64,1,0.0332002,1,2,25,60,15,10,PAV026
12,5,44,1,180.157178,104078990,44,0,12,5,44,1,5,20,20,4,10,100,10,-6,1,0.9244093,610,0.746756794,0.899687362,3.542536642,8.142536642,47,1,0.0333182,1,1,20,20,4,30,PAV026
12,5,45,1,183.807151,104082639,45,0,12,5,45,1,5,10,100,10,12,60,7.2,2.8,2,1.3351196,620,0.760765051,1.108117421,1.780803359,7.380803359,60,1,0.0332026,1,2,12,60,7.2,10,PAV026
12,5,46,1,188.090475,104086919,46,1,12,5,46,1,5,20,50,10,10,100,10,0,2,1.4500755,620,0.584251341,0.509092498,8.245638802,10.8456388,24,0,0.033238,1,1,20,50,10,0,PAV026
12,5,47,1,191.723867,104090549,47,0,12,5,47,1,5,10,100,10,30,20,6,4,2,1.0468317,630,0.708340229,0.975626303,0.965464759,5.965464759,52,1,0.0332609,1,2,30,20,6,30,PAV026
12,5,48,1,195.540578,104094369,48,1,12,5,48,1,5,10,100,10,25,80,20,-10,1,1.0627361,655,0.627099398,0.583438645,3.420086486,6.420086486,29,1,0.0333076,1,2,25,80,20,30,PAV026
12,5,49,1,198.907244,104097738,49,0,12,5,49,1,5,10,100,10,12,40,4.8,5.2,2,0.8253274,665,0.928861355,0.902306607,4.324172858,8.924172858,48,1,0.0332724,1,2,12,40,4.8,10,PAV026
12,5,50,1,202.65727,104101489,50,1,12,5,50,1,5,10,100,10,30,60,18,-8,1,0.9204457,665,0.856534146,0.977630201,4.07422528,9.07422528,52,0,0.0332164,1,2,30,60,18,10,PAV026
19,1,1,1,68.432101,2.469333333,1,1,19,1,1,1,5,30,40,12,10,100,10,2,2,3.3982594,0,0.740668508,1.150314131,2.488740512,8.288740512,63,0,0.0333195,1,1,30,40,12,10,PAV037
19,1,2,1,74.832034,71.83813333,2,1,19,1,2,1,5,30,90,27,10,100,10,17,2,1.7179527,30,0.608097447,0.893800433,1.547309677,6.147309677,47,1,0.0332821,1,1,30,90,27,40,PAV037
19,1,3,1,79.132556,74.05826667,3,0,19,1,3,1,5,25,40,10,10,100,10,0,1,2.1366699,40,0.513302794,1.07164411,4.411560254,9.811560254,58,1,0.0336776,1,1,25,40,10,10,PAV037
19,1,4,1,83.949293,77.47773333,4,1,19,1,4,1,5,10,100,10,25,80,20,-10,1,2.3504399,65,0.792819772,1.000138997,3.271029105,8.471029105,54,1,0.0332526,1,2,25,80,20,30,PAV037
19,1,5,1,89.199334,81.26816667,5,1,19,1,5,1,5,15,70,10.5,10,100,10,0.5,2,2.4324539,80,0.611924205,0.983966419,2.52272664,7.52272664,53,1,0.033431,1,1,15,70,10.5,20,PAV037
19,1,6,1,94.349263,83.3984,6,1,19,1,6,1,5,25,70,17.5,10,100,10,7.5,2,1.4035075,105,0.789292124,0.732677593,3.383667261,7.183667261,37,1,0.0332161,1,1,25,70,17.5,20,PAV037
19,1,7,1,98.349325,87.34763333,7,0,19,1,7,1,5,15,50,7.5,10,100,10,-2.5,1,1.2443115,115,0.602681766,0.544242738,3.150677733,5.950677733,26,1,0.0332647,1,1,15,50,7.5,0,PAV037
19,1,8,1,101.832726,91.628,8,1,19,1,8,1,5,15,80,12,10,100,10,2,2,0.8571512,115,0.921938241,0.864535963,5.834965676,10.23496568,45,0,0.0327773,1,1,15,80,12,30,PAV037
19,1,9,1,105.549361,93.69743333,9,1,19,1,9,1,5,20,80,16,10,100,10,6,2,0.8235125,135,0.977052006,0.791630478,1.525151901,5.525151901,41,1,0.0332399,1,1,20,80,16,30,PAV037
19,1,10,1,109.216241,96.5077,10,0,19,1,10,1,5,25,50,12.5,10,100,10,2.5,1,1.1135849,145,0.655723014,1.085203325,-0.068420603,5.531579397,59,1,0.0332632,1,1,25,50,12.5,0,PAV037
19,1,11,1,113.16616,99.5878,11,1,19,1,11,1,5,10,100,10,12,90,10.8,-0.8,1,1.7235873,157,0.965428408,0.623851902,3.574788105,6.774788105,31,1,0.0331625,1,2,12,90,10.8,40,PAV037
19,1,12,1,117.566212,101.1981,12,0,19,1,12,1,5,10,100,10,12,40,4.8,5.2,2,1.5330698,167,0.721614016,0.526280791,7.101577555,9.901577555,25,1,0.0325436,1,2,12,40,4.8,10,PAV037
19,1,13,1,121.432972,103.5771667,13,1,19,1,13,1,5,15,90,13.5,10,100,10,3.5,2,1.0246863,182,0.782844904,0.636236466,3.894652249,7.094652249,32,1,0.0332723,1,1,15,90,13.5,40,PAV037
19,1,14,1,124.983,106.3676667,14,1,19,1,14,1,5,12,60,7.2,10,100,10,-2.8,2,2.2737414,194,0.917420357,0.758205686,1.447014099,5.247014099,39,1,0.0332243,1,1,12,60,7.2,10,PAV037
19,1,15,1,130.016323,108.2080667,15,1,19,1,15,1,5,10,100,10,30,50,15,-5,1,2.5299488,224,0.957967623,0.664239852,1.881274928,5.281274928,33,1,0.0332678,1,2,30,50,15,0,PAV037
19,1,16,1,135.249699,111.4573667,16,0,19,1,16,1,5,10,100,10,20,50,10,0,2,3.60329,234,0.864797372,0.649136947,4.592837988,7.992837988,32,1,0.0332262,1,2,20,50,10,0,PAV037
19,1,17,1,141.449763,114.8875333,17,1,19,1,17,1,5,10,100,10,12,50,6,4,1,3.0506121,234,0.754887041,0.539713042,6.454309111,9.254309111,26,0,0.0332169,1,2,12,50,6,0,PAV037
19,1,18,1,146.883192,116.5570667,18,1,19,1,18,1,5,10,100,10,25,50,12.5,-2.5,1,1.2714615,259,0.891913331,1.033754922,0.599653365,5.799653365,56,1,0.0332357,1,2,25,50,12.5,0,PAV037
19,1,19,1,151.166507,119.6577667,19,0,19,1,19,1,5,30,40,12,10,100,10,2,1,0.9888707,269,0.631646159,0.557511773,2.485776032,5.285776032,27,1,0.0333135,1,1,30,40,12,10,PAV037
19,1,20,1,154.433261,122.4576333,20,1,19,1,20,1,5,30,60,18,10,100,10,8,2,1.3436072,269,0.74640393,0.592354875,7.015165977,10.01516598,29,0,0.0331981,1,1,30,60,18,10,PAV037
19,1,21,1,158.216509,124.1570667,21,1,19,1,21,1,5,10,100,10,20,60,12,-2,1,1.5254663,269,0.607166907,1.049933755,3.769271807,9.169271807,56,0,0.0332778,1,2,20,60,12,10,PAV037
19,1,22,1,162.483261,128.0468,22,0,19,1,22,1,5,25,40,10,10,100,10,0,1,1.0999061,279,0.576033923,0.508417239,8.038493467,10.63849347,24,1,0.033189,1,1,25,40,10,10,PAV037
19,1,23,1,165.750003,132.5373667,23,1,19,1,23,1,5,20,50,10,10,100,10,0,2,1.5503177,299,0.953324601,1.188092746,-0.408186233,5.591813767,65,1,0.0331565,1,1,20,50,10,0,PAV037
19,1,24,1,170.533322,134.2567667,24,0,19,1,24,1,5,20,70,14,10,100,10,4,1,0.7256193,309,0.87950178,0.620020629,7.364857011,10.56485701,31,1,0.0332612,1,1,20,70,14,20,PAV037
19,1,25,1,173.866717,139.5275667,25,1,19,1,25,1,5,25,90,22.5,10,100,10,12.5,2,0.844206,334,0.797391819,1.151423708,2.421199073,8.221199073,63,1,0.0332171,1,1,25,90,22.5,40,PAV037
19,1,26,1,177.766723,144.4971333,26,1,19,1,26,1,5,10,100,10,15,20,3,7,1,1.5459249,334,0.560736555,0.92727987,3.062608737,7.862608737,49,0,0.0333154,1,2,15,20,3,30,PAV037
19,1,27,1,181.883511,146.0971667,27,0,19,1,27,1,5,10,100,10,15,30,4.5,5.5,2,1.1516799,344,0.949513159,1.157515972,0.718328202,6.518328202,63,1,0.032974,1,2,15,30,4.5,20,PAV037
19,1,28,1,186.233461,149.227,28,0,19,1,28,1,5,20,50,10,10,100,10,0,1,1.7734994,354,0.629888694,0.640998526,4.493767658,7.893767658,32,1,0.0332082,1,1,20,50,10,0,PAV037
19,1,29,1,190.383558,152.1467,29,0,19,1,29,1,5,20,50,10,10,100,10,0,1,1.3800889,364,0.834730138,1.08118383,2.469027573,8.069027573,58,1,0.0332775,1,1,20,50,10,0,PAV037
19,1,30,1,194.766911,153.7566,30,0,19,1,30,1,5,12,30,3.6,10,100,10,-6.4,1,0.8323178,374,0.982366693,0.666027763,6.242235696,9.642235696,33,1,0.0331373,1,1,12,30,3.6,20,PAV037
19,1,31,1,198.333655,156.4068667,31,1,19,1,31,1,5,10,100,10,12,70,8.4,1.6,1,1.874039,386,0.890773858,0.627953163,3.737211215,6.937211215,31,1,0.0332629,1,2,12,70,8.4,20,PAV037
19,1,32,1,202.800284,159.7362667,32,0,19,1,32,1,5,10,100,10,15,60,9,1,2,3.554203,396,0.974426706,0.978911203,1.499649262,6.499649262,52,1,0.0333069,1,2,15,60,9,10,PAV037
19,1,33,1,209.383785,161.8465667,33,0,19,1,33,1,5,10,100,10,30,20,6,4,2,1.2886635,406,0.671652771,0.880565137,2.511241883,7.111241883,46,1,0.0332345,1,2,30,20,6,30,PAV037
19,1,34,1,213.300438,164.1260667,34,0,19,1,34,1,5,25,20,5,10,100,10,-5,1,1.3371671,416,0.907290435,0.704892628,4.601404814,8.201404814,36,1,0.0332736,1,1,25,20,5,30,PAV037
19,1,35,1,217.333776,167.2965667,35,1,19,1,35,1,5,30,70,21,10,100,10,11,2,1.2830214,416,0.73434887,0.710746253,6.244943556,9.844943556,36,0,0.0332445,1,1,30,70,21,20,PAV037
19,1,36,1,221.150532,169.5463667,36,1,19,1,36,1,5,10,100,10,15,60,9,1,1,2.4926222,416,0.677260995,0.650449137,6.99026594,10.39026594,33,0,0.0332241,1,2,15,60,9,10,PAV037
19,1,37,1,226.067163,171.9261,37,0,19,1,37,1,5,30,50,15,10,100,10,5,1,0.9838781,426,0.848599902,0.948328909,5.90754675,10.70754675,50,1,0.0331779,1,1,30,50,15,0,PAV037
19,1,38,1,229.933849,174.7065667,38,0,19,1,38,1,5,12,20,2.4,10,100,10,-7.6,1,1.0902843,436,0.738480059,0.968453673,0.915002518,5.915002518,52,1,0.0332083,1,1,12,20,2.4,30,PAV037
19,1,39,1,233.817343,176.9262333,39,1,19,1,39,1,5,10,100,10,30,80,24,-14,1,1.0721379,436,0.706187459,0.633745116,7.32594437,10.52594437,32,0,0.0333243,1,2,30,80,24,30,PAV037
19,1,40,1,237.317301,180.2761,40,0,19,1,40,1,5,10,100,10,25,60,15,-5,2,1.4705304,446,0.723451657,0.751473043,5.728494877,9.528494877,39,1,0.033385,1,2,25,60,15,10,PAV037
19,1,41,1,241.350647,183.0261667,41,0,19,1,41,1,5,10,100,10,30,30,9,1,2,1.2068943,456,0.535739046,0.601098098,5.250328573,8.450328573,30,1,0.0333549,1,2,30,30,9,20,PAV037
19,1,42,1,244.783979,185.2458667,42,1,19,1,42,1,5,10,100,10,12,80,9.6,0.4,1,1.1444403,456,0.508757048,0.570172082,7.402278119,10.40227812,28,0,0.0334599,1,2,12,80,9.6,30,PAV037
19,1,43,1,248.100701,188.6957333,43,0,19,1,43,1,5,10,100,10,15,40,6,4,2,0.768947,466,0.873361824,1.124612602,-0.583796994,5.216203006,61,1,0.0331855,1,2,15,40,6,10,PAV037
19,1,44,1,251.950822,191.7558,44,0,19,1,44,1,5,10,100,10,20,20,4,6,2,1.3713686,476,0.795556894,0.519544468,7.082903172,9.682903172,25,1,0.033273,1,2,20,20,4,30,PAV037
19,1,45,1,255.717521,193.8964667,45,0,19,1,45,1,5,10,100,10,20,90,18,-8,2,1.2787011,486,0.977335459,0.73188902,1.239410894,5.039410894,37,1,0.0332455,1,2,20,90,18,40,PAV037
19,1,46,1,259.784133,196.2955667,46,0,19,1,46,1,5,10,100,10,25,60,15,-5,2,4.4059038,496,0.650866682,0.863273882,2.53178758,6.93178758,45,1,0.0334219,1,2,25,60,15,10,PAV037
19,1,47,1,266.784282,200.2054667,47,0,19,1,47,1,5,10,100,10,20,40,8,2,2,1.2340586,506,0.645809668,0.560882093,5.553622174,8.553622174,27,1,0.0332065,1,2,20,40,8,10,PAV037
19,1,48,1,270.300962,201.8762667,48,0,19,1,48,1,5,20,30,6,10,100,10,-4,1,2.3285226,516,0.732299209,1.196727974,-0.105445476,5.894554524,65,1,0.0332281,1,1,20,30,6,20,PAV037
19,1,49,1,275.650973,207.3561,49,0,19,1,49,1,5,10,100,10,25,30,7.5,2.5,2,1.6051635,526,0.694298626,0.96288342,1.841267936,6.841267936,51,1,0.0332912,1,2,25,30,7.5,20,PAV037
19,1,50,1,279.98441,210.6657,50,1,19,1,50,1,5,10,100,10,25,50,12.5,-2.5,1,2.5098123,526,0.779409379,0.67496735,7.421411998,10.821412,34,0,0.0331295,1,2,25,50,12.5,0,PAV037
20,2,1,1,13.282867,2.459666667,1,0,20,2,1,1,5,20,40,8,10,100,10,-2,1,1.4462326,10,0.852424052,0.961341745,3.537799585,8.537799585,51,1,0.0332615,1,1,20,40,8,10,PAV037
20,2,2,1,17.632944,14.73983333,2,1,20,2,2,1,5,10,100,10,30,80,24,-14,1,1.7485757,40,0.56794634,0.696853523,2.094021558,5.694021558,35,1,0.0332467,1,2,30,80,24,30,PAV037
20,2,3,1,21.733014,16.75033333,3,1,20,2,3,1,5,10,100,10,12,80,9.6,0.4,1,2.1212527,52,0.879849057,1.101487746,2.677572531,8.277572531,60,1,0.0332629,1,2,12,80,9.6,30,PAV037
20,2,4,1,26.93306,20.1194,4,1,20,2,4,1,5,25,70,17.5,10,100,10,7.5,2,1.9349546,77,0.914632212,1.133013563,0.131435205,5.931435205,61,1,0.033226,1,1,25,70,17.5,20,PAV037
20,2,5,1,31.99971,23.85943333,5,1,20,2,5,1,5,10,100,10,15,80,12,-2,1,2.5692146,92,0.536267657,1.058885573,0.933427618,6.333427618,57,1,0.0332742,1,2,15,80,12,30,PAV037
20,2,6,1,37.249837,26.0193,6,0,20,2,6,1,5,25,20,5,10,100,10,-5,1,1.304779,102,0.778532297,0.548917681,2.847542711,5.647542711,26,1,0.0331896,1,1,25,20,5,30,PAV037
20,2,7,1,40.949783,30.03996667,7,1,20,2,7,1,5,10,100,10,12,90,10.8,-0.8,1,1.1979761,102,0.787256438,0.93044601,5.921651001,10.721651,49,0,0.0331888,1,2,12,90,10.8,40,PAV037
20,2,8,1,44.949813,34.56916667,8,0,20,2,8,1,5,30,60,18,10,100,10,8,1,3.1468876,112,0.667018823,0.942480129,5.715432921,10.51543292,50,1,0.0332236,1,1,30,60,18,10,PAV037
20,2,9,1,50.799876,36.6896,9,0,20,2,9,1,5,10,100,10,25,50,12.5,-2.5,2,1.5198512,122,0.666125678,0.6044206,7.341531495,10.5415315,30,1,0.0332886,1,2,25,50,12.5,0,PAV037
20,2,10,1,54.683253,39.139,10,1,20,2,10,1,5,30,50,15,10,100,10,5,,,122,0.577173202,0.644148722,,,,,,,1,30,50,15,0,PAV037
20,2,11,1,60.700051,40.14966667,11,1,20,2,11,1,5,10,100,10,15,20,3,7,1,2.2545967,122,0.857670527,0.948385864,1.962025587,6.762025587,50,0,0.0338238,1,2,15,20,3,30,PAV037
20,2,12,1,65.833359,43.1189,12,1,20,2,12,1,5,10,100,10,15,90,13.5,-3.5,1,1.4698853,137,0.872361641,0.900726111,3.525003275,8.125003275,48,1,0.0333525,1,2,15,90,13.5,40,PAV037
20,2,13,1,70.166701,48.09926667,13,0,20,2,13,1,5,15,30,4.5,10,100,10,-5.5,1,1.0499969,147,0.833996764,0.66137047,5.671198848,9.071198848,33,1,0.0332066,1,1,15,30,4.5,20,PAV037
20,2,14,1,73.800155,50.09923333,14,1,20,2,14,1,5,10,100,10,25,80,20,-10,1,1.363069,172,0.774016268,0.676538259,2.731728536,6.131728536,34,1,0.0332536,1,2,25,80,20,30,PAV037
20,2,15,1,77.700145,52.96883333,15,0,20,2,15,1,5,15,60,9,10,100,10,-1,1,1.915734,182,0.953419814,0.541917297,7.403230107,10.20323011,26,1,0.0332475,1,1,15,60,9,10,PAV037
20,2,16,1,82.200235,59.19866667,16,0,20,2,16,1,5,10,100,10,12,20,2.4,7.6,2,1.1179466,192,0.909569892,1.019808071,3.324848433,8.524848433,55,1,0.0325173,1,2,12,20,2.4,30,PAV037
20,2,17,1,86.333553,60.69866667,17,0,20,2,17,1,5,20,50,10,10,100,10,0,1,1.2393193,202,0.797931163,1.152478542,4.947406444,10.74740644,63,1,0.0332536,1,1,20,50,10,0,PAV037
20,2,18,1,90.616858,64.9387,18,0,20,2,18,1,5,15,50,7.5,10,100,10,-2.5,1,1.4568631,212,0.673679826,1.009736306,1.378345197,6.578345197,54,1,0.0332294,1,1,15,50,7.5,0,PAV037
20,2,19,1,94.833671,67.31923333,19,0,20,2,19,1,5,20,20,4,10,100,10,-6,1,1.0744769,222,0.720279244,0.953468509,3.029870047,7.829870047,51,1,0.0332636,1,1,20,20,4,30,PAV037
20,2,20,1,98.666977,70.1692,20,1,20,2,20,1,5,30,90,27,10,100,10,17,2,1.1860684,252,0.88559187,0.947255586,0.902363531,5.702363531,50,1,0.033263,1,1,30,90,27,40,PAV037
20,2,21,1,102.767106,72.91866667,21,0,20,2,21,1,5,12,40,4.8,10,100,10,-5.2,1,1.0317237,262,0.734154852,0.631039804,5.606511958,8.806511958,31,1,0.033373,1,1,12,40,4.8,10,PAV037
20,2,22,1,106.250448,75.18893333,22,1,20,2,22,1,5,20,80,16,10,100,10,6,2,0.9379064,282,0.816596766,0.76642829,2.234107001,6.234107001,39,1,0.0331799,1,1,20,80,16,30,PAV037
20,2,23,1,109.850504,77.69893333,23,1,20,2,23,1,5,10,100,10,12,60,7.2,2.8,1,2.2774286,294,0.527470567,0.782953065,1.633728792,5.633728792,40,1,0.0333011,1,2,12,60,7.2,10,PAV037
20,2,24,1,114.500447,81.19833333,24,0,20,2,24,1,5,30,20,6,10,100,10,-4,1,0.9154385,304,0.747629721,0.696573058,2.046850057,5.646850057,35,1,0.0331858,1,1,30,20,6,30,PAV037
20,2,25,1,117.950445,83.3386,25,1,20,2,25,1,5,10,100,10,15,70,10.5,-0.5,1,1.4678462,304,0.555128428,1.003745137,4.783642887,9.983642887,54,0,0.0332538,1,2,15,70,10.5,20,PAV037
20,2,26,1,122.067199,86.33886667,26,0,20,2,26,1,5,20,30,6,10,100,10,-4,1,0.9715196,314,0.534221712,0.620389378,2.701812632,5.901812632,31,1,0.0332639,1,1,20,30,6,20,PAV037
20,2,27,1,125.283986,89.76866667,27,0,20,2,27,1,5,25,50,12.5,10,100,10,2.5,1,1.8878109,324,0.710661225,0.59494318,2.922490636,5.922490636,29,1,0.0333809,1,1,25,50,12.5,0,PAV037
20,2,28,1,129.550619,92.0881,28,1,20,2,28,1,5,10,100,10,25,60,15,-5,1,2.2187093,349,0.852016574,0.701798545,4.046252577,7.646252577,36,1,0.0332294,1,2,25,60,15,10,PAV037
20,2,29,1,134.417382,94.838,29,0,20,2,29,1,5,10,100,10,25,30,7.5,2.5,2,1.146001,359,0.78319616,0.924380862,1.553285232,6.353285232,49,1,0.0331781,1,2,25,30,7.5,20,PAV037
20,2,30,1,138.367343,97.89816667,30,0,20,2,30,1,5,25,50,12.5,10,100,10,2.5,1,1.691589,369,0.528014494,0.61695667,7.622195492,10.82219549,31,1,0.0332597,1,1,25,50,12.5,0,PAV037
20,2,31,1,142.284002,99.86783333,31,1,20,2,31,1,5,10,100,10,20,50,10,0,1,2.0238549,369,0.775815802,0.711163564,4.537708196,8.137708196,36,0,0.033219,1,2,20,50,10,0,PAV037
20,2,32,1,146.867466,102.7678667,32,0,20,2,32,1,5,10,100,10,15,40,6,4,2,1.0178966,379,0.686701189,0.561293686,7.208293193,10.20829319,27,1,0.033202,1,2,15,40,6,10,PAV037
20,2,33,1,150.217496,105.4684333,33,1,20,2,33,1,5,25,90,22.5,10,100,10,12.5,2,1.1966084,404,0.853911415,0.573727346,7.177321035,10.17732103,28,1,0.0330132,1,1,25,90,22.5,40,PAV037
20,2,34,1,153.934143,107.1986667,34,0,20,2,34,1,5,10,100,10,20,50,10,0,2,1.4433586,414,0.50859248,1.065522469,3.446334773,8.846334773,57,1,0.0331038,1,2,20,50,10,0,PAV037
20,2,35,1,158.034195,109.8483333,35,0,20,2,35,1,5,10,100,10,25,40,10,0,2,1.4126829,424,0.681582793,0.927596078,0.793337187,5.593337187,49,1,0.033308,1,2,25,40,10,10,PAV037
20,2,36,1,162.150933,113.9381,36,0,20,2,36,1,5,10,100,10,20,50,10,0,2,2.0408292,434,0.664463125,0.892556927,1.59193077,6.19193077,47,1,0.0330319,1,2,20,50,10,0,PAV037
20,2,37,1,166.83426,115.4376333,37,1,20,2,37,1,5,10,100,10,20,60,12,-2,1,1.2146835,434,0.654282598,0.581789009,5.851259413,8.851259413,28,0,0.0332551,1,2,20,60,12,10,PAV037
20,2,38,1,170.367711,117.9483333,38,0,20,2,38,1,5,12,50,6,10,100,10,-4,1,1.0808025,444,0.532348867,1.098154798,0.983864983,6.583864983,59,1,0.0333046,1,1,12,50,6,0,PAV037
20,2,39,1,174.167699,121.4676,39,0,20,2,39,1,5,10,100,10,30,40,12,-2,2,1.3272802,454,0.85522258,0.77093014,3.70174841,7.70174841,40,1,0.0332748,1,2,30,40,12,10,PAV037
20,2,40,1,178.217723,123.0476667,40,0,20,2,40,1,5,10,100,10,30,50,15,-5,2,3.2965054,464,0.838545988,0.828006577,2.469647808,6.669647808,43,1,0.0333086,1,2,30,50,15,0,PAV037
20,2,41,1,184.267737,125.2881,41,0,20,2,41,1,5,30,40,12,10,100,10,2,1,1.340717,474,0.950179537,0.982781218,1.953081775,6.953081775,52,1,0.0332425,1,1,30,40,12,10,PAV037
20,2,42,1,188.617785,128.7982333,42,0,20,2,42,1,5,10,100,10,30,30,9,1,2,1.443183,484,0.895412467,0.756652441,2.163755566,5.963755566,39,1,0.0333112,1,2,30,30,9,20,PAV037
20,2,43,1,192.80126,131.7875333,43,1,20,2,43,1,5,10,100,10,25,60,15,-5,1,1.567219,484,0.606724986,0.65480778,6.539498884,9.939498884,33,0,0.0332033,1,2,25,60,15,10,PAV037
20,2,44,1,196.717857,134.4178,44,0,20,2,44,1,5,25,40,10,10,100,10,0,1,1.0976428,494,0.951606982,0.924553756,5.596768132,10.39676813,49,1,0.0303262,1,1,25,40,10,10,PAV037
20,2,45,1,200.784592,137.5372,45,1,20,2,45,1,5,20,70,14,10,100,10,4,2,1.2977198,514,0.877626857,0.534803847,3.715883788,6.515883788,26,1,0.0332459,1,1,20,70,14,20,PAV037
20,2,46,1,204.584622,140.0672,46,1,20,2,46,1,5,12,70,8.4,10,100,10,-1.6,2,1.2502556,526,0.514286133,0.832381661,1.558639131,5.758639131,43,1,0.0332931,1,1,12,70,8.4,20,PAV037
20,2,47,1,208.268066,142.2871,47,1,20,2,47,1,5,10,100,10,20,90,18,-8,1,1.3180106,546,0.668734992,0.671146435,6.098299742,9.498299742,34,1,0.0331924,1,2,20,90,18,40,PAV037
20,2,48,1,212.018088,146.0471333,48,1,20,2,48,1,5,10,100,10,30,70,21,-11,1,1.4079178,576,0.504605831,0.520149401,4.064878655,6.864878655,25,1,0.033194,1,2,30,70,21,20,PAV037
20,2,49,1,215.534758,147.8978333,49,0,20,2,49,1,5,12,30,3.6,10,100,10,-6.4,1,1.1525571,586,0.539159971,0.904240436,0.959295037,5.559295037,48,1,0.033339,1,1,12,30,3.6,20,PAV037
20,2,50,1,219.218121,150.2174,50,1,20,2,50,1,5,15,60,9,10,100,10,-1,2,2.1049804,586,0.670497254,0.585816157,6.528878577,9.528878577,29,0,0.0332138,1,1,15,60,9,10,PAV037
30,3,1,1,89.587465,2.569833333,1,0,30,3,1,1,5,10,100,10,30,30,9,1,2,2.3704589,10,0.713547105,0.782903871,1.190542523,5.190542523,39,1,0.0332989,1,2,30,30,9,20,PAV037
30,3,2,1,94.570798,91.98786667,2,1,30,3,2,1,5,10,100,10,25,70,17.5,-7.5,1,1.5452768,10,0.767662222,0.671708361,5.982474366,9.382474366,34,0,0.0333907,1,2,25,70,17.5,20,PAV037
30,3,3,1,98.6708,93.82776667,3,1,30,3,3,1,5,10,100,10,25,50,12.5,-2.5,1,1.479773,10,0.538521735,0.923949165,5.582731796,10.3827318,49,0,0.0332803,1,2,25,50,12.5,0,PAV037
30,3,4,1,102.704271,96.85763333,4,1,30,3,4,1,5,15,60,9,10,100,10,-1,2,2.4109589,25,0.720172922,0.580533833,2.551109397,5.551109397,28,1,0.0330905,1,1,15,60,9,10,PAV037
30,3,5,1,107.520984,100.1774667,5,1,30,3,5,1,5,12,60,7.2,10,100,10,-2.8,2,1.3385995,25,0.972135295,1.187993599,2.966774242,8.966774242,64,0,0.0333291,1,1,12,60,7.2,10,PAV037
30,3,6,1,112.13769,102.1575,6,1,30,3,6,1,5,10,100,10,15,70,10.5,-0.5,1,1.1812418,40,0.919148573,0.75421182,1.322509954,5.122509954,39,1,0.0330738,1,2,15,70,10.5,20,PAV037
30,3,7,1,116.087716,105.7578333,7,1,30,3,7,1,5,12,70,8.4,10,100,10,-1.6,2,1.4398691,40,0.99431626,0.808069984,5.591522873,9.791522873,42,0,0.0325896,1,1,12,70,8.4,20,PAV037
30,3,8,1,120.4044,108.8875333,8,0,30,3,8,1,5,15,30,4.5,10,100,10,-5.5,1,0.8557113,50,0.905655739,0.605218099,2.889899657,6.089899657,30,1,0.0332697,1,1,15,30,4.5,20,PAV037
30,3,9,1,123.854413,111.1680333,9,1,30,3,9,1,5,20,50,10,10,100,10,0,2,1.5333393,50,0.695928505,1.088603509,3.3496725,8.9496725,59,0,0.0331933,1,1,20,50,10,0,PAV037
30,3,10,1,128.254514,114.1482,10,0,30,3,10,1,5,12,40,4.8,10,100,10,-5.2,1,1.0181672,60,0.53728639,0.512487389,4.526456859,7.126456859,24,1,0.0332353,1,1,12,40,4.8,10,PAV037
30,3,11,1,131.404568,117.5479333,11,1,30,3,11,1,5,25,60,15,10,100,10,5,2,0.9146478,60,0.926136481,1.159144635,4.057524312,9.857524312,63,0,0.0326485,1,1,25,60,15,10,PAV037
30,3,12,1,135.487819,119.4072667,12,1,30,3,12,1,5,10,100,10,20,50,10,0,1,1.559185,60,0.768304217,0.799823905,6.259606648,10.25960665,41,0,0.0334573,1,2,20,50,10,0,PAV037
30,3,13,1,139.704618,121.9271,13,1,30,3,13,1,5,12,80,9.6,10,100,10,-0.4,2,0.8366012,72,0.729485858,1.113332432,1.857047425,7.457047425,60,1,0.0332342,1,1,12,80,9.6,30,PAV037
30,3,14,1,143.471258,125.4072,14,0,30,3,14,1,5,10,100,10,30,40,12,-2,2,1.0708776,82,0.853805698,0.718640256,6.242423722,9.842423722,37,1,0.03314,1,2,30,40,12,10,PAV037
30,3,15,1,147.204732,127.5568667,15,1,30,3,15,1,5,10,100,10,30,90,27,-17,1,0.9832137,112,0.836930384,0.508758035,4.976809334,7.576809334,23,1,0.0331706,1,2,30,90,27,40,PAV037
30,3,16,1,150.621371,129.8468667,16,1,30,3,16,1,5,20,50,10,10,100,10,0,2,1.4333407,112,0.839862761,0.568647383,6.215509294,9.215509294,28,0,0.0330953,1,1,20,50,10,0,PAV037
30,3,17,1,154.554805,132.3475667,17,1,30,3,17,1,5,10,100,10,15,60,9,1,1,1.2831786,127,0.80505039,1.015005401,2.083591568,7.283591568,54,1,0.0334458,1,2,15,60,9,10,PAV037
30,3,18,1,158.738193,134.5572333,18,1,30,3,18,1,5,25,50,12.5,10,100,10,2.5,2,0.9674276,152,0.555424129,1.097224597,1.690043034,7.290043034,59,1,0.0332332,1,1,25,50,12.5,0,PAV037
30,3,19,1,162.438258,137.9168333,19,0,30,3,19,1,5,10,100,10,20,40,8,2,2,1.1907758,162,0.945150454,0.859137332,4.273291381,8.673291381,44,1,0.0334319,1,2,20,40,8,10,PAV037
30,3,20,1,166.504862,140.5671333,20,0,30,3,20,1,5,10,100,10,25,40,10,0,2,0.9561874,172,0.850534496,0.826328054,4.805594012,9.005594012,43,1,0.0331621,1,2,25,40,10,10,PAV037
30,3,21,1,170.221558,142.7274333,21,0,30,3,21,1,5,10,100,10,12,20,2.4,7.6,2,0.9810842,182,0.513543826,0.661971878,6.391067837,9.791067837,33,1,0.0330275,1,2,12,20,2.4,30,PAV037
30,3,22,1,173.471684,145.3266,22,0,30,3,22,1,5,20,30,6,10,100,10,-4,1,0.9634088,192,0.561094847,0.868888241,2.552315054,6.952315054,46,1,0.033292,1,1,20,30,6,20,PAV037
30,3,23,1,176.955073,148.2070333,23,1,30,3,23,1,5,10,100,10,15,90,13.5,-3.5,1,0.8969219,192,0.882706813,1.122944305,4.944694687,10.74469469,61,0,0.0329884,1,2,15,90,13.5,40,PAV037
30,3,24,1,180.955091,149.7766667,24,1,30,3,24,1,5,25,90,22.5,10,100,10,12.5,2,1.311982,217,0.948384086,0.780960503,1.605486091,5.605486091,40,1,0.0329603,1,1,25,90,22.5,40,PAV037
30,3,25,1,185.088408,152.6963667,25,1,30,3,25,1,5,20,70,14,10,100,10,4,2,0.6597321,237,0.608113906,0.577487444,4.142711319,7.142711319,28,1,0.0330165,1,1,20,70,14,20,PAV037
30,3,26,1,188.021723,155.8568,26,0,30,3,26,1,5,10,100,10,15,40,6,4,2,1.109365,247,0.640114826,1.008962784,2.746575052,7.946575052,54,1,0.0328673,1,2,15,40,6,10,PAV037
30,3,27,1,191.871774,157.9265667,27,0,30,3,27,1,5,12,30,3.6,10,100,10,-6.4,1,0.8566413,257,0.773221482,0.887448911,2.42233754,7.02233754,47,1,0.03322,1,1,12,30,3.6,20,PAV037
30,3,28,1,195.47182,160.8566667,28,1,30,3,28,1,5,10,100,10,20,60,12,-2,1,1.1939909,257,0.924637687,1.161245045,3.069948533,9.069948533,63,0,0.03308,1,2,20,60,12,10,PAV037
30,3,29,1,199.838594,163.6563667,29,1,30,3,29,1,5,30,60,18,10,100,10,8,2,0.8410326,287,0.90015643,1.087253389,2.030816227,7.630816227,59,1,0.0332479,1,1,30,60,18,10,PAV037
30,3,30,1,203.755254,165.5573333,30,1,30,3,30,1,5,10,100,10,12,90,10.8,-0.8,1,0.8575481,299,0.844139181,1.076118349,-0.420969877,4.979030123,58,1,0.0333482,1,2,12,90,10.8,40,PAV037
30,3,31,1,207.622004,168.3469333,31,1,30,3,31,1,5,10,100,10,20,90,18,-8,1,0.7046802,319,0.540892954,0.595599387,6.097844466,9.097844466,29,1,0.0335297,1,2,20,90,18,40,PAV037
30,3,32,1,210.538649,171.2261,32,1,30,3,32,1,5,10,100,10,25,60,15,-5,1,1.1917043,344,0.673203941,0.952957353,2.119808371,6.919808371,51,1,0.0332162,1,2,25,60,15,10,PAV037
30,3,33,1,214.455448,172.9468,33,1,30,3,33,1,5,20,80,16,10,100,10,6,2,1.0539072,344,0.797311518,0.79677738,6.403918599,10.4039186,41,0,0.0330707,1,1,20,80,16,30,PAV037
30,3,34,1,218.188816,175.3762,34,1,30,3,34,1,5,15,80,12,10,100,10,2,2,0.8906809,359,0.516562045,1.010650507,2.872532085,8.072532085,54,1,0.0329323,1,1,15,80,12,30,PAV037
30,3,35,1,221.688857,177.8765667,35,1,30,3,35,1,5,30,70,21,10,100,10,11,2,0.8796147,389,0.770864149,0.67388706,3.217291173,6.617291173,34,1,0.0333094,1,1,30,70,21,20,PAV037
30,3,36,1,225.105515,180.0660667,36,0,30,3,36,1,5,10,100,10,15,50,7.5,2.5,2,1.8076538,399,0.570158597,0.850519726,3.418807084,7.818807084,45,1,0.0329241,1,2,15,50,7.5,0,PAV037
30,3,37,1,229.422201,183.1160667,37,1,30,3,37,1,5,10,100,10,30,80,24,-14,1,0.8980495,399,0.904814465,0.793108595,6.532382507,10.53238251,41,0,0.0329628,1,2,30,80,24,30,PAV037
30,3,38,1,233.105663,185.7765,38,1,30,3,38,1,5,10,100,10,30,50,15,-5,1,1.5673092,399,0.535410388,0.832317826,6.664395797,10.8643958,43,0,0.0332206,1,2,30,50,15,0,PAV037
30,3,39,1,237.122374,187.4161,39,1,30,3,39,1,5,25,80,20,10,100,10,10,2,0.8823991,424,0.867580212,1.11785792,2.725258503,8.325258503,61,1,0.0331803,1,1,25,80,20,30,PAV037
30,3,40,1,241.089062,190.2068,40,0,30,3,40,1,5,25,20,5,10,100,10,-5,1,0.8935178,434,0.816127681,1.055793939,3.319424609,8.719424609,57,1,0.0331083,1,1,25,20,5,30,PAV037
30,3,41,1,244.955775,192.7462,41,0,30,3,41,1,5,10,100,10,12,50,6,4,2,1.1938296,444,0.641084034,1.187137273,1.033603575,7.033603575,65,1,0.0331139,1,2,12,50,6,0,PAV037
30,3,42,1,249.072475,194.6957667,42,1,30,3,42,1,5,30,50,15,10,100,10,5,2,1.3396792,474,0.99694631,0.891383377,2.712516618,7.312516618,47,1,0.0321262,1,1,30,50,15,0,PAV037
30,3,43,1,253.389223,197.896,43,0,30,3,43,1,5,10,100,10,20,20,4,6,2,1.148898,484,0.791603248,0.781061157,3.084083118,7.084083118,40,1,0.0328443,1,2,20,20,4,30,PAV037
30,3,44,1,257.205916,200.7057333,44,0,30,3,44,1,5,10,100,10,25,30,7.5,2.5,2,1.2190668,494,0.769295021,0.744289045,1.148292131,4.948292131,38,1,0.0333236,1,2,25,30,7.5,20,PAV037
30,3,45,1,261.022596,202.8457333,45,0,30,3,45,1,5,10,100,10,15,20,3,7,2,0.7265791,504,0.96756183,0.733431868,6.333283351,10.13328335,37,1,0.0333349,1,2,15,20,3,30,PAV037
30,3,46,1,264.539329,205.7653333,46,0,30,3,46,1,5,25,40,10,10,100,10,0,1,1.3805745,514,0.874269415,0.767361116,4.90344417,8.90344417,40,1,0.0333205,1,1,25,40,10,10,PAV037
30,3,47,1,268.655954,208.3456,47,0,30,3,47,1,5,10,100,10,30,20,6,4,2,1.2286787,524,0.994838282,0.880225464,4.099429688,8.699429688,46,1,0.0331399,1,2,30,20,6,30,PAV037
30,3,48,1,272.839351,209.9952333,48,1,30,3,48,1,5,20,50,10,10,100,10,0,2,1.9231167,524,0.820288462,0.699299662,5.232002707,8.832002707,35,0,0.0330803,1,1,20,50,10,0,PAV037
30,3,49,1,277.372766,212.7651333,49,0,30,3,49,1,5,30,40,12,10,100,10,2,1,0.6009773,534,0.942437799,0.578700315,5.653207353,8.653207353,28,1,0.0338657,1,1,30,40,12,10,PAV037
30,3,50,1,280.572763,215.5357,50,1,30,3,50,1,5,25,50,12.5,10,100,10,2.5,2,2.0277937,559,0.796161523,0.950011359,2.614645899,7.414645899,50,1,0.0334177,1,1,25,50,12.5,0,PAV037
31,4,1,1,13.326433,2.488866667,1,0,31,4,1,1,5,10,100,10,20,20,4,6,2,1.3345575,10,0.719125451,0.63335307,2.959773519,6.159773519,32,1,0.0332713,1,2,20,20,4,30,PAV037
31,4,2,1,17.109887,14.65893333,2,0,31,4,2,1,5,30,20,6,10,100,10,-4,1,0.9338183,20,0.502312686,0.881827738,2.212839774,6.812839774,46,1,0.0332599,1,1,30,20,6,30,PAV037
31,4,3,1,20.509881,16.35916667,3,1,31,4,3,1,5,15,70,10.5,10,100,10,0.5,2,1.0113561,35,0.95185967,0.626785531,4.250250824,7.450250824,31,1,0.0332844,1,1,15,70,10.5,20,PAV037
31,4,4,1,24.193202,18.9585,4,0,31,4,4,1,5,15,60,9,10,100,10,-1,1,1.4589281,45,0.630164422,0.794171003,2.102119088,6.102119088,41,1,0.0333725,1,1,15,60,9,10,PAV037
31,4,5,1,28.176642,21.5189,5,1,31,4,5,1,5,10,100,10,15,90,13.5,-3.5,1,1.1213658,60,0.590533824,1.131450358,0.504857097,6.304857097,61,1,0.0331623,1,2,15,90,13.5,40,PAV037
31,4,6,1,32.093279,23.20916667,6,1,31,4,6,1,5,10,100,10,25,80,20,-10,1,1.0815226,60,0.738174696,1.146290731,4.564603473,10.36460347,62,0,0.0333464,1,2,25,80,20,30,PAV037
31,4,7,1,36.143293,26.4892,7,0,31,4,7,1,5,10,100,10,12,50,6,4,2,1.2727239,70,0.755555936,1.085555299,0.138511857,5.738511857,59,1,0.0332428,1,2,12,50,6,0,PAV037
31,4,8,1,40.343455,29.29916667,8,1,31,4,8,1,5,10,100,10,30,90,27,-17,1,0.8003594,100,0.500861137,0.679948245,4.794723971,8.194723971,34,1,0.0332531,1,2,30,90,27,40,PAV037
31,4,9,1,43.410191,31.4687,9,0,31,4,9,1,5,25,50,12.5,10,100,10,2.5,1,1.111693,110,0.711847652,0.688578675,3.18508835,6.78508835,35,1,0.033377,1,1,25,50,12.5,0,PAV037
31,4,10,1,47.010068,34.35903333,10,1,31,4,10,1,5,25,90,22.5,10,100,10,12.5,2,0.9529436,135,0.66011507,0.647981182,6.686885584,10.08688558,32,1,0.0333758,1,1,25,90,22.5,40,PAV037
31,4,11,1,50.343476,37.40866667,11,0,31,4,11,1,5,25,20,5,10,100,10,-5,1,0.7899218,145,0.888862818,0.93012029,2.55272254,7.35272254,49,1,0.0331749,1,1,25,20,5,30,PAV037
31,4,12,1,54.02691,39.55903333,12,1,31,4,12,1,5,25,70,17.5,10,100,10,7.5,2,1.5882131,170,0.648600261,0.577820777,2.969818754,5.969818754,28,1,0.0331515,1,1,25,70,17.5,20,PAV037
31,4,13,1,57.926908,41.8581,13,0,31,4,13,1,5,30,30,9,10,100,10,-1,1,0.8720209,180,0.603162955,0.979209164,5.645933914,10.64593391,52,1,0.0332707,1,1,30,30,9,20,PAV037
31,4,14,1,61.460345,44.51866667,14,0,31,4,14,1,5,10,100,10,20,50,10,0,2,1.3053002,190,0.612507943,0.765933907,5.372580774,9.372580774,39,1,0.0332591,1,2,20,50,10,0,PAV037
31,4,15,1,65.227095,46.2686,15,0,31,4,15,1,5,15,50,7.5,10,100,10,-2.5,1,1.382885,200,0.775097546,1.017554128,4.904001153,10.10400115,55,1,0.0332846,1,1,15,50,7.5,0,PAV037
31,4,16,1,69.49367,48.63866667,16,1,31,4,16,1,5,20,70,14,10,100,10,4,2,1.387677,220,0.840762135,0.932850878,0.227867627,5.027867627,49,1,0.0332267,1,1,20,70,14,20,PAV037
31,4,17,1,73.727136,51.12826667,17,0,31,4,17,1,5,15,20,3,10,100,10,-7,1,0.7061469,230,0.975271455,0.887284338,6.316669597,10.9166696,47,1,0.0331509,1,1,15,20,3,30,PAV037
31,4,18,1,77.377165,53.10806667,18,1,31,4,18,1,5,15,80,12,10,100,10,2,2,0.9935724,230,0.786443527,0.794635641,6.720829118,10.72082912,41,0,0.0321237,1,1,15,80,12,30,PAV037
31,4,19,1,81.043813,56.2181,19,0,31,4,19,1,5,10,100,10,25,40,10,0,2,0.9031049,240,0.716877545,0.657666009,4.386815298,7.786815298,33,1,0.033211,1,2,25,40,10,10,PAV037
31,4,20,1,84.410626,58.7981,20,1,31,4,20,1,5,20,80,16,10,100,10,6,2,1.0192539,240,0.572873295,0.804424013,6.559718866,10.75971887,42,0,0.0336391,1,1,20,80,16,30,PAV037
31,4,21,1,87.893819,60.8178,21,0,31,4,21,1,5,10,100,10,15,30,4.5,5.5,2,0.8504572,250,0.654164608,0.954337894,2.83215764,7.63215764,51,1,0.0332739,1,2,15,30,4.5,20,PAV037
31,4,22,1,91.443952,63.5577,22,1,31,4,22,1,5,10,100,10,30,70,21,-11,1,1.1815484,280,0.905382672,1.113300623,-0.707718039,4.892281961,60,1,0.0333099,1,2,30,70,21,20,PAV037
31,4,23,1,95.727366,66.60853333,23,1,31,4,23,1,5,10,100,10,20,50,10,0,1,1.923803,300,0.698357086,1.133589892,1.358264194,7.158264194,62,1,0.0331825,1,2,20,50,10,0,PAV037
31,4,24,1,100.577429,68.68753333,24,1,31,4,24,1,5,10,100,10,15,60,9,1,1,1.4077308,300,0.628991209,0.878273681,5.504447244,9.904447244,46,0,0.033364,1,2,15,60,9,10,PAV037
31,4,25,1,104.577388,71.83806667,25,0,31,4,25,1,5,10,100,10,30,40,12,-2,2,0.9839535,310,0.964083626,0.694722843,2.322689661,5.922689661,35,1,0.0335036,1,2,30,40,12,10,PAV037
31,4,26,1,108.310854,74.42796667,26,0,31,4,26,1,5,20,40,8,10,100,10,-2,1,1.0745838,320,0.839108726,0.500468937,7.294677068,9.894677068,24,1,0.0332611,1,1,20,40,8,10,PAV037
31,4,27,1,111.810864,76.36756667,27,1,31,4,27,1,5,10,100,10,20,60,12,-2,1,1.0959621,340,0.816585259,0.587767791,2.308501354,5.308501354,29,1,0.0330785,1,2,20,60,12,10,PAV037
31,4,28,1,115.410892,79.20833333,28,1,31,4,28,1,5,30,80,24,10,100,10,14,2,0.991581,370,0.733326739,0.755232951,5.73092142,9.53092142,39,1,0.0332846,1,1,30,80,24,30,PAV037
31,4,29,1,118.994268,81.93733333,29,0,31,4,29,1,5,10,100,10,12,30,3.6,6.4,2,0.930566,380,0.683269537,0.544506895,5.919396349,8.719396349,26,1,0.0331667,1,2,12,30,3.6,20,PAV037
31,4,30,1,122.244213,83.6572,30,0,31,4,30,1,5,10,100,10,30,40,12,-2,2,1.611172,390,0.884717319,0.971425545,2.949843795,7.949843795,52,1,0.0333635,1,2,30,40,12,10,PAV037
31,4,31,1,126.811029,86.2674,31,1,31,4,31,1,5,10,100,10,12,70,8.4,1.6,1,1.0890557,402,0.875431508,0.869398256,4.299192534,8.699192534,46,1,0.0324935,1,2,12,70,8.4,20,PAV037
31,4,32,1,130.727727,88.73776667,32,1,31,4,32,1,5,10,100,10,25,60,15,-5,1,1.481456,427,0.939568684,0.817562436,3.329319517,7.529319517,43,1,0.0332125,1,2,25,60,15,10,PAV037
31,4,33,1,135.060994,90.75783333,33,0,31,4,33,1,5,12,40,4.8,10,100,10,-5.2,1,1.1233581,437,0.732856053,0.945003645,5.545997672,10.34599767,50,1,0.0331928,1,1,12,40,4.8,10,PAV037
31,4,34,1,138.944498,93.76773333,34,0,31,4,34,1,5,20,50,10,10,100,10,0,1,1.9424753,447,0.925652174,0.957544565,4.994561692,9.794561692,51,1,0.0335087,1,1,20,50,10,0,PAV037
31,4,35,1,143.861197,97.6474,35,0,31,4,35,1,5,10,100,10,15,40,6,4,2,1.0964808,457,0.896722138,0.584553242,2.000783573,5.000783573,29,1,0.0331382,1,2,15,40,6,10,PAV037
31,4,36,1,147.544579,99.83703333,36,0,31,4,36,1,5,10,100,10,20,30,6,4,2,1.1063962,467,0.641991421,0.774847565,2.886090745,6.886090745,40,1,0.0331221,1,2,20,30,6,20,PAV037
31,4,37,1,151.144608,102.9072333,37,1,31,4,37,1,5,10,100,10,12,90,10.8,-0.8,1,1.3648261,479,0.93726881,0.545490027,4.546335847,7.346335847,26,1,0.0332093,1,2,12,90,10.8,40,PAV037
31,4,38,1,155.077894,105.5575667,38,1,31,4,38,1,5,20,90,18,10,100,10,8,2,1.1813806,499,0.532976951,0.824024328,4.903194372,9.103194372,43,1,0.0326108,1,1,20,90,18,40,PAV037
31,4,39,1,158.711371,107.3070333,39,1,31,4,39,1,5,30,50,15,10,100,10,5,2,1.0391797,529,0.825741337,0.999042073,1.221661744,6.221661744,53,1,0.0327821,1,1,30,50,15,0,PAV037
31,4,40,1,162.644681,109.9172333,40,0,31,4,40,1,5,10,100,10,25,40,10,0,2,1.1783648,539,0.685763045,0.664989966,1.568426485,4.968426485,33,1,0.0331998,1,2,25,40,10,10,PAV037
31,4,41,1,166.261432,112.8975,41,1,31,4,41,1,5,20,50,10,10,100,10,0,2,1.0844437,539,0.707589073,0.940310697,5.284596161,10.08459616,50,0,0.033152,1,1,20,50,10,0,PAV037
31,4,42,1,170.078105,114.5567667,42,1,31,4,42,1,5,30,50,15,10,100,10,5,2,0.9529056,569,0.898919382,0.508330323,3.120334439,5.720334439,24,1,0.0331832,1,1,30,50,15,0,PAV037
31,4,43,1,173.528076,117.2071333,43,0,31,4,43,1,5,12,20,2.4,10,100,10,-7.6,1,1.1083485,579,0.830676069,0.832946637,5.126873972,9.326873972,43,1,0.0332501,1,1,12,20,2.4,30,PAV037
31,4,44,1,177.378196,119.9171333,44,1,31,4,44,1,5,10,100,10,12,80,9.6,0.4,1,1.3924782,591,0.592405887,0.685005741,1.421019782,5.021019782,35,1,0.0329037,1,2,12,80,9.6,30,PAV037
31,4,45,1,181.144856,121.5171333,45,1,31,4,45,1,5,25,50,12.5,10,100,10,2.5,2,2.1204213,591,0.511629741,1.027809283,4.439753659,9.639753659,55,0,0.0331363,1,1,25,50,12.5,0,PAV037
31,4,46,1,185.878252,124.8670333,46,1,31,4,46,1,5,30,60,18,10,100,10,8,2,1.0523211,621,0.958636975,0.892332763,2.411359058,7.011359058,47,1,0.0330273,1,1,30,60,18,10,PAV037
31,4,47,1,189.861674,127.8971667,47,1,31,4,47,1,5,10,100,10,12,60,7.2,2.8,1,1.1196454,633,0.616747625,1.054558231,-0.157943396,5.242056604,57,1,0.0332612,1,2,12,60,7.2,10,PAV037
31,4,48,1,193.744944,129.8263667,48,1,31,4,48,1,5,10,100,10,25,50,12.5,-2.5,1,1.7321204,633,0.556170993,1.128442916,3.772477398,9.572477398,61,0,0.0332053,1,2,25,50,12.5,0,PAV037
31,4,49,1,198.244963,133.0666333,49,0,31,4,49,1,5,10,100,10,25,30,7.5,2.5,2,0.8784602,643,0.945308548,1.091762269,2.494569857,8.094569857,59,1,0.0331541,1,2,25,30,7.5,20,PAV037
31,4,50,1,202.245028,136.1769667,50,1,31,4,50,1,5,25,60,15,10,100,10,5,2,1.3312935,668,0.665208933,0.796205396,3.252163396,7.252163396,41,1,0.033056,1,1,25,60,15,10,PAV037
14,3,1,1,59.433697,2.699333333,1,0,14,3,1,1,5,10,100,10,25,50,12.5,-2.5,2,1.2605027,10,0.968237995,0.733029578,1.747559819,5.547559819,37,1,0.0330831,1,2,25,50,12.5,0,PAV044
14,3,2,1,63.500415,60.84733333,2,0,14,3,2,1,5,10,100,10,20,50,10,0,2,1.631016,20,0.569892865,0.502596108,7.004311227,9.604311227,24,1,0.0418243,1,2,20,50,10,0,PAV044
14,3,3,1,67.300455,62.63596667,3,0,14,3,3,1,5,12,20,2.4,10,100,10,-7.6,1,1.7485612,30,0.827690508,0.88485458,6.113561111,10.71356111,45,1,0.0333559,1,1,12,20,2.4,30,PAV044
14,3,4,1,71.867186,65.84513333,4,0,14,3,4,1,5,10,100,10,15,20,3,7,2,1.3681991,40,0.585302081,0.553003946,6.805592918,9.605592918,27,1,0.0334574,1,2,15,20,3,30,PAV044
14,3,5,1,75.483897,69.20166667,5,1,14,3,5,1,5,10,100,10,15,60,9,1,1,1.3268259,55,0.641742469,0.914858281,0.429136907,5.029136907,48,1,0.0323001,1,2,15,60,9,10,PAV044
14,3,6,1,79.450569,71.15346667,6,0,14,3,6,1,5,10,100,10,30,30,9,1,2,1.81415,65,0.820682711,0.590249219,3.1275665,6.1275665,27,1,0.0332403,1,2,30,30,9,20,PAV044
14,3,7,1,83.767319,73.9862,7,1,14,3,7,1,5,10,100,10,30,70,21,-11,1,1.4103774,95,0.876060808,0.659942716,5.280893797,8.680893797,33,1,0.0511657,1,2,30,70,21,20,PAV044
14,3,8,1,87.817383,76.96453333,8,0,14,3,8,1,5,12,90,10.8,10,100,10,0.8,1,1.3605326,105,0.758001364,1.172549902,2.666792426,8.666792426,64,1,0.0329323,1,1,12,90,10.8,40,PAV044
14,3,9,1,92.200644,78.9358,9,0,14,3,9,1,5,10,100,10,30,40,12,-2,2,1.9160733,115,0.500705353,1.160826184,3.156873589,9.156873589,62,1,0.0327662,1,2,30,40,12,10,PAV044
14,3,10,1,96.867498,82.05283333,10,1,14,3,10,1,5,10,100,10,12,80,9.6,0.4,1,1.3650718,127,0.693386726,0.762435905,5.12141199,9.12141199,38,1,0.0336187,1,2,12,80,9.6,30,PAV044
14,3,11,1,100.767523,85.33003333,11,0,14,3,11,1,5,15,30,4.5,10,100,10,-5.5,1,1.6869847,137,0.985005926,0.53447128,6.724020728,9.524020728,25,1,0.0331148,1,1,15,30,4.5,20,PAV044
14,3,12,1,105.067134,87.0695,12,0,14,3,12,1,5,10,100,10,20,50,10,0,2,1.5682091,147,0.677985618,0.96043682,3.006029695,8.006029695,51,1,0.0341144,1,2,20,50,10,0,PAV044
14,3,13,1,109.367667,90.55243333,13,1,14,3,13,1,5,10,100,10,30,80,24,-14,1,1.1664043,147,0.941651949,1.197209142,4.328992175,10.32899217,64,0,0.0327754,1,2,30,80,24,30,PAV044
14,3,14,1,113.751027,94.26903333,14,0,14,3,14,1,5,10,100,10,25,60,15,-5,2,1.3422588,157,0.830062904,0.668355651,3.629060722,7.029060722,33,1,0.0473656,1,2,25,60,15,10,PAV044
14,3,15,1,117.701061,96.48586667,15,0,14,3,15,1,5,12,30,3.6,10,100,10,-6.4,1,1.0945412,167,0.691452613,1.048927108,4.448642714,9.848642714,55,1,0.03345,1,1,12,30,3.6,20,PAV044
14,3,16,1,121.634454,99.18596667,16,1,14,3,16,1,5,25,80,20,10,100,10,10,2,1.4071765,192,0.948138257,1.008089042,2.452496332,7.652496332,54,1,0.0335278,1,1,25,80,20,30,PAV044
14,3,17,1,126.08444,102.6068333,17,0,14,3,17,1,5,12,60,7.2,10,100,10,-2.8,1,1.2502539,202,0.853118493,0.865555316,1.451193187,5.851193187,43,1,0.0336648,1,1,12,60,7.2,10,PAV044
14,3,18,1,130.134537,104.2026667,18,0,14,3,18,1,5,10,100,10,15,50,7.5,2.5,2,0.9141025,212,0.683232977,1.019754162,2.124774862,7.324774862,53,1,0.033185,1,2,15,50,7.5,0,PAV044
14,3,19,1,133.851248,107.8032333,19,1,14,3,19,1,5,10,100,10,20,70,14,-4,1,1.4488854,212,0.974489343,0.707679209,5.961925546,9.561925546,35,0,0.0278306,1,2,20,70,14,20,PAV044
14,3,20,1,138.067981,110.6868333,20,1,14,3,20,1,5,30,50,15,10,100,10,5,2,1.6212066,212,0.965279957,0.753046774,6.653931767,10.45393177,37,0,0.0332297,1,1,30,50,15,0,PAV044
14,3,21,1,142.501099,112.9361,21,0,14,3,21,1,5,25,40,10,10,100,10,0,1,0.818368,222,0.50336306,1.108197927,2.865052878,8.465052878,60,1,0.0328846,1,1,25,40,10,10,PAV044
14,3,22,1,146.034463,115.9832667,22,1,14,3,22,1,5,10,100,10,25,50,12.5,-2.5,1,1.7912209,247,0.688352261,1.190607446,-0.71603698,5.28396302,63,1,0.0335824,1,2,25,50,12.5,0,PAV044
14,3,23,1,150.784795,118.9470667,23,1,14,3,23,1,5,20,90,18,10,100,10,8,2,1.6313153,267,0.797674577,0.711985715,4.695090438,8.295090438,35,1,0.0327138,1,1,20,90,18,40,PAV044
14,3,24,1,155.018122,121.0525333,24,0,14,3,24,1,5,30,40,12,10,100,10,2,1,1.3020177,277,0.879675401,0.735385129,2.039664583,5.839664583,38,1,0.0334578,1,1,30,40,12,10,PAV044
14,3,25,1,159.034674,124.2357667,25,0,14,3,25,1,5,20,60,12,10,100,10,2,1,1.2410042,287,0.709058369,0.984561452,3.310623629,8.310623629,53,1,0.0334934,1,1,20,60,12,10,PAV044
14,3,26,1,163.051607,127.4879333,26,0,14,3,26,1,5,10,100,10,15,60,9,1,2,0.9042901,297,0.98690904,0.548696658,3.114802859,5.914802859,26,1,0.0329474,1,2,15,60,9,10,PAV044
14,3,27,1,166.568304,129.4027,27,0,14,3,27,1,5,10,100,10,25,20,5,5,2,1.2997904,307,0.62360495,1.16039653,-0.494126471,5.505873529,62,1,0.0331832,1,2,25,20,5,30,PAV044
14,3,28,1,170.735029,132.2692333,28,1,14,3,28,1,5,10,100,10,12,50,6,4,1,1.2535859,307,0.537605424,0.654685264,5.131510443,8.531510443,33,0,0.0332583,1,2,12,50,6,0,PAV044
14,3,29,1,174.268366,135.4516,29,1,14,3,29,1,5,15,90,13.5,10,100,10,3.5,2,0.9850505,322,0.788750069,1.088780414,3.357098621,8.957098621,58,1,0.0329479,1,1,15,90,13.5,40,PAV044
14,3,30,1,178.218438,137.2206333,30,1,14,3,30,1,5,10,100,10,30,50,15,-5,1,1.3033783,322,0.813773463,0.941272671,3.724778682,8.524778682,49,0,0.0313164,1,2,30,50,15,0,PAV044
14,3,31,1,182.368465,140.6358,31,0,14,3,31,1,5,10,100,10,25,60,15,-5,2,1.4734159,332,0.797898814,0.653834311,6.453524812,9.853524812,32,1,0.0338108,1,2,25,60,15,10,PAV044
14,3,32,1,186.385218,143.4706333,32,1,14,3,32,1,5,12,70,8.4,10,100,10,-1.6,2,1.7457003,344,0.840806208,0.748145982,1.373025136,5.173025136,38,1,0.0315459,1,1,12,70,8.4,20,PAV044
14,3,33,1,190.801937,145.6364333,33,1,14,3,33,1,5,10,100,10,15,80,12,-2,1,1.1839763,359,0.713902248,1.052172701,2.561799498,7.961799498,56,1,0.033631,1,2,15,80,12,30,PAV044
14,3,34,1,194.85199,149.2033333,34,0,14,3,34,1,5,10,100,10,30,20,6,4,2,1.4905205,369,0.99407538,1.114149558,4.054039988,9.654039988,60,1,0.0334078,1,2,30,20,6,30,PAV044
14,3,35,1,199.518694,152.5671667,35,0,14,3,35,1,5,30,60,18,10,100,10,8,1,1.6339229,379,0.522912872,0.656163288,1.807786185,5.207786185,33,1,0.0335296,1,1,30,60,18,10,PAV044
14,3,36,1,203.418265,154.3356667,36,1,14,3,36,1,5,20,50,10,10,100,10,0,2,0.9824218,399,0.576505538,0.881086791,2.557566247,7.157566247,46,1,0.03302,1,1,20,50,10,0,PAV044
14,3,37,1,206.952123,157.2519,37,0,14,3,37,1,5,25,40,10,10,100,10,0,1,1.1547342,409,0.625726569,0.541889476,7.067026766,9.867026766,26,1,0.0335328,1,1,25,40,10,10,PAV044
14,3,38,1,210.352159,160.4263,38,0,14,3,38,1,5,10,100,10,20,30,6,4,2,0.9604478,419,0.92033936,0.872867403,2.714741132,7.114741132,45,1,0.0374811,1,2,20,30,6,20,PAV044
14,3,39,1,214.202198,162.4697,39,1,14,3,39,1,5,30,90,27,10,100,10,17,2,0.9300427,449,0.675569794,1.111219105,1.568320264,7.168320264,59,1,0.0332852,1,1,30,90,27,40,PAV044
14,3,40,1,218.002254,164.6859333,40,1,14,3,40,1,5,10,100,10,15,70,10.5,-0.5,1,1.2443052,464,0.975622271,0.791446703,4.229823711,8.229823711,41,1,0.034269,1,2,15,70,10.5,20,PAV044
14,3,41,1,222.102292,168.0190667,41,0,14,3,41,1,5,10,100,10,20,20,4,6,2,1.1109951,474,0.866453645,0.727862515,5.251162695,9.051162695,35,1,0.0343479,1,2,20,20,4,30,PAV044
14,3,42,1,225.902351,170.2365,42,0,14,3,42,1,5,15,40,6,10,100,10,-4,1,0.9602717,484,0.693612907,0.683234381,2.488320742,6.088320742,34,1,0.031514,1,1,15,40,6,10,PAV044
14,3,43,1,229.318975,172.8358,43,1,14,3,43,1,5,25,50,12.5,10,100,10,2.5,2,0.9008274,484,0.837081907,0.600792357,5.100834149,8.300834149,27,0,0.049807,1,1,25,50,12.5,0,PAV044
14,3,44,1,232.73574,175.4048667,44,0,14,3,44,1,5,10,100,10,12,40,4.8,5.2,2,1.2814913,494,0.756027939,1.107646819,2.320542774,7.920542774,60,1,0.0278048,1,2,12,40,4.8,10,PAV044
14,3,45,1,236.969136,177.5528333,45,1,14,3,45,1,5,20,80,16,10,100,10,6,2,0.7342538,514,0.918054902,0.765059353,2.318137415,6.318137415,38,1,0.0332599,1,1,20,80,16,30,PAV044
14,3,46,1,240.469192,180.6523333,46,0,14,3,46,1,5,25,30,7.5,10,100,10,-2.5,1,0.8765116,524,0.777171546,0.915953304,0.460687146,5.060687146,46,1,0.0320196,1,1,25,30,7.5,20,PAV044
14,3,47,1,244.119186,183.9930333,47,0,14,3,47,1,5,20,50,10,10,100,10,0,1,1.3664967,534,0.601807915,0.983684552,0.789625812,5.789625812,53,1,0.0336193,1,1,20,50,10,0,PAV044
14,3,48,1,248.169262,185.7022667,48,0,14,3,48,1,5,20,40,8,10,100,10,-2,1,1.7351196,544,0.692123469,0.546517709,6.678764085,9.478764085,25,1,0.0330306,1,1,20,40,8,10,PAV044
14,3,49,1,252.219217,189.0689,49,1,14,3,49,1,5,25,70,17.5,10,100,10,7.5,2,0.7319711,569,0.548447134,1.189205555,2.423215765,8.423215765,65,1,0.0360182,1,1,25,70,17.5,20,PAV044
14,3,50,1,255.785901,192.1364333,50,1,14,3,50,1,5,25,90,22.5,10,100,10,12.5,2,0.9793307,594,0.865204179,0.726560973,3.334308655,7.134308655,37,1,0.0332496,1,1,25,90,22.5,40,PAV044
15,4,1,1,13.379713,2.5425,1,0,15,4,1,1,5,15,20,3,10,100,10,-7,1,0.8840347,10,0.683181167,0.856806022,4.128281466,8.528281466,45,1,0.0339498,1,1,15,20,3,30,PAV044
15,4,2,1,16.913086,14.26706667,2,1,15,4,2,1,5,25,40,10,10,100,10,0,2,0.8748845,35,0.528133109,0.745737199,1.242920261,5.042920261,38,1,0.0330721,1,1,25,40,10,10,PAV044
15,4,3,1,20.146416,16.19743333,3,1,15,4,3,1,5,10,100,10,20,50,10,0,1,1.3262513,35,0.935772132,0.734415932,6.160602363,9.960602363,38,0,0.0327361,1,2,20,50,10,0,PAV044
15,4,4,1,24.24652,18.5807,4,0,15,4,4,1,5,10,100,10,12,30,3.6,6.4,2,0.9119329,45,0.797241851,1.189616969,4.754796631,10.75479663,64,1,0.0327111,1,2,12,30,3.6,20,PAV044
15,4,5,1,28.246317,21.47406667,5,1,15,4,5,1,5,12,90,10.8,10,100,10,0.8,2,0.8924951,57,0.689440612,0.52513131,4.446233134,7.246233134,24,1,0.0330217,1,1,12,90,10.8,40,PAV044
15,4,6,1,31.446537,23.2798,6,1,15,4,6,1,5,10,100,10,12,80,9.6,0.4,1,1.019939,57,0.667765413,0.710125464,6.934910655,10.53491065,36,0,0.0526025,1,2,12,80,9.6,30,PAV044
15,4,7,1,34.946626,26.39603333,7,0,15,4,7,1,5,25,20,5,10,100,10,-5,1,1.2108696,67,0.934343627,0.560788476,7.597212436,10.59721244,26,1,0.0333408,1,1,25,20,5,30,PAV044
15,4,8,1,38.763335,29.13933333,8,1,15,4,8,1,5,10,100,10,12,60,7.2,2.8,1,1.0689469,67,0.639572579,0.985444018,5.396466423,10.39646642,53,0,0.0329392,1,2,12,60,7.2,10,PAV044
15,4,9,1,42.546669,30.73016667,9,0,15,4,9,1,5,10,100,10,20,20,4,6,2,1.4232254,77,0.511213603,1.194467962,-0.800591465,5.199408535,65,1,0.0326642,1,2,20,20,4,30,PAV044
15,4,10,1,46.746762,33.23223333,10,1,15,4,10,1,5,30,70,21,10,100,10,11,2,1.1850286,77,0.666543976,0.99243819,5.852715152,10.85271515,53,0,0.032916,1,1,30,70,21,20,PAV044
15,4,11,1,50.680152,36.15866667,11,0,15,4,11,1,5,10,100,10,20,60,12,-2,2,2.5515195,87,0.983651743,0.926459924,1.825931153,6.625931153,49,1,0.0330857,1,2,20,60,12,10,PAV044
15,4,12,1,56.230206,37.78136667,12,0,15,4,12,1,5,10,100,10,15,50,7.5,2.5,2,1.897084,97,0.722135124,1.028785048,4.080585945,9.280585945,55,1,0.0325366,1,2,15,50,7.5,0,PAV044
15,4,13,1,60.963599,40.86293333,13,0,15,4,13,1,5,10,100,10,25,30,7.5,2.5,2,1.0534595,107,0.707891948,0.968926033,2.833247371,7.833247371,50,1,0.0325118,1,2,25,30,7.5,20,PAV044
15,4,14,1,64.779801,43.97083333,14,1,15,4,14,1,5,10,100,10,15,60,9,1,1,0.7802853,107,0.661934595,0.560540284,7.211017633,10.21101763,27,0,0.0330578,1,2,15,60,9,10,PAV044
15,4,15,1,67.880339,46.21366667,15,0,15,4,15,1,5,12,70,8.4,10,100,10,-1.6,1,1.0961279,117,0.646928147,0.728876371,2.291099454,6.091099454,36,1,0.0326228,1,1,12,70,8.4,20,PAV044
15,4,16,1,71.447039,48.96313333,16,1,15,4,16,1,5,25,50,12.5,10,100,10,2.5,2,1.6921685,117,0.558956689,0.677206977,5.427801429,8.827801429,34,0,0.0329283,1,1,25,50,12.5,0,PAV044
15,4,17,1,75.463757,53.23126667,17,0,15,4,17,1,5,25,60,15,10,100,10,5,1,1.3809319,127,0.710741189,0.519873079,3.241984306,5.841984306,25,1,0.0329736,1,1,25,60,15,10,PAV044
15,4,18,1,79.163812,55.21633333,18,1,15,4,18,1,5,25,60,15,10,100,10,5,2,2.0364481,152,0.581490544,0.686042539,3.075356478,6.675356478,35,1,0.0334041,1,1,25,60,15,10,PAV044
15,4,19,1,83.580512,59.1965,19,0,15,4,19,1,5,15,30,4.5,10,100,10,-5.5,1,0.9291447,162,0.53319806,1.132811504,4.017196627,9.817196627,61,1,0.0334445,1,1,15,30,4.5,20,PAV044
15,4,20,1,87.263911,62.01666667,20,0,15,4,20,1,5,25,40,10,10,100,10,0,1,1.8468742,172,0.781546373,0.718637456,1.363050629,4.963050629,36,1,0.0335233,1,1,25,40,10,10,PAV044
15,4,21,1,91.713952,64.04683333,21,1,15,4,21,1,5,10,100,10,20,80,16,-6,1,1.4145834,192,0.896887305,0.659534107,1.827385723,5.227385723,33,1,0.0329928,1,2,20,80,16,30,PAV044
15,4,22,1,95.780669,66.17956667,22,0,15,4,22,1,5,30,30,9,10,100,10,-1,1,1.3092226,202,0.532426422,0.813348905,0.751462964,4.951462964,42,1,0.0333252,1,1,30,30,9,20,PAV044
15,4,23,1,99.530573,68.9766,23,1,15,4,23,1,5,10,100,10,20,50,10,0,1,1.3327827,222,0.730058732,0.642598115,1.607803773,5.007803773,32,1,0.0334264,1,2,20,50,10,0,PAV044
15,4,24,1,103.330527,70.76266667,24,1,15,4,24,1,5,10,100,10,30,60,18,-8,1,1.0334922,252,0.958872129,1.129602844,1.423602528,7.223602528,61,1,0.0498758,1,2,30,60,18,10,PAV044
15,4,25,1,107.547457,73.86376667,25,1,15,4,25,1,5,20,70,14,10,100,10,4,2,1.2439767,272,0.579020769,0.991205228,2.340347072,7.340347072,51,1,0.0335725,1,1,20,70,14,20,PAV044
15,4,26,1,111.464181,76.84423333,26,0,15,4,26,1,5,10,100,10,20,40,8,2,2,1.417721,282,0.570038152,0.645277562,2.291665872,5.691665872,30,1,0.0308083,1,2,20,40,8,10,PAV044
15,4,27,1,115.180821,78.43006667,27,1,15,4,27,1,5,10,100,10,25,50,12.5,-2.5,1,1.4902002,282,0.825161119,0.62372292,7.559588469,10.75958847,31,0,0.0333878,1,2,25,50,12.5,0,PAV044
15,4,28,1,119.214271,81.93053333,28,1,15,4,28,1,5,10,100,10,25,70,17.5,-7.5,1,1.1689954,282,0.602111745,0.92472627,6.144501597,10.9445016,49,0,0.0332593,1,2,25,70,17.5,20,PAV044
15,4,29,1,122.99765,84.50913333,29,1,15,4,29,1,5,10,100,10,30,80,24,-14,1,1.6283597,312,0.673585492,1.015368411,0.677486869,5.877486869,54,1,0.0330127,1,2,30,80,24,30,PAV044
15,4,30,1,127.397704,86.69683333,30,0,15,4,30,1,5,10,100,10,20,30,6,4,2,0.8588978,322,0.855774191,1.135070249,3.433199437,9.233199437,62,1,0.0334293,1,2,20,30,6,20,PAV044
15,4,31,1,131.347747,89.88026667,31,1,15,4,31,1,5,15,80,12,10,100,10,2,2,1.5166434,337,0.99348744,0.730268171,1.664070375,5.464070375,37,1,0.0330486,1,1,15,80,12,30,PAV044
15,4,32,1,135.664393,93.12766667,32,1,15,4,32,1,5,15,60,9,10,100,10,-1,2,0.9505151,337,0.683659264,0.76345916,5.745411022,9.745411022,39,0,0.0326405,1,1,15,60,9,10,PAV044
15,4,33,1,139.147769,94.84656667,33,1,15,4,33,1,5,25,50,12.5,10,100,10,2.5,2,1.5969012,362,0.839751126,1.05768267,-0.370413461,5.029586539,57,1,0.0334814,1,1,25,50,12.5,0,PAV044
15,4,34,1,143.731218,97.9461,34,0,15,4,34,1,5,10,100,10,15,40,6,4,2,1.7963483,372,0.598502527,0.623276938,7.297466858,10.49746686,31,1,0.0332026,1,2,15,40,6,10,PAV044
15,4,35,1,147.847928,100.8661,35,1,15,4,35,1,5,10,100,10,20,90,18,-8,1,0.8360968,392,0.749708389,0.952829464,4.441802316,9.241802316,51,1,0.0349135,1,2,20,90,18,40,PAV044
15,4,36,1,151.481225,102.5633333,36,0,15,4,36,1,5,30,20,6,10,100,10,-4,1,1.1806721,402,0.858100342,0.602642526,4.866109048,8.066109048,30,1,0.0327693,1,1,30,20,6,30,PAV044
15,4,37,1,155.214668,105.5467667,37,0,15,4,37,1,5,30,40,12,10,100,10,2,1,2.6975844,412,0.746280834,0.745457485,2.158125596,5.958125596,37,1,0.0326359,1,1,30,40,12,10,PAV044
15,4,38,1,160.498078,108.7907667,38,0,15,4,38,1,5,12,40,4.8,10,100,10,-5.2,1,3.685636,422,0.500615018,0.901422478,3.475087852,8.075087852,48,1,0.033518,1,1,12,40,4.8,10,PAV044
15,4,39,1,166.681465,110.8461667,39,1,15,4,39,1,5,10,100,10,25,90,22.5,-12.5,1,2.9340187,447,0.629632464,0.596496951,6.664066071,9.664066071,29,1,0.0333607,1,2,25,90,22.5,40,PAV044
15,4,40,1,171.931522,113.5636,40,1,15,4,40,1,5,10,100,10,30,50,15,-5,1,0.9455141,477,0.683934172,0.996208134,1.677305071,6.677305071,52,1,0.033483,1,2,30,50,15,0,PAV044
15,4,41,1,175.64824,116.6731,41,1,15,4,41,1,5,15,70,10.5,10,100,10,0.5,2,1.2868381,477,0.520910128,0.516925799,7.596354445,10.19635444,24,0,0.0431238,1,1,15,70,10.5,20,PAV044
15,4,42,1,179.048279,118.3625667,42,0,15,4,42,1,5,30,40,12,10,100,10,2,1,1.0890117,487,0.509628535,0.794573181,3.281340793,7.281340793,40,1,0.032808,1,1,30,40,12,10,PAV044
15,4,43,1,182.514984,121.3462,43,1,15,4,43,1,5,25,80,20,10,100,10,10,2,1.1867628,512,0.980887036,0.959386317,0.329403006,5.129403006,51,1,0.0334019,1,1,25,80,20,30,PAV044
15,4,44,1,186.731728,124.6246,44,1,15,4,44,1,5,10,100,10,15,90,13.5,-3.5,1,0.8217411,527,0.873979112,0.797761123,5.13114045,9.13114045,41,1,0.0331995,1,2,15,90,13.5,40,PAV044
15,4,45,1,190.298423,126.6971667,45,1,15,4,45,1,5,12,50,6,10,100,10,-4,2,2.2244884,539,0.53029366,0.921079028,0.59485394,5.39485394,49,1,0.0333344,1,1,12,50,6,0,PAV044
15,4,46,1,195.065125,129.4465667,46,1,15,4,46,1,5,10,100,10,30,50,15,-5,1,0.9896056,569,0.61533245,0.787848865,3.66366527,7.66366527,41,1,0.0329367,1,2,30,50,15,0,PAV044
15,4,47,1,198.548503,132.8630667,47,0,15,4,47,1,5,12,20,2.4,10,100,10,-7.6,1,0.9193517,579,0.967271739,1.122609724,4.396543373,10.19654337,61,1,0.0329655,1,1,12,20,2.4,30,PAV044
15,4,48,1,202.665156,134.6468,48,1,15,4,48,1,5,30,90,27,10,100,10,17,2,1.1100946,609,0.776867622,1.150405985,2.304281219,8.104281219,63,1,0.0336167,1,1,30,90,27,40,PAV044
15,4,49,1,206.798337,137.4128667,49,0,15,4,49,1,5,10,100,10,20,50,10,0,2,1.0236437,619,0.867346252,0.784797234,5.085789872,9.085789872,38,1,0.0326325,1,2,20,50,10,0,PAV044
15,4,50,1,210.565316,140.7451333,50,1,15,4,50,1,5,10,100,10,20,50,10,0,1,1.1075759,619,0.518090938,0.669173958,4.670142734,8.070142734,32,0,0.0325933,1,2,20,50,10,0,PAV044
4,1,1,1,79.402068,2.6207,1,0,4,1,1,1,5,25,40,10,10,100,10,0,1,1.5250633,10,0.700627403,1.151264316,-0.760747416,5.039252584,62,1,0.0370779,1,1,25,40,10,10,PAV045
4,1,2,1,83.902119,80.93323333,2,1,4,1,2,1,5,15,60,9,10,100,10,-1,2,1.9441305,25,0.953579066,0.756555212,3.352251354,7.152251354,38,1,0.035732,1,1,15,60,9,10,PAV045
4,1,3,1,88.651648,83.16313333,3,0,4,1,3,1,5,30,50,15,10,100,10,5,1,1.4089798,35,0.795062341,0.677751229,3.517893865,6.917893865,33,1,0.0350078,1,1,30,50,15,0,PAV045
4,1,4,1,92.618409,86.65336667,4,0,4,1,4,1,5,10,100,10,25,30,7.5,2.5,2,1.5129491,45,0.966471043,1.038965744,3.704102876,8.904102876,56,1,0.0434748,1,2,25,30,7.5,20,PAV045
4,1,5,1,97.25209,90.0692,5,0,4,1,5,1,5,25,40,10,10,100,10,0,1,1.1935536,55,0.672844673,0.516826324,7.451837231,10.05183723,23,1,0.0366487,1,1,25,40,10,10,PAV045
4,1,6,1,100.718463,91.8071,6,1,4,1,6,1,5,20,60,12,10,100,10,2,2,0.9345823,55,0.656906817,1.08356484,3.6356869,9.2356869,58,0,0.03583,1,1,20,60,12,10,PAV045
4,1,7,1,104.485224,95.22783333,7,0,4,1,7,1,5,30,90,27,10,100,10,17,1,1.0054363,65,0.7034191,0.675007566,5.462251312,8.862251312,34,1,0.0358882,1,1,30,90,27,40,PAV045
4,1,8,1,107.969027,98.44986667,8,0,4,1,8,1,5,30,50,15,10,100,10,5,1,0.9642569,75,0.812877025,1.171850015,0.015519479,6.015519479,64,1,0.0355213,1,1,30,50,15,0,PAV045
4,1,9,1,112.019095,100.0280667,9,0,4,1,9,1,5,20,30,6,10,100,10,-4,1,1.0289946,85,0.667743453,0.704165643,4.590017871,8.190017871,36,1,0.0345361,1,1,20,30,6,20,PAV045
4,1,10,1,115.519132,102.7869333,10,0,4,1,10,1,5,10,100,10,25,70,17.5,-7.5,2,0.5657116,95,0.506221581,0.98932253,1.816389883,6.816389883,53,1,0.0348117,1,2,25,70,17.5,20,PAV045
4,1,11,1,118.669179,105.4913333,11,0,4,1,11,1,5,25,20,5,10,100,10,-5,1,0.9466297,105,0.963841675,1.080107236,2.733585206,8.333585206,58,1,0.0347456,1,1,25,20,5,30,PAV045
4,1,12,1,122.752555,107.2356333,12,1,4,1,12,1,5,12,70,8.4,10,100,10,-1.6,2,0.7271009,117,0.615235004,0.813520192,1.718971397,5.918971397,41,1,0.0436638,1,1,12,70,8.4,20,PAV045
4,1,13,1,126.002608,110.1536,13,0,4,1,13,1,5,10,100,10,15,50,7.5,2.5,2,1.2889278,127,0.990856801,0.921554247,4.814712182,9.614712182,49,1,0.0349463,1,2,15,50,7.5,0,PAV045
4,1,14,1,130.302587,113.0485667,14,0,4,1,14,1,5,10,100,10,25,60,15,-5,2,1.2740797,137,0.843589766,0.843078002,5.100693134,9.500693134,44,1,0.0350153,1,2,25,60,15,10,PAV045
4,1,15,1,134.352696,114.8199667,15,0,4,1,15,1,5,10,100,10,20,20,4,6,2,0.9013099,147,0.868766422,1.113951481,0.623297781,6.223297781,60,1,0.0362522,1,2,20,20,4,30,PAV045
4,1,16,1,138.319402,117.1193333,16,0,4,1,16,1,5,10,100,10,12,30,3.6,6.4,2,0.9414331,157,0.895798796,1.188486225,4.171917766,10.17191777,64,1,0.0343724,1,2,12,30,3.6,20,PAV045
4,1,17,1,142.452774,119.6158333,17,1,4,1,17,1,5,20,90,18,10,100,10,8,2,1.0730822,177,0.75105495,0.815175913,5.067140314,9.267140314,42,1,0.0380376,1,1,20,90,18,40,PAV045
4,1,18,1,146.186161,121.7524667,18,0,4,1,18,1,5,10,100,10,30,30,9,1,2,0.9215176,187,0.642928745,0.780748154,3.512737943,7.512737943,40,1,0.0361269,1,2,30,30,9,20,PAV045
4,1,19,1,149.619518,124.3455,19,0,4,1,19,1,5,10,100,10,30,40,12,-2,2,0.9143938,197,0.80047175,1.14105338,2.731064845,8.531064845,62,1,0.0372375,1,2,30,40,12,10,PAV045
4,1,20,1,153.569509,127.2921333,20,1,4,1,20,1,5,10,100,10,15,60,9,1,1,1.7587951,212,0.781302519,0.779382061,3.757978814,7.757978814,40,1,0.0344029,1,2,15,60,9,10,PAV045
4,1,21,1,157.986268,129.2862333,21,1,4,1,21,1,5,30,70,21,10,100,10,11,2,0.7928737,242,0.612107484,1.069404145,1.66248076,7.06248076,57,1,0.0347354,1,1,30,70,21,20,PAV045
4,1,22,1,161.552935,132.4699,22,1,4,1,22,1,5,30,60,18,10,100,10,8,2,0.9472994,272,0.77562015,0.753328237,1.443232943,5.243232943,39,1,0.0336625,1,1,30,60,18,10,PAV045
4,1,23,1,165.119701,135.255,23,1,4,1,23,1,5,10,100,10,12,80,9.6,0.4,1,0.8743148,284,0.53349108,1.183218656,0.472474991,6.472474991,64,1,0.0342518,1,2,12,80,9.6,30,PAV045
4,1,24,1,168.803079,137.4195667,24,1,4,1,24,1,5,15,30,4.5,10,100,10,-5.5,2,0.9076939,284,0.505087762,0.890988309,2.422668431,7.022668431,47,0,0.0403001,1,1,15,30,4.5,20,PAV045
4,1,25,1,172.202996,140.5022,25,0,4,1,25,1,5,10,100,10,12,20,2.4,7.6,2,1.0038297,294,0.871372347,0.62006795,3.559897,6.759897,30,1,0.0345287,1,2,12,20,2.4,30,PAV045
4,1,26,1,175.803053,143.5264,26,1,4,1,26,1,5,10,100,10,30,80,24,-14,1,1.0796361,324,0.931685813,1.198635347,3.483058813,9.483058813,65,1,0.0433614,1,2,30,80,24,30,PAV045
4,1,27,1,180.103141,145.4021,27,0,4,1,27,1,5,12,50,6,10,100,10,-4,1,1.4958502,334,0.892358603,0.694402501,5.491025363,9.091025363,35,1,0.0344002,1,1,12,50,6,0,PAV045
4,1,28,1,184.286578,147.9374333,28,0,4,1,28,1,5,25,50,12.5,10,100,10,2.5,1,1.4559452,344,0.929297708,0.738970254,5.560846231,9.360846231,38,1,0.0423846,1,1,25,50,12.5,0,PAV045
4,1,29,1,188.519868,150.5338,29,1,4,1,29,1,5,10,100,10,15,80,12,-2,1,1.0909492,359,0.511618424,0.769937625,4.240149445,8.240149445,40,1,0.0335438,1,2,15,80,12,30,PAV045
4,1,30,1,191.986683,152.7356667,30,0,4,1,30,1,5,10,100,10,20,50,10,0,2,0.8725791,369,0.833642749,0.891220869,2.108137347,6.708137347,47,1,0.0352117,1,2,20,50,10,0,PAV045
4,1,31,1,195.686716,156.1520333,31,0,4,1,31,1,5,10,100,10,12,40,4.8,5.2,2,0.9897827,379,0.645601638,0.738969964,6.49574099,10.29574099,38,1,0.0357035,1,2,12,40,4.8,10,PAV045
4,1,32,1,199.17008,158.7835,32,1,4,1,32,1,5,15,90,13.5,10,100,10,3.5,2,1.0920196,394,0.80247738,0.586662967,5.751925711,8.751925711,29,1,0.0343708,1,1,15,90,13.5,40,PAV045
4,1,33,1,202.753401,160.9082,33,1,4,1,33,1,5,10,100,10,12,90,10.8,-0.8,1,0.8425579,406,0.618306828,1.065765561,0.929054847,6.329054847,56,1,0.034037,1,2,12,90,10.8,40,PAV045
4,1,34,1,206.370174,163.3046667,34,0,4,1,34,1,5,10,100,10,25,60,15,-5,2,0.8952648,416,0.894026734,0.630840048,2.579868716,5.779868716,31,1,0.034789,1,2,25,60,15,10,PAV045
4,1,35,1,209.870213,165.9952667,35,0,4,1,35,1,5,10,100,10,25,50,12.5,-2.5,2,0.6666939,426,0.521590786,0.911188145,4.614272039,9.214272039,48,1,0.0341472,1,2,25,50,12.5,0,PAV045
4,1,36,1,213.05359,168.2367667,36,1,4,1,36,1,5,25,90,22.5,10,100,10,12.5,2,1.0173924,451,0.672707084,1.001728305,0.722677417,5.922677417,54,1,0.0411177,1,1,25,90,22.5,40,PAV045
4,1,37,1,216.836958,170.6578333,37,1,4,1,37,1,5,10,100,10,15,70,10.5,-0.5,1,0.9746523,466,0.904595802,0.52055802,4.181891004,6.981891004,25,1,0.0338472,1,2,15,70,10.5,20,PAV045
4,1,38,1,220.336996,173.2107,38,1,4,1,38,1,5,20,50,10,10,100,10,0,2,1.1037412,466,0.987458666,0.882346807,5.618187613,10.21818761,46,0,0.0423825,1,1,20,50,10,0,PAV045
4,1,39,1,224.386973,174.9035667,39,0,4,1,39,1,5,10,100,10,25,50,12.5,-2.5,2,0.5607627,476,0.618554599,0.773971637,4.219894944,8.219894944,39,1,0.0353452,1,2,25,50,12.5,0,PAV045
4,1,40,1,227.436964,178.1276333,40,0,4,1,40,1,5,12,60,7.2,10,100,10,-2.8,1,1.0852781,486,0.56483696,0.647949796,2.926472852,6.326472852,32,1,0.0348454,1,1,12,60,7.2,10,PAV045
4,1,41,1,230.820451,181.6025333,41,0,4,1,41,1,5,20,70,14,10,100,10,4,1,0.9136257,496,0.731834614,1.044665861,1.392601898,6.792601898,56,1,0.0346914,1,1,20,70,14,20,PAV045
4,1,42,1,234.60375,183.3577333,42,0,4,1,42,1,5,20,50,10,10,100,10,0,1,0.7870776,506,0.663413059,0.764289801,6.958687703,10.9586877,39,1,0.0347932,1,1,20,50,10,0,PAV045
4,1,43,1,237.903827,186.5435667,43,0,4,1,43,1,5,10,100,10,30,40,12,-2,2,1.1262346,516,0.916561109,0.689652197,6.649302057,10.24930206,35,1,0.034082,1,2,30,40,12,10,PAV045
4,1,44,1,241.737191,189.6128667,44,1,4,1,44,1,5,10,100,10,20,80,16,-6,1,0.8833181,536,0.590514508,1.107730536,1.858436967,7.458436967,60,1,0.0451284,1,2,20,80,16,30,PAV045
4,1,45,1,245.403953,191.4524667,45,0,4,1,45,1,5,10,100,10,20,40,8,2,2,0.6224785,546,0.8767221,0.961242341,5.520127998,10.520128,51,1,0.0347569,1,2,20,40,8,10,PAV045
4,1,46,1,248.953977,193.8033,46,1,4,1,46,1,5,10,100,10,25,80,20,-10,1,0.7856943,571,0.516907979,0.618257814,2.272439757,5.472439757,31,1,0.0344537,1,2,25,80,20,30,PAV045
4,1,47,1,251.970534,196.6778667,47,0,4,1,47,1,5,15,20,3,10,100,10,-7,1,1.103937,581,0.667039979,1.027208785,4.726307442,9.926307442,54,1,0.0350426,1,1,15,20,3,30,PAV045
4,1,48,1,255.854067,198.4860333,48,0,4,1,48,1,5,20,50,10,10,100,10,0,1,0.7617224,591,0.719605133,0.587198459,6.489482092,9.489482092,28,1,0.0352244,1,1,20,50,10,0,PAV045
4,1,49,1,259.020763,200.9027667,49,0,4,1,49,1,5,10,100,10,30,20,6,4,2,1.181677,601,0.501874105,0.721122513,4.603571366,8.403571366,37,1,0.0357565,1,2,30,20,6,30,PAV045
4,1,50,1,262.537376,203.6020667,50,0,4,1,50,1,5,15,40,6,10,100,10,-4,1,0.9511423,611,0.947495565,0.803602707,3.11135767,7.31135767,42,1,0.0423271,1,1,15,40,6,10,PAV045
5,2,1,1,14.512533,2.677266667,1,0,5,2,1,1,5,15,50,7.5,10,100,10,-2.5,1,0.804173,10,0.9912931,1.147895105,1.829953492,7.629953492,61,1,0.0378912,1,1,15,50,7.5,0,PAV045
5,2,2,1,18.562579,15.32743333,2,1,5,2,2,1,5,25,90,22.5,10,100,10,12.5,2,0.860083,35,0.736191504,0.61899664,4.253620209,7.453620209,31,1,0.036339,1,1,25,90,22.5,40,PAV045
5,2,3,1,21.879291,17.53313333,3,1,5,2,3,1,5,15,70,10.5,10,100,10,0.5,2,0.7506293,35,0.70382716,1.095818907,4.677326215,10.27732621,58,0,0.0425119,1,1,15,70,10.5,20,PAV045
5,2,4,1,25.512487,20.09943333,4,1,5,2,4,1,5,10,100,10,20,80,16,-6,1,1.1685542,35,0.683721074,0.68612466,6.526810318,10.12681032,34,0,0.0348723,1,2,20,80,16,30,PAV045
5,2,5,1,29.162595,22.63233333,5,0,5,2,5,1,5,10,100,10,12,70,8.4,1.6,2,0.3513348,45,0.700021104,0.850780471,1.67331849,6.07331849,45,1,0.0354973,1,2,12,70,8.4,20,PAV045
5,2,6,1,32.19609,24.78496667,6,0,5,2,6,1,5,30,40,12,10,100,10,2,1,0.6572013,55,0.883262985,1.156584689,2.841485815,8.641485815,63,1,0.0366294,1,1,30,40,12,10,PAV045
5,2,7,1,35.996136,27.43056667,7,0,5,2,7,1,5,10,100,10,12,30,3.6,6.4,2,0.5038007,65,0.994627041,0.955477931,0.852500351,5.652500351,51,1,0.0346464,1,2,12,30,3.6,20,PAV045
5,2,8,1,39.562829,29.52606667,8,0,5,2,8,1,5,10,100,10,20,50,10,0,2,0.5681439,75,0.62360882,1.19316455,-0.267441901,5.732558099,65,1,0.0401462,1,2,20,50,10,0,PAV045
5,2,9,1,43.029529,31.42836667,9,0,5,2,9,1,5,10,100,10,15,30,4.5,5.5,2,0.7019408,85,0.710950013,1.046831976,3.205256907,8.605256907,56,1,0.0391765,1,2,15,30,4.5,20,PAV045
5,2,10,1,46.5624,32.88513333,10,0,5,2,10,1,5,15,20,3,10,100,10,-7,1,0.8731546,95,0.892898584,0.575728288,2.526541121,5.526541121,28,1,0.0397361,1,1,15,20,3,30,PAV045
5,2,11,1,49.996285,36.0088,11,0,5,2,11,1,5,10,100,10,30,50,15,-5,2,0.5904436,105,0.930118167,1.080308592,0.671041701,6.271041701,58,1,0.0467277,1,2,30,50,15,0,PAV045
5,2,12,1,53.696241,38.512,12,0,5,2,12,1,5,10,100,10,25,70,17.5,-7.5,2,0.7447595,115,0.736459274,1.184651357,3.312997925,9.312997925,64,1,0.0350023,1,2,25,70,17.5,20,PAV045
5,2,13,1,57.463036,40.14956667,13,0,5,2,13,1,5,10,100,10,30,40,12,-2,2,0.6867108,125,0.608424594,1.092155278,4.919063987,10.51906399,59,1,0.0357221,1,2,30,40,12,10,PAV045
5,2,14,1,60.946402,43.0312,14,1,5,2,14,1,5,20,90,18,10,100,10,8,2,0.7663219,145,0.919012446,0.970422408,5.168573406,10.16857341,51,1,0.0353194,1,1,20,90,18,40,PAV045
5,2,15,1,64.695953,45.81206667,15,1,5,2,15,1,5,15,90,13.5,10,100,10,3.5,2,0.6029206,145,0.620961817,1.00893696,5.591449321,10.79144932,53,0,0.0349037,1,1,15,90,13.5,40,PAV045
5,2,16,1,68.013128,47.46656667,16,0,5,2,16,1,5,12,20,2.4,10,100,10,-7.6,1,0.4338057,155,0.946135532,0.626449044,4.778040111,7.978040111,31,1,0.04273,1,1,12,20,2.4,30,PAV045
5,2,17,1,71.11315,49.99686667,17,0,5,2,17,1,5,30,70,21,10,100,10,11,1,0.6137625,165,0.700024467,1.01276308,4.387883658,9.587883658,54,1,0.0347404,1,1,30,70,21,20,PAV045
5,2,18,1,74.52983,52.71176667,18,0,5,2,18,1,5,10,100,10,25,50,12.5,-2.5,2,0.6283075,175,0.770513726,0.833393519,6.097445119,10.29744512,42,1,0.0349811,1,2,25,50,12.5,0,PAV045
5,2,19,1,77.8465,54.4706,19,0,5,2,19,1,5,10,100,10,25,30,7.5,2.5,2,0.6598943,185,0.70929382,0.708801301,4.325372892,7.925372892,36,1,0.0435601,1,2,25,30,7.5,20,PAV045
5,2,20,1,81.013122,57.46403333,20,0,5,2,20,1,5,25,60,15,10,100,10,5,1,1.0593033,195,0.863378827,0.70226625,5.547433386,9.147433386,36,1,0.0354633,1,1,25,60,15,10,PAV045
5,2,21,1,84.746618,60.27866667,21,0,5,2,21,1,5,20,50,10,10,100,10,0,1,0.7344814,205,0.63169012,1.077655896,2.084634638,7.484634638,58,1,0.0346585,1,1,20,50,10,0,PAV045
5,2,22,1,88.296729,61.742,22,0,5,2,22,1,5,30,50,15,10,100,10,5,1,0.65504,215,0.580123423,0.603288518,7.747230395,10.94723039,30,1,0.0346207,1,1,30,50,15,0,PAV045
5,2,23,1,91.230006,64.69606667,23,0,5,2,23,1,5,10,100,10,12,80,9.6,0.4,2,1.0764429,225,0.794861546,0.995385752,3.011940423,8.011940423,52,1,0.0345515,1,2,12,80,9.6,30,PAV045
5,2,24,1,95.180022,67.3449,24,0,5,2,24,1,5,25,40,10,10,100,10,0,1,0.598923,235,0.704270542,0.69816741,2.139049202,5.739049202,35,1,0.0394977,1,1,25,40,10,10,PAV045
5,2,25,1,98.263552,68.46556667,25,0,5,2,25,1,5,15,80,12,10,100,10,2,1,1.1477661,245,0.843558593,0.739923657,4.174213349,7.974213349,38,1,0.0383257,1,1,15,80,12,30,PAV045
5,2,26,1,102.096876,71.11513333,26,0,5,2,26,1,5,25,20,5,10,100,10,-5,1,0.9311228,255,0.813449563,0.565909674,4.872587592,7.872587592,27,1,0.0339608,1,1,25,20,5,30,PAV045
5,2,27,1,105.496909,73.77843333,27,0,5,2,27,1,5,10,100,10,30,80,24,-14,2,1.1802534,265,0.977633973,0.834221949,2.497911137,6.697911137,44,1,0.0406625,1,2,30,80,24,30,PAV045
5,2,28,1,109.596954,75.18753333,28,0,5,2,28,1,5,15,40,6,10,100,10,-4,1,0.7099515,275,0.705397863,0.804557381,6.3095209,10.5095209,41,1,0.0402201,1,1,15,40,6,10,PAV045
5,2,29,1,112.913678,77.85136667,29,0,5,2,29,1,5,25,60,15,10,100,10,5,1,0.9008763,285,0.670646933,0.876732896,4.579848902,8.979848902,46,1,0.034495,1,1,25,60,15,10,PAV045
5,2,30,1,116.446997,80.26153333,30,0,5,2,30,1,5,10,100,10,20,50,10,0,2,0.8510091,295,0.74461538,0.738072141,3.490379753,7.290379753,38,1,0.0347332,1,2,20,50,10,0,PAV045
5,2,31,1,119.863744,82.09653333,31,1,5,2,31,1,5,25,50,12.5,10,100,10,2.5,2,2.1831019,295,0.898847509,0.756949021,5.077883216,8.877883216,39,0,0.0349237,1,1,25,50,12.5,0,PAV045
5,2,32,1,124.797059,84.75026667,32,1,5,2,32,1,5,10,100,10,30,90,27,-17,1,1.161478,325,0.907018236,0.797795322,5.033427902,9.033427902,41,1,0.0424724,1,2,30,90,27,40,PAV045
5,2,33,1,128.763838,87.61136667,33,0,5,2,33,1,5,20,40,8,10,100,10,-2,1,0.9295879,335,0.890936871,0.583197143,6.529270823,9.529270823,28,1,0.0347264,1,1,20,40,8,10,PAV045
5,2,34,1,132.247216,88.96346667,34,0,5,2,34,1,5,10,100,10,15,60,9,1,2,1.0470967,345,0.866577514,1.014695875,1.960809293,7.160809293,53,1,0.0365891,1,2,15,60,9,10,PAV045
5,2,35,1,136.263933,91.2309,35,0,5,2,35,1,5,20,20,4,10,100,10,-6,1,0.729954,355,0.549591675,0.949836164,5.949012244,10.74901224,50,1,0.0344301,1,1,20,20,4,30,PAV045
5,2,36,1,139.580551,94.34633333,36,0,5,2,36,1,5,10,100,10,20,70,14,-4,2,0.6003887,365,0.53608893,0.869335204,2.392000851,6.792000851,45,1,0.0352906,1,2,20,70,14,20,PAV045
5,2,37,1,142.697185,95.79706667,37,0,5,2,37,1,5,12,60,7.2,10,100,10,-2.8,1,0.9738901,375,0.827374274,0.731927286,2.528933218,6.328933218,37,1,0.0347635,1,1,12,60,7.2,10,PAV045
5,2,38,1,146.313573,98.27246667,38,0,5,2,38,1,5,30,30,9,10,100,10,-1,1,0.6611826,385,0.589107011,0.703490871,2.789484732,6.389484732,36,1,0.0363158,1,1,30,30,9,20,PAV045
5,2,39,1,149.380757,101.2116,39,0,5,2,39,1,5,10,100,10,15,60,9,1,2,0.5097294,395,0.843258299,0.507996647,2.455172268,5.055172268,24,1,0.0372256,1,2,15,60,9,10,PAV045
5,2,40,1,152.330775,103.0468667,40,0,5,2,40,1,5,30,20,6,10,100,10,-4,1,0.9087312,405,0.957319607,1.141698516,1.534246154,7.334246154,62,1,0.0390885,1,1,30,20,6,30,PAV045
5,2,41,1,156.430821,105.5071667,41,0,5,2,41,1,5,10,100,10,20,60,12,-2,2,0.7976601,415,0.856780677,1.020610209,5.286373504,10.4863735,55,1,0.0391117,1,2,20,60,12,10,PAV045
5,2,42,1,160.213754,108.5785667,42,0,5,2,42,1,5,10,100,10,20,50,10,0,2,1.7120066,425,0.777166731,1.151416245,0.493839154,6.293839154,63,1,0.0368307,1,2,20,50,10,0,PAV045
5,2,43,1,164.947167,110.3388,43,0,5,2,43,1,5,10,100,10,12,40,4.8,5.2,2,0.9196315,435,0.654824678,0.687799856,1.866745123,5.466745123,35,1,0.0357966,1,2,12,40,4.8,10,PAV045
5,2,44,1,168.314293,112.914,44,1,5,2,44,1,5,10,100,10,25,50,12.5,-2.5,1,1.0210494,460,0.763171821,0.708387485,2.89094504,6.49094504,36,1,0.0353575,1,2,25,50,12.5,0,PAV045
5,2,45,1,171.89768,115.7297667,45,0,5,2,45,1,5,10,100,10,25,40,10,0,2,0.595145,470,0.936852053,1.14763854,3.968574496,9.768574496,62,1,0.0352517,1,2,25,40,10,10,PAV045
5,2,46,1,175.664386,117.3145667,46,1,5,2,46,1,5,10,100,10,12,50,6,4,1,0.871012,470,0.736708265,1.125562133,4.545381607,10.34538161,61,0,0.0347581,1,2,12,50,6,0,PAV045
5,2,47,1,179.481055,119.8645333,47,0,5,2,47,1,5,20,30,6,10,100,10,-4,1,0.8135224,480,0.530865069,1.030599704,2.780465938,7.980465938,55,1,0.0441651,1,1,20,30,6,20,PAV045
5,2,48,1,182.947802,123.8451333,48,0,5,2,48,1,5,10,100,10,30,60,18,-8,2,0.6173529,490,0.908296424,0.77574172,3.965509686,7.965509686,40,1,0.0428219,1,2,30,60,18,10,PAV045
5,2,49,1,186.331164,125.9980667,49,1,5,2,49,1,5,10,100,10,12,90,10.8,-0.8,1,1.1656275,502,0.861414802,0.56334819,5.675715307,8.675715307,27,1,0.0453799,1,2,12,90,10.8,40,PAV045
5,2,50,1,189.99788,128.7701333,50,1,5,2,50,1,5,25,80,20,10,100,10,10,2,0.7573211,527,0.683033091,0.956388481,3.348348001,8.148348001,50,1,0.0342613,1,1,25,80,20,30,PAV045
3,1,1,1,83.582339,2.9574,1,0,3,1,1,1,5,30,60,18,10,100,10,8,1,1.2829184,10,0.81073586,1.129916771,5.030832409,10.83083241,59,1,0.0344104,1,1,30,60,18,10,PAV047
3,1,2,1,87.899378,85.23823333,2,1,3,1,2,1,5,10,100,10,12,20,2.4,7.6,1,1.9374773,10,0.665356134,0.770353172,5.484743963,9.484743963,39,0,0.0326811,1,2,12,20,2.4,30,PAV047
3,1,3,1,92.366103,87.42933333,3,1,3,1,3,1,5,15,60,9,10,100,10,-1,2,1.5278551,10,0.615840304,0.997027441,3.753558583,8.753558583,53,0,0.0334681,1,1,15,60,9,10,PAV047
3,1,4,1,96.599475,91.01333333,4,1,3,1,4,1,5,10,100,10,25,60,15,-5,1,1.0663053,35,0.923383323,1.052096368,-0.080761084,5.319238916,57,1,0.0328906,1,2,25,60,15,10,PAV047
3,1,5,1,100.749396,94.25823333,5,0,3,1,5,1,5,25,50,12.5,10,100,10,2.5,1,1.3014725,45,0.617243649,0.687645361,2.597567239,6.197567239,35,1,0.0305749,1,1,25,50,12.5,0,PAV047
3,1,6,1,104.449567,96.31396667,6,0,3,1,6,1,5,15,50,7.5,10,100,10,-2.5,1,1.1019738,55,0.750237396,0.883198062,1.48760908,6.08760908,46,1,0.0329126,1,1,15,50,7.5,0,PAV047
3,1,7,1,108.266113,99.13033333,7,0,3,1,7,1,5,20,30,6,10,100,10,-4,1,1.9809535,65,0.528616862,0.73073001,6.893349199,10.6933492,37,1,0.0333393,1,1,20,30,6,20,PAV047
3,1,8,1,112.582983,102.416,8,1,3,1,8,1,5,20,90,18,10,100,10,8,2,1.3692405,65,0.589192274,0.577616864,7.776874747,10.77687475,27,0,0.0332302,1,1,20,90,18,40,PAV047
3,1,9,1,116.199694,104.164,9,1,3,1,9,1,5,10,100,10,25,50,12.5,-2.5,1,1.5959045,90,0.769302396,0.846561386,1.318992229,5.718992229,44,1,0.0334792,1,2,25,50,12.5,0,PAV047
3,1,10,1,120.499731,106.83,10,1,3,1,10,1,5,10,100,10,25,80,20,-10,1,1.6432352,115,0.505426657,0.911931873,2.159855149,6.759855149,48,1,0.0330471,1,2,25,80,20,30,PAV047
3,1,11,1,124.666437,110.6108333,11,0,3,1,11,1,5,30,40,12,10,100,10,2,1,1.5675586,125,0.893016946,0.621175502,4.047399382,7.247399382,31,1,0.0321026,1,1,30,40,12,10,PAV047
3,1,12,1,128.83316,112.3977667,12,0,3,1,12,1,5,10,100,10,30,30,9,1,2,2.3858827,135,0.677681162,0.964658621,3.563715695,8.563715695,49,1,0.0330653,1,2,30,30,9,20,PAV047
3,1,13,1,133.933105,114.9298667,13,0,3,1,13,1,5,15,30,4.5,10,100,10,-5.5,1,2.0152208,145,0.559201243,0.796758546,5.045368211,9.045368211,41,1,0.0497092,1,1,15,30,4.5,20,PAV047
3,1,14,1,138.399927,118.1600333,14,1,3,1,14,1,5,10,100,10,30,50,15,-5,1,1.7675864,145,0.642664426,0.646159468,5.255900385,8.655900385,32,0,0.0334254,1,2,30,50,15,0,PAV047
3,1,15,1,142.533315,120.0637333,15,0,3,1,15,1,5,25,20,5,10,100,10,-5,1,1.3503373,155,0.523460096,0.942718654,2.469089306,7.269089306,49,1,0.0327978,1,1,25,20,5,30,PAV047
3,1,16,1,146.433372,123.4638667,16,1,3,1,16,1,5,10,100,10,20,70,14,-4,1,2.0484804,175,0.975383288,0.732943976,4.783382356,8.583382356,37,1,0.0383056,1,2,20,70,14,20,PAV047
3,1,17,1,151.283412,126.5982,17,1,3,1,17,1,5,10,100,10,15,70,10.5,-0.5,1,1.5655816,175,0.806615919,0.558197865,7.094734294,9.894734294,26,0,0.0346471,1,2,15,70,10.5,20,PAV047
3,1,18,1,155.299603,128.2832333,18,0,3,1,18,1,5,10,100,10,20,20,4,6,2,1.3930385,185,0.682461856,0.735516791,3.57491448,7.37491448,38,1,0.0326193,1,2,20,20,4,30,PAV047
3,1,19,1,159.216842,132.5809333,19,1,3,1,19,1,5,12,80,9.6,10,100,10,-0.4,2,1.6386642,185,0.779263048,0.825365745,6.674009765,10.87400976,43,0,0.0328689,1,1,12,80,9.6,30,PAV047
3,1,20,1,163.550214,136.3159667,20,1,3,1,20,1,5,10,100,10,12,90,10.8,-0.8,1,1.4608425,197,0.5459512,0.790834986,1.776554959,5.776554959,40,1,0.049338,1,2,12,90,10.8,40,PAV047
3,1,21,1,167.466921,138.1813667,21,0,3,1,21,1,5,10,100,10,12,40,4.8,5.2,2,1.1832882,207,0.877035564,0.929385237,2.280120297,7.080120297,49,1,0.0333906,1,2,12,40,4.8,10,PAV047
3,1,22,1,171.533634,141.2144667,22,0,3,1,22,1,5,25,30,7.5,10,100,10,-2.5,1,1.3066762,217,0.569797221,1.117807326,4.501640641,10.10164064,60,1,0.0334195,1,1,25,30,7.5,20,PAV047
3,1,23,1,175.600356,144.2479333,23,1,3,1,23,1,5,30,90,27,10,100,10,17,2,1.2995788,247,0.936298306,1.117138738,-0.685244672,4.914755328,60,1,0.0332746,1,1,30,90,27,40,PAV047
3,1,24,1,180.050406,146.2523667,24,0,3,1,24,1,5,10,100,10,12,30,3.6,6.4,2,1.3790743,257,0.928929813,1.056573918,2.196860739,7.596860739,57,1,0.0524583,1,2,12,30,3.6,20,PAV047
3,1,25,1,184.533769,149.6314,25,0,3,1,25,1,5,12,60,7.2,10,100,10,-2.8,1,1.4367156,267,0.736869672,1.163099362,-0.778396655,5.221603345,61,1,0.0288533,1,1,12,60,7.2,10,PAV047
3,1,26,1,188.950494,153.2134,26,0,3,1,26,1,5,25,40,10,10,100,10,0,1,1.9359142,277,0.739897883,1.039982514,1.327966975,6.527966975,55,1,0.0350281,1,1,25,40,10,10,PAV047
3,1,27,1,193.750474,154.8311,27,1,3,1,27,1,5,25,60,15,10,100,10,5,2,1.3794607,302,0.542736405,1.038633905,2.282340588,7.482340588,56,1,0.0326546,1,1,25,60,15,10,PAV047
3,1,28,1,197.800603,157.8472667,28,1,3,1,28,1,5,10,100,10,25,70,17.5,-7.5,1,1.1694335,327,0.843048911,1.082527633,0.66568777,6.26568777,58,1,0.0326615,1,2,25,70,17.5,20,PAV047
3,1,29,1,201.967302,161.2205667,29,1,3,1,29,1,5,10,100,10,15,80,12,-2,1,1.398027,327,0.749877763,0.978175831,5.769029973,10.76902997,52,0,0.0331933,1,2,15,80,12,30,PAV047
3,1,30,1,206.184021,163.0987,30,0,3,1,30,1,5,10,100,10,30,40,12,-2,2,1.4927764,337,0.710041428,0.952171236,2.231285917,7.031285917,48,1,0.0325498,1,2,30,40,12,10,PAV047
3,1,31,1,210.434083,166.2316667,31,1,3,1,31,1,5,10,100,10,20,40,8,2,1,1.3613654,337,0.676258116,1.197664376,2.175258899,8.175258899,65,0,0.0318723,1,2,20,40,8,10,PAV047
3,1,32,1,214.750792,169.0147333,32,1,3,1,32,1,5,10,100,10,15,90,13.5,-3.5,1,1.0683113,352,0.851612294,1.037886784,3.48954999,8.68954999,55,1,0.0328556,1,2,15,90,13.5,40,PAV047
3,1,33,1,218.800834,170.9978,33,0,3,1,33,1,5,10,100,10,30,20,6,4,2,0.9795157,362,0.501751916,0.665342833,6.250911832,9.650911832,31,1,0.0494588,1,2,30,20,6,30,PAV047
3,1,34,1,222.03422,174.3484667,34,1,3,1,34,1,5,10,100,10,20,50,10,0,1,1.3820407,362,0.708491182,1.166512248,2.296048156,8.296048156,62,0,0.033371,1,2,20,50,10,0,PAV047
3,1,35,1,226.38425,177.2650333,35,1,3,1,35,1,5,20,50,10,10,100,10,0,2,1.3075508,362,0.505035148,0.847975347,4.899257143,9.299257143,43,0,0.0331215,1,1,20,50,10,0,PAV047
3,1,36,1,230.117565,179.4491667,36,0,3,1,36,1,5,15,20,3,10,100,10,-7,1,0.7265868,372,0.887506609,0.533982291,7.577074318,10.37707432,25,1,0.0360264,1,1,15,20,3,30,PAV047
3,1,37,1,233.36767,182.9179333,37,0,3,1,37,1,5,10,100,10,30,50,15,-5,2,1.0357324,382,0.526265942,0.501338988,5.377189954,7.977189954,22,1,0.0378674,1,2,30,50,15,0,PAV047
3,1,38,1,236.500905,186.3353,38,0,3,1,38,1,5,15,40,6,10,100,10,-4,1,0.9135878,392,0.914141925,0.912477427,3.355878263,7.955878263,47,1,0.0326269,1,1,15,40,6,10,PAV047
3,1,39,1,240.334391,188.5483,39,1,3,1,39,1,5,10,100,10,20,50,10,0,1,1.269906,392,0.771101789,0.823776181,6.148430642,10.34843064,42,0,0.0330692,1,2,20,50,10,0,PAV047
3,1,40,1,244.284421,192.3342667,40,1,3,1,40,1,5,30,70,21,10,100,10,11,2,1.2128064,422,0.904498582,1.054376515,3.547159582,8.947159582,57,1,0.0356772,1,1,30,70,21,20,PAV047
3,1,41,1,248.550911,195.4966667,41,1,3,1,41,1,5,25,90,22.5,10,100,10,12.5,2,1.1778975,422,0.836768767,0.500510961,8.060152224,10.66015222,23,0,0.0334742,1,1,25,90,22.5,40,PAV047
3,1,42,1,252.167861,197.5992,42,0,3,1,42,1,5,12,70,8.4,10,100,10,-1.6,1,2.6005082,432,0.970479149,1.124730734,0.999093038,6.799093038,61,1,0.03286,1,1,12,70,8.4,20,PAV047
3,1,43,1,257.951256,200.4482667,43,1,3,1,43,1,5,10,100,10,25,40,10,0,1,1.6021897,457,0.520732964,0.734058641,2.1007021,5.9007021,38,1,0.0331949,1,2,25,40,10,10,PAV047
3,1,44,1,261.9013,203.7312,44,1,3,1,44,1,5,10,100,10,30,80,24,-14,1,1.2285344,487,0.927146153,0.81304647,2.758227706,6.958227706,40,1,0.032969,1,2,30,80,24,30,PAV047
3,1,45,1,265.968022,205.7658,45,0,3,1,45,1,5,12,50,6,10,100,10,-4,1,1.3439486,497,0.706515501,0.539515537,5.118127511,7.918127511,25,1,0.0497586,1,1,12,50,6,0,PAV047
3,1,46,1,269.651389,209.0487,46,0,3,1,46,1,5,15,60,9,10,100,10,-1,1,1.0220241,507,0.90004635,0.966512071,2.179392267,7.179392267,50,1,0.0327347,1,1,15,60,9,10,PAV047
3,1,47,1,273.618093,212.1604,47,0,3,1,47,1,5,10,100,10,20,60,12,-2,2,1.1176595,517,0.891726533,0.84219716,4.859326019,9.259326019,44,1,0.0334447,1,2,20,60,12,10,PAV047
3,1,48,1,277.551474,214.4166333,48,1,3,1,48,1,5,20,80,16,10,100,10,6,2,1.3661274,537,0.748640532,0.737286382,3.089970159,6.889970159,37,1,0.0333916,1,1,20,80,16,30,PAV047
3,1,49,1,281.501527,217.2659667,49,0,3,1,49,1,5,20,50,10,10,100,10,0,1,1.6111573,547,0.652761978,0.951522232,4.686274981,9.486274981,51,1,0.0330771,1,1,20,50,10,0,PAV047
3,1,50,1,285.818229,220.1458667,50,1,3,1,50,1,5,10,100,10,25,50,12.5,-2.5,1,1.7461795,547,0.587601245,0.574031129,6.969639036,9.969639036,28,0,0.0349094,1,2,25,50,12.5,0,PAV047
4,2,1,1,13.458815,2.537833333,1,0,4,2,1,1,5,10,100,10,12,70,8.4,1.6,2,0.9230282,10,0.657587234,1.046903678,3.294177354,8.694177354,55,1,0.0336917,1,2,12,70,8.4,20,PAV047
4,2,2,1,17.175504,14.3856,2,0,4,2,2,1,5,10,100,10,20,30,6,4,2,1.6046246,20,0.500608357,0.699498332,5.23886748,8.83886748,34,1,0.0330073,1,2,20,30,6,20,PAV047
4,2,3,1,21.058895,16.49543333,3,0,4,2,3,1,5,10,100,10,12,80,9.6,0.4,2,1.3354922,30,0.739547206,0.996032063,1.74338532,6.74338532,52,1,0.0332548,1,2,12,80,9.6,30,PAV047
4,2,4,1,25.225595,19.5094,4,1,4,2,4,1,5,25,70,17.5,10,100,10,7.5,2,0.9710684,55,0.754239212,1.172428246,-0.043941069,5.956058931,62,1,0.0330153,1,1,25,70,17.5,20,PAV047
4,2,5,1,29.208829,22.3948,5,1,4,2,5,1,5,10,100,10,12,90,10.8,-0.8,1,1.7156259,67,0.613297788,0.889420444,3.30580664,7.90580664,46,1,0.0334482,1,2,12,90,10.8,40,PAV047
4,2,6,1,33.525712,24.44293333,6,0,4,2,6,1,5,30,20,6,10,100,10,-4,1,2.0095801,77,0.673274686,0.651481495,2.195226303,5.595226303,33,1,0.0345518,1,1,30,20,6,30,PAV047
4,2,7,1,37.959084,27.40876667,7,1,4,2,7,1,5,10,100,10,15,60,9,1,1,1.221435,77,0.951522263,0.518285001,8.186570638,10.78657064,24,0,0.0333476,1,2,15,60,9,10,PAV047
4,2,8,1,41.742446,30.92556667,8,1,4,2,8,1,5,15,80,12,10,100,10,2,2,1.0404725,92,0.767820896,0.855064528,3.606740802,8.006740802,44,1,0.034709,1,1,15,80,12,30,PAV047
4,2,9,1,45.492332,32.87693333,9,0,4,2,9,1,5,25,50,12.5,10,100,10,2.5,1,1.4141423,102,0.510419268,1.050855132,3.8722086,9.2722086,57,1,0.0330976,1,1,25,50,12.5,0,PAV047
4,2,10,1,49.559213,36.24436667,10,0,4,2,10,1,5,10,100,10,20,20,4,6,2,1.8650383,112,0.836175576,0.539649271,4.77016612,7.57016612,26,1,0.0335123,1,2,20,20,4,30,PAV047
4,2,11,1,53.892562,39.18076667,11,0,4,2,11,1,5,12,50,6,10,100,10,-4,1,0.9470104,122,0.546537965,1.097810781,0.959527912,6.559527912,59,1,0.0323207,1,1,12,50,6,0,PAV047
4,2,12,1,57.575924,40.7597,12,1,4,2,12,1,5,10,100,10,30,40,12,-2,1,1.2043607,152,0.872776873,0.563270254,3.913113483,6.913113483,27,1,0.032743,1,2,30,40,12,10,PAV047
4,2,13,1,61.29267,43.6785,13,1,4,2,13,1,5,20,40,8,10,100,10,-2,2,1.4051147,152,0.511322386,0.979894576,4.48332863,9.48332863,50,0,0.0372081,1,1,20,40,8,10,PAV047
4,2,14,1,65.259281,46.90796667,14,0,4,2,14,1,5,10,100,10,30,50,15,-5,2,1.165074,162,0.608925486,0.512507142,7.132159761,9.732159761,24,1,0.0332107,1,2,30,50,15,0,PAV047
4,2,15,1,68.642747,49.0272,15,1,4,2,15,1,5,10,100,10,30,40,12,-2,1,1.3097686,162,0.549675352,0.732516175,6.344329694,10.14432969,37,0,0.0332278,1,2,30,40,12,10,PAV047
4,2,16,1,72.326034,52.01036667,16,1,4,2,16,1,5,15,40,6,10,100,10,-4,2,1.1844445,177,0.793570985,0.513164804,2.571986793,5.171986793,24,1,0.0329438,1,1,15,40,6,10,PAV047
4,2,17,1,75.892823,54.84093333,17,1,4,2,17,1,5,10,100,10,20,70,14,-4,1,1.6246517,197,0.831649202,0.828453784,2.389410736,6.589410736,42,1,0.0319254,1,2,20,70,14,20,PAV047
4,2,18,1,80.259461,56.99406667,18,1,4,2,18,1,5,30,80,24,10,100,10,14,2,0.9507338,197,0.541263853,0.584709042,7.144881037,10.14488104,28,0,0.0344064,1,1,30,80,24,30,PAV047
4,2,19,1,83.426092,59.377,19,0,4,2,19,1,5,15,70,10.5,10,100,10,0.5,1,0.9165784,207,0.948074371,0.859809794,3.459400401,7.859400401,45,1,0.0500307,1,1,15,70,10.5,20,PAV047
4,2,20,1,87.259397,62.69916667,20,0,4,2,20,1,5,10,100,10,20,60,12,-2,2,0.7826676,217,0.59547596,0.946082365,0.238157457,5.038157457,50,1,0.032606,1,2,20,60,12,10,PAV047
4,2,21,1,90.676336,64.72746667,21,0,4,2,21,1,5,20,50,10,10,100,10,0,1,0.9787355,227,0.64734505,0.905147274,3.491159573,8.091159573,48,1,0.0328108,1,1,20,50,10,0,PAV047
4,2,22,1,94.326377,66.97693333,22,1,4,2,22,1,5,10,100,10,30,70,21,-11,1,1.3575727,257,0.729440919,0.760182378,4.248855961,8.248855961,38,1,0.0349606,1,2,30,70,21,20,PAV047
4,2,23,1,98.259528,69.95446667,23,0,4,2,23,1,5,10,100,10,12,20,2.4,7.6,2,0.837597,267,0.64034847,0.605851714,3.245986074,6.445986074,29,1,0.0331532,1,2,12,20,2.4,30,PAV047
4,2,24,1,101.426241,71.74453333,24,0,4,2,24,1,5,12,30,3.6,10,100,10,-6.4,1,1.1088766,277,0.623011403,0.651894676,3.17488386,6.57488386,32,1,0.0340222,1,1,12,30,3.6,20,PAV047
4,2,25,1,104.909579,74.06083333,25,1,4,2,25,1,5,25,50,12.5,10,100,10,2.5,2,1.2501015,302,0.665895403,1.09556879,-0.104262855,5.495737145,59,1,0.0331675,1,1,25,50,12.5,0,PAV047
4,2,26,1,109.009863,77.5184,26,1,4,2,26,1,5,30,60,18,10,100,10,8,2,1.2473586,332,0.891191559,0.976895957,3.346568036,8.346568036,51,1,0.0332428,1,1,30,60,18,10,PAV047
4,2,27,1,113.2099,79.3946,27,1,4,2,27,1,5,10,100,10,25,90,22.5,-12.5,1,1.4945189,357,0.936645007,0.974331535,3.861067478,8.861067478,52,1,0.033019,1,2,25,90,22.5,40,PAV047
4,2,28,1,117.709972,81.84483333,28,0,4,2,28,1,5,12,40,4.8,10,100,10,-5.2,1,1.5729438,367,0.886748985,1.125076512,2.243438151,8.043438151,61,1,0.0331051,1,1,12,40,4.8,10,PAV047
4,2,29,1,122.37667,84.34343333,29,0,4,2,29,1,5,30,30,9,10,100,10,-1,1,1.1404109,377,0.518203168,1.142322808,1.931452407,7.731452407,60,1,0.0337096,1,1,30,30,9,20,PAV047
4,2,30,1,126.259884,86.2779,30,1,4,2,30,1,5,10,100,10,30,90,27,-17,1,1.1822825,407,0.559867168,0.657403897,3.198092806,6.598092806,33,1,0.0340832,1,2,30,90,27,40,PAV047
4,2,31,1,129.743443,89.02813333,31,1,4,2,31,1,5,10,100,10,25,80,20,-10,1,1.2678753,432,0.838453884,1.038971543,1.256804689,6.456804689,56,1,0.0331595,1,2,25,80,20,30,PAV047
4,2,32,1,133.976774,91.65586667,32,0,4,2,32,1,5,15,20,3,10,100,10,-7,1,1.0074613,442,0.780656283,1.072846483,0.655016476,6.055016476,56,1,0.0519483,1,1,15,20,3,30,PAV047
4,2,33,1,137.943468,93.64413333,33,1,4,2,33,1,5,10,100,10,20,50,10,0,1,1.1233887,442,0.950270457,1.155951384,2.382724847,8.182724847,60,0,0.0332828,1,2,20,50,10,0,PAV047
4,2,34,1,142.276908,96.47946667,34,0,4,2,34,1,5,10,100,10,20,80,16,-6,2,0.8770638,452,0.690423752,0.60645705,4.574118091,7.774118091,29,1,0.0331806,1,2,20,80,16,30,PAV047
4,2,35,1,145.543424,99.0985,35,1,4,2,35,1,5,10,100,10,25,50,12.5,-2.5,1,0.9275946,477,0.970055902,1.068672163,0.906668891,6.306668891,57,1,0.0324043,1,2,25,50,12.5,0,PAV047
4,2,36,1,149.610316,100.7605,36,0,4,2,36,1,5,10,100,10,25,20,5,5,2,0.9397086,487,0.98158595,1.135915761,2.690235757,8.490235757,61,1,0.0330845,1,2,25,20,5,30,PAV047
4,2,37,1,153.760367,103.2452667,37,0,4,2,37,1,5,15,60,9,10,100,10,-1,1,1.430488,497,0.630507576,0.694540436,4.638872107,8.238872107,35,1,0.0332722,1,1,15,60,9,10,PAV047
4,2,38,1,157.610406,106.1606,38,1,4,2,38,1,5,10,100,10,20,90,18,-8,1,1.3522056,517,0.971493607,1.008142408,3.212639305,8.412639305,53,1,0.0330548,1,2,20,90,18,40,PAV047
4,2,39,1,162.027134,108.3116667,39,0,4,2,39,1,5,20,50,10,10,100,10,0,1,1.197069,527,0.509317117,0.793300635,6.084362128,10.08436213,41,1,0.0328811,1,1,20,50,10,0,PAV047
4,2,40,1,165.610495,111.2781333,40,0,4,2,40,1,5,10,100,10,25,30,7.5,2.5,2,1.7474842,537,0.565984855,0.874416276,1.429385595,5.829385595,46,1,0.0329442,1,2,25,30,7.5,20,PAV047
4,2,41,1,169.893778,114.7071333,41,0,4,2,41,1,5,12,60,7.2,10,100,10,-2.8,1,0.9489932,547,0.902078385,0.68682804,4.907938221,8.507938221,34,1,0.0331378,1,1,12,60,7.2,10,PAV047
4,2,42,1,173.527253,116.7448,42,1,4,2,42,1,5,25,40,10,10,100,10,0,2,1.461691,547,0.574474216,0.723461393,7.111403563,10.91140356,36,0,0.0528167,1,1,25,40,10,10,PAV047
4,2,43,1,177.393987,120.4446333,43,0,4,2,43,1,5,15,30,4.5,10,100,10,-5.5,1,0.9717574,557,0.8237996,0.852569755,5.913362759,10.31336276,45,1,0.033214,1,1,15,30,4.5,20,PAV047
4,2,44,1,181.127291,123.5187667,44,1,4,2,44,1,5,25,40,10,10,100,10,0,2,1.4596665,557,0.980425904,0.616359401,6.894527164,10.09452716,30,0,0.0332607,1,1,25,40,10,10,PAV047
4,2,45,1,185.27739,125.7122,45,0,4,2,45,1,5,10,100,10,15,90,13.5,-3.5,2,0.7827418,567,0.772187927,0.51211484,5.544240834,8.144240834,24,1,0.0334831,1,2,15,90,13.5,40,PAV047
4,2,46,1,188.427429,128.1462,46,0,4,2,46,1,5,20,50,10,10,100,10,0,1,0.8023855,577,0.781712407,1.012392459,5.193605677,10.39360568,53,1,0.0294797,1,1,20,50,10,0,PAV047
4,2,47,1,192.110771,131.0128,47,1,4,2,47,1,5,10,100,10,25,60,15,-5,1,1.4676117,577,0.954322042,1.046988727,4.14993959,9.54993959,55,0,0.0332974,1,2,25,60,15,10,PAV047
4,2,48,1,196.660382,133.1117667,48,0,4,2,48,1,5,10,100,10,15,50,7.5,2.5,2,1.0869643,587,0.641220049,0.820940187,1.329600526,5.529600526,43,1,0.0335384,1,2,15,50,7.5,0,PAV047
4,2,49,1,200.327553,136.1138333,49,0,4,2,49,1,5,30,50,15,10,100,10,5,1,0.7155456,597,0.708862697,0.66555359,7.345572732,10.74557273,33,1,0.0332563,1,1,30,50,15,0,PAV047
4,2,50,1,203.510931,139.0704667,50,1,4,2,50,1,5,25,60,15,10,100,10,5,2,0.7779057,622,0.618328454,0.717298236,2.960116568,6.560116568,35,1,0.0338935,1,1,25,60,15,10,PAV047
1,3,1,1,58.269737,2.6699,1,0,1,3,1,1,5,30,40,12,10,100,10,2,1,1.1559332,10,0.738406578,0.595215184,4.489337608,7.489337608,29,1,0.04888,1,1,30,40,12,10,PAV049
1,3,2,1,61.886322,59.43323333,2,1,1,3,2,1,5,10,100,10,12,80,9.6,0.4,1,2.3260428,22,0.90662183,0.762622012,4.839663411,8.839663411,39,1,0.0372344,1,2,12,80,9.6,30,PAV049
1,3,3,1,67.003169,61.10596667,3,0,1,3,3,1,5,10,100,10,15,20,3,7,2,1.0641946,32,0.709824477,1.066427986,2.896655876,8.296655876,56,1,0.0378027,1,2,15,20,3,30,PAV049
1,3,4,1,70.9194,65.0411,4,1,1,3,4,1,5,15,90,13.5,10,100,10,3.5,2,0.899185,47,0.849476514,0.652766683,4.215212595,7.615212595,32,1,0.0344578,1,1,15,90,13.5,40,PAV049
1,3,5,1,74.436528,68.071,5,1,1,3,5,1,5,10,100,10,12,90,10.8,-0.8,1,1.3192097,59,0.977290867,1.039414329,1.577286404,6.777286404,55,1,0.0374994,1,2,12,90,10.8,40,PAV049
1,3,6,1,78.903302,70.19003333,6,0,1,3,6,1,5,10,100,10,20,50,10,0,2,1.8083095,69,0.981816494,0.911626042,3.129581875,7.729581875,47,1,0.0435579,1,2,20,50,10,0,PAV049
1,3,7,1,83.720029,72.52113333,7,0,1,3,7,1,5,10,100,10,15,60,9,1,2,2.8319936,79,0.916998838,0.842462839,3.99099824,8.39099824,44,1,0.0342926,1,2,15,60,9,10,PAV049
1,3,8,1,89.403289,75.7603,8,0,1,3,8,1,5,10,100,10,15,30,4.5,5.5,2,0.9995029,89,0.695195433,0.894866038,2.475727299,7.075727299,47,1,0.0444468,1,2,15,30,4.5,20,PAV049
1,3,9,1,93.069803,77.88736667,9,1,1,3,9,1,5,10,100,10,15,80,12,-2,1,0.9983893,104,0.958023153,0.902152022,1.217028671,5.817028671,48,1,0.0441517,1,2,15,80,12,30,PAV049
1,3,10,1,97.020186,81.6965,10,0,1,3,10,1,5,10,100,10,30,50,15,-5,2,1.4768824,114,0.70977979,0.972776495,3.636328784,8.636328784,52,1,0.0526835,1,2,30,50,15,0,PAV049
1,3,11,1,101.28688,86.55413333,11,0,1,3,11,1,5,15,50,7.5,10,100,10,-2.5,1,0.9754427,124,0.859529665,0.977512704,1.866994711,6.866994711,52,1,0.0347647,1,1,15,50,7.5,0,PAV049
1,3,12,1,105.186948,88.4653,12,0,1,3,12,1,5,10,100,10,15,60,9,1,2,1.7935971,134,0.826243363,0.667500544,6.321071275,9.721071275,34,1,0.0344025,1,2,15,60,9,10,PAV049
1,3,13,1,109.570311,91.3482,13,1,1,3,13,1,5,25,60,15,10,100,10,5,2,3.4280608,159,0.960832053,1.096739694,1.842592516,7.442592516,58,1,0.0314415,1,1,25,60,15,10,PAV049
1,3,14,1,116.137065,94.07033333,14,1,1,3,14,1,5,30,60,18,10,100,10,8,2,1.0407782,159,0.982104501,0.568309138,7.660067339,10.66006734,27,0,0.0352219,1,1,30,60,18,10,PAV049
1,3,15,1,119.836922,96.0404,15,1,1,3,15,1,5,20,90,18,10,100,10,8,2,0.8335338,179,0.5012666,0.555670435,6.80582862,9.60582862,27,1,0.0353304,1,1,20,90,18,40,PAV049
1,3,16,1,122.82046,99.54003333,16,1,1,3,16,1,5,30,80,24,10,100,10,14,2,0.7889427,209,0.600920317,1.057610842,0.959580865,6.359580865,56,1,0.0386851,1,1,30,80,24,30,PAV049
1,3,17,1,126.370509,102.2763667,17,0,1,3,17,1,5,25,20,5,10,100,10,-5,1,0.7515125,219,0.69728474,0.752122774,4.657108713,8.457108713,38,1,0.0359596,1,1,25,20,5,30,PAV049
1,3,18,1,129.670561,104.3192667,18,0,1,3,18,1,5,25,30,7.5,10,100,10,-2.5,1,0.6625431,229,0.815682283,0.514597755,3.586516864,6.186516864,24,1,0.0340894,1,1,25,30,7.5,20,PAV049
1,3,19,1,132.770585,107.7055,19,1,1,3,19,1,5,10,100,10,30,90,27,-17,1,1.0597105,259,0.699820212,1.153730724,2.030630926,7.830630926,63,1,0.0378759,1,2,30,90,27,40,PAV049
1,3,20,1,136.7873,113.0086333,20,1,1,3,20,1,5,25,70,17.5,10,100,10,7.5,2,1.0581964,284,0.849512238,0.809547924,2.680746665,6.880746665,42,1,0.0338838,1,1,25,70,17.5,20,PAV049
1,3,21,1,140.603998,115.1563333,21,0,1,3,21,1,5,12,30,3.6,10,100,10,-6.4,1,0.8158282,294,0.679753754,1.054076019,1.3557138,6.7557138,56,1,0.0355678,1,1,12,30,3.6,20,PAV049
1,3,22,1,144.254052,117.8063667,22,1,1,3,22,1,5,12,70,8.4,10,100,10,-1.6,2,1.4577898,294,0.936332489,1.184266424,4.390340417,10.39034042,65,0,0.0348315,1,1,12,70,8.4,20,PAV049
1,3,23,1,148.937331,120.6723,23,0,1,3,23,1,5,12,50,6,10,100,10,-4,1,0.6486216,304,0.732286201,0.812544714,1.415083401,5.615083401,41,1,0.0481849,1,1,12,50,6,0,PAV049
1,3,24,1,152.237478,122.2892333,24,0,1,3,24,1,5,10,100,10,30,30,9,1,2,0.699312,314,0.951429242,1.013863133,4.358952947,9.558952947,54,1,0.0346288,1,2,30,30,9,20,PAV049
1,3,25,1,155.987509,124.7270333,25,0,1,3,25,1,5,10,100,10,25,40,10,0,2,1.2129154,324,0.884212749,1.168091526,0.184063434,6.184063434,63,1,0.0379775,1,2,25,40,10,10,PAV049
1,3,26,1,160.35384,127.1249667,26,0,1,3,26,1,5,20,50,10,10,100,10,0,1,1.1972894,334,0.643855522,0.745435224,2.602346997,6.402346997,38,1,0.035598,1,1,20,50,10,0,PAV049
1,3,27,1,164.020477,128.9512667,27,1,1,3,27,1,5,10,100,10,20,70,14,-4,1,1.2295262,354,0.866985503,1.045047751,2.641936401,8.041936401,56,1,0.0340891,1,2,20,70,14,20,PAV049
1,3,28,1,168.270994,130.9052333,28,1,1,3,28,1,5,10,100,10,25,60,15,-5,1,0.9165328,379,0.842552772,1.054080705,2.158021569,7.558021569,57,1,0.0431199,1,2,25,60,15,10,PAV049
1,3,29,1,172.18764,133.8330667,29,0,1,3,29,1,5,12,60,7.2,10,100,10,-2.8,1,1.4423278,389,0.980333783,1.023475612,0.212570032,5.412570032,55,1,0.0362775,1,1,12,60,7.2,10,PAV049
1,3,30,1,176.737758,136.0597333,30,0,1,3,30,1,5,20,50,10,10,100,10,0,1,1.1600148,399,0.849727849,0.826470172,3.844019985,8.044019985,43,1,0.040833,1,1,20,50,10,0,PAV049
1,3,31,1,180.671007,138.7062,31,1,1,3,31,1,5,10,100,10,25,80,20,-10,1,1.4847598,424,0.752199436,0.792723038,1.269808149,5.269808149,40,1,0.0346299,1,2,25,80,20,30,PAV049
1,3,32,1,184.804429,141.4262667,32,0,1,3,32,1,5,10,100,10,20,40,8,2,2,0.827302,434,0.571259371,0.869358611,1.637905497,6.037905497,46,1,0.0368838,1,2,20,40,8,10,PAV049
1,3,33,1,188.171178,143.5422667,33,0,1,3,33,1,5,10,100,10,15,70,10.5,-0.5,2,2.1867431,444,0.85944389,0.966058107,3.289813315,8.289813315,51,1,0.0342123,1,2,15,70,10.5,20,PAV049
1,3,34,1,193.254599,146.9568,34,1,1,3,34,1,5,25,50,12.5,10,100,10,2.5,2,1.5778701,444,0.796792286,0.906919374,5.543998656,10.14399866,48,0,0.0460446,1,1,25,50,12.5,0,PAV049
1,3,35,1,197.637981,149.6018667,35,1,1,3,35,1,5,10,100,10,20,60,12,-2,1,2.0285718,464,0.529028501,0.985307543,-0.024440164,4.975559836,53,1,0.0341273,1,2,20,60,12,10,PAV049
1,3,36,1,202.288044,151.4722333,36,1,1,3,36,1,5,25,50,12.5,10,100,10,2.5,2,1.8991938,464,0.838814346,0.801824966,6.649592757,10.84959276,42,0,0.0340108,1,1,25,50,12.5,0,PAV049
1,3,37,1,206.93802,153.9894667,37,1,1,3,37,1,5,10,100,10,20,80,16,-6,1,1.2199389,484,0.661983969,0.751708161,3.763102246,7.563102246,39,1,0.0457869,1,2,20,80,16,30,PAV049
1,3,38,1,210.654311,157.2042333,38,1,1,3,38,1,5,25,90,22.5,10,100,10,12.5,2,0.6592944,509,0.728276085,1.069002556,0.342427693,5.742427693,57,1,0.0353242,1,1,25,90,22.5,40,PAV049
1,3,39,1,214.204438,159.4412,39,0,1,3,39,1,5,10,100,10,20,20,4,6,2,1.0156372,519,0.718725677,0.928003927,3.94286566,8.74286566,49,1,0.0347449,1,2,20,20,4,30,PAV049
1,3,40,1,217.9549,162.3412,40,1,1,3,40,1,5,30,50,15,10,100,10,5,2,1.5969554,519,0.650782911,0.522591712,6.213056808,9.013056808,25,0,0.0416574,1,1,30,50,15,0,PAV049
1,3,41,1,221.821602,165.2631333,41,0,1,3,41,1,5,12,20,2.4,10,100,10,-7.6,1,0.8222541,529,0.694772667,0.824515339,3.961143292,8.161143292,43,1,0.0339641,1,1,12,20,2.4,30,PAV049
1,3,42,1,225.254811,167.3852667,42,0,1,3,42,1,5,12,40,4.8,10,100,10,-5.2,1,0.7373445,539,0.718337883,0.67951104,1.715111506,5.115111506,34,1,0.0337991,1,1,12,40,4.8,10,PAV049
1,3,43,1,228.47162,170.299,43,0,1,3,43,1,5,10,100,10,30,20,6,4,2,1.3516988,549,0.900339766,1.007901506,0.391536755,5.591536755,53,1,0.0435376,1,2,30,20,6,30,PAV049
1,3,44,1,232.821731,173.6360333,44,0,1,3,44,1,5,20,30,6,10,100,10,-4,1,0.8541102,559,0.514064725,0.878372452,2.523873066,6.923873066,46,1,0.0343529,1,1,20,30,6,20,PAV049
1,3,45,1,236.171769,175.7319,45,0,1,3,45,1,5,10,100,10,25,40,10,0,2,0.6336553,569,0.546163059,0.867836136,6.140725054,10.54072505,45,1,0.0351234,1,2,25,40,10,10,PAV049
1,3,46,1,239.338465,178.78,46,1,1,3,46,1,5,10,100,10,30,70,21,-11,1,0.9788749,599,0.938098867,0.772637939,3.124486903,7.124486903,40,1,0.0372971,1,2,30,70,21,20,PAV049
1,3,47,1,243.121845,182.1644333,47,0,1,3,47,1,5,10,100,10,15,40,6,4,2,0.7559784,609,0.715029024,0.849535467,0.658082559,5.058082559,44,1,0.0347567,1,2,15,40,6,10,PAV049
1,3,48,1,246.538548,184.0380333,48,0,1,3,48,1,5,30,40,12,10,100,10,2,1,1.195178,619,0.942001257,0.987279503,2.962145223,7.962145223,53,1,0.0415677,1,1,30,40,12,10,PAV049
1,3,49,1,250.755266,186.5596667,49,1,1,3,49,1,5,25,50,12.5,10,100,10,2.5,2,1.3157028,619,0.797701004,0.954490435,4.449844075,9.249844075,50,0,0.0343415,1,1,25,50,12.5,0,PAV049
1,3,50,1,254.921862,190.3612333,50,0,1,3,50,1,5,10,100,10,20,50,10,0,2,1.4460285,629,0.636575391,0.780632067,4.943942312,8.943942312,40,1,0.0438216,1,2,20,50,10,0,PAV049
4,2,1,1,14.422983,2.571466667,1,1,4,2,1,1,5,20,90,18,10,100,10,8,2,0.8988764,20,0.823127101,1.163997615,0.283682468,6.283682468,62,1,0.0549309,1,1,20,90,18,40,PAV049
4,2,2,1,18.439692,15.33826667,2,0,4,2,2,1,5,10,100,10,12,20,2.4,7.6,2,0.9369376,30,0.545260563,0.927984287,2.125749072,6.925749072,49,1,0.0343568,1,2,12,20,2.4,30,PAV049
4,2,3,1,21.93963,17.59263333,3,1,4,2,3,1,5,10,100,10,20,80,16,-6,1,0.7377445,50,0.572812953,0.78746814,4.775996496,8.775996496,40,1,0.0354405,1,2,20,80,16,30,PAV049
4,2,4,1,25.139429,20.34083333,4,0,4,2,4,1,5,10,100,10,15,40,6,4,2,0.6307112,60,0.894305994,0.673741891,3.951342232,7.351342232,33,1,0.0477023,1,2,15,40,6,10,PAV049
4,2,5,1,28.423156,22.6828,5,0,4,2,5,1,5,20,50,10,10,100,10,0,1,1.2442148,70,0.74168502,1.080856515,0.961242226,6.561242226,58,1,0.0345854,1,1,20,50,10,0,PAV049
4,2,6,1,32.573058,24.54646667,6,1,4,2,6,1,5,10,100,10,15,80,12,-2,1,0.7750859,70,0.980478868,0.952237552,5.686979142,10.48697914,51,0,0.052479,1,2,15,80,12,30,PAV049
4,2,7,1,36.389902,26.50456667,7,1,4,2,7,1,5,30,70,21,10,100,10,11,2,1.0889461,70,0.707253348,0.551709972,7.247614027,10.04761403,27,0,0.0419546,1,1,30,70,21,20,PAV049
4,2,8,1,39.839894,29.6718,8,1,4,2,8,1,5,12,90,10.8,10,100,10,0.8,2,0.6851065,82,0.701393446,0.67904991,3.752922637,7.152922637,34,1,0.0378672,1,1,12,90,10.8,40,PAV049
4,2,9,1,42.989876,31.80953333,9,0,4,2,9,1,5,10,100,10,15,30,4.5,5.5,2,0.8576066,92,0.617999652,0.778595375,4.786302724,8.786302724,40,1,0.0350781,1,2,15,30,4.5,20,PAV049
4,2,10,1,46.33985,34.37676667,10,0,4,2,10,1,5,12,70,8.4,10,100,10,-1.6,1,2.0567863,102,0.517035078,0.904064416,0.347521054,4.947521054,48,1,0.0344952,1,1,12,70,8.4,20,PAV049
4,2,11,1,50.923404,37.48153333,11,1,4,2,11,1,5,10,100,10,30,90,27,-17,1,1.0420307,132,0.950447295,1.018084159,3.330273722,8.530273722,54,1,0.0389343,1,2,30,90,27,40,PAV049
4,2,12,1,55.040048,39.10863333,12,1,4,2,12,1,5,12,80,9.6,10,100,10,-0.4,2,1.6366561,144,0.654619362,0.736763575,1.831810839,5.631810839,38,1,0.0348662,1,1,12,80,9.6,30,PAV049
4,2,13,1,59.173395,41.24566667,13,1,4,2,13,1,5,30,50,15,10,100,10,5,2,1.4322393,144,0.874629849,0.512569182,7.213982348,9.813982348,24,0,0.0340102,1,1,30,50,15,0,PAV049
4,2,14,1,63.07355,43.8528,14,1,4,2,14,1,5,30,50,15,10,100,10,5,2,0.6873675,174,0.859182448,0.637283976,3.89955982,7.09955982,32,1,0.0347532,1,1,30,50,15,0,PAV049
4,2,15,1,66.340243,45.70976667,15,0,4,2,15,1,5,25,40,10,10,100,10,0,1,0.8432923,184,0.879209805,1.124718527,1.403293935,7.203293935,61,1,0.0356064,1,1,25,40,10,10,PAV049
4,2,16,1,70.290145,49.35826667,16,0,4,2,16,1,5,10,100,10,15,20,3,7,2,0.9678769,194,0.845236217,0.770605073,3.494097168,7.494097168,40,1,0.0340949,1,2,15,20,3,30,PAV049
4,2,17,1,73.957016,51.97583333,17,1,4,2,17,1,5,10,100,10,20,60,12,-2,1,0.9799017,214,0.719441318,1.031427632,1.234692131,6.434692131,55,1,0.0355719,1,2,20,60,12,10,PAV049
4,2,18,1,77.773713,54.0608,18,1,4,2,18,1,5,10,100,10,30,60,18,-8,1,0.8750101,244,0.858479082,0.80120583,2.439193891,6.639193891,41,1,0.0412098,1,2,30,60,18,10,PAV049
4,2,19,1,81.407092,57.4768,19,0,4,2,19,1,5,30,30,9,10,100,10,-1,1,0.8239469,254,0.52778192,0.88762243,3.047004541,7.647004541,47,1,0.0347374,1,1,30,30,9,20,PAV049
4,2,20,1,84.740448,60.61063333,20,0,4,2,20,1,5,10,100,10,15,70,10.5,-0.5,2,1.9473236,264,0.871187649,1.014870544,5.18739726,10.38739726,53,1,0.0350314,1,2,15,70,10.5,20,PAV049
4,2,21,1,89.657187,62.19243333,21,1,4,2,21,1,5,10,100,10,25,70,17.5,-7.5,1,0.9707724,264,0.608189352,0.720233606,5.738354312,9.538354312,37,0,0.0340281,1,2,25,70,17.5,20,PAV049
4,2,22,1,93.05722,64.44366667,22,0,4,2,22,1,5,25,30,7.5,10,100,10,-2.5,1,0.7236098,274,0.563321957,0.893661056,3.067237464,7.667237464,46,1,0.0372346,1,1,25,30,7.5,20,PAV049
4,2,23,1,96.340597,67.19153333,23,0,4,2,23,1,5,10,100,10,20,50,10,0,2,0.8519174,284,0.690490754,0.824801379,2.423689488,6.623689488,43,1,0.0360861,1,2,20,50,10,0,PAV049
4,2,24,1,99.807304,69.37776667,24,0,4,2,24,1,5,10,100,10,12,50,6,4,2,0.9013775,294,0.761966392,0.577276797,5.031588043,8.031588043,27,1,0.0363354,1,2,12,50,6,0,PAV049
4,2,25,1,103.157226,72.07616667,25,0,4,2,25,1,5,10,100,10,12,60,7.2,2.8,2,0.9321501,304,0.563708554,0.639970902,5.151265611,8.351265611,32,1,0.0350542,1,2,12,60,7.2,10,PAV049
4,2,26,1,106.407292,74.94066667,26,0,4,2,26,1,5,10,100,10,30,40,12,-2,2,1.0198369,314,0.871987277,0.854634949,5.968470338,10.36847034,45,1,0.0346343,1,2,30,40,12,10,PAV049
4,2,27,1,110.257385,77.0388,27,0,4,2,27,1,5,20,40,8,10,100,10,-2,1,0.9116708,324,0.962397302,0.755617751,5.302569381,9.102569381,39,1,0.0470194,1,1,20,40,8,10,PAV049
4,2,28,1,113.990717,79.51553333,28,0,4,2,28,1,5,10,100,10,20,50,10,0,2,1.0818379,334,0.859688407,0.681173336,6.689705584,10.28970558,33,1,0.0464091,1,2,20,50,10,0,PAV049
4,2,29,1,117.690831,82.23466667,29,1,4,2,29,1,5,25,60,15,10,100,10,5,2,1.1882795,359,0.858680952,1.154274429,0.987696094,6.787696094,63,1,0.0357665,1,1,25,60,15,10,PAV049
4,2,30,1,121.973757,84.20726667,30,0,4,2,30,1,5,10,100,10,12,30,3.6,6.4,2,0.7917943,369,0.856709446,0.559966137,6.469654179,9.269654179,27,1,0.0412085,1,2,12,30,3.6,20,PAV049
4,2,31,1,125.274255,87.74346667,31,0,4,2,31,1,5,30,20,6,10,100,10,-4,1,0.6368112,379,0.814103074,1.038773334,0.56700716,5.76700716,55,1,0.0368198,1,1,30,20,6,30,PAV049
4,2,32,1,128.874305,90.64076667,32,0,4,2,32,1,5,20,20,4,10,100,10,-6,1,0.7708512,389,0.881281596,0.767543872,4.382280427,8.382280427,39,1,0.0441777,1,1,20,20,4,30,PAV049
4,2,33,1,132.374348,92.42656667,33,1,4,2,33,1,5,25,50,12.5,10,100,10,2.5,2,1.7284028,414,0.98547627,0.992761071,2.342954903,7.342954903,52,1,0.0344464,1,1,25,50,12.5,0,PAV049
4,2,34,1,137.191053,94.72976667,34,0,4,2,34,1,5,10,100,10,12,40,4.8,5.2,2,0.6888263,424,0.62567355,0.837528222,3.172206911,7.372206911,44,1,0.035528,1,2,12,40,4.8,10,PAV049
4,2,35,1,140.424447,97.1955,35,1,4,2,35,1,5,10,100,10,30,80,24,-14,1,1.0824037,454,0.870915929,1.022595018,2.07314107,7.27314107,55,1,0.0356639,1,2,30,80,24,30,PAV049
4,2,36,1,144.507746,99.08976667,36,0,4,2,36,1,5,10,100,10,25,20,5,5,2,0.6293961,464,0.713453689,1.032871803,-0.213253772,4.986746228,54,1,0.0340668,1,2,25,20,5,30,PAV049
4,2,37,1,147.991181,101.3445,37,0,4,2,37,1,5,15,60,9,10,100,10,-1,1,2.6395355,474,0.756253037,0.577762595,3.141991121,6.141991121,28,1,0.036928,1,1,15,60,9,10,PAV049
4,2,38,1,153.057813,104.1058,38,0,4,2,38,1,5,15,60,9,10,100,10,-1,1,1.498671,484,0.739159235,0.577246402,7.080643986,10.08064399,28,1,0.0353099,1,1,15,60,9,10,PAV049
4,2,39,1,156.974625,105.8166667,39,1,4,2,39,1,5,25,50,12.5,10,100,10,2.5,2,2.0438123,484,0.511507448,1.038878094,3.765543148,8.965543148,56,0,0.0344721,1,1,25,50,12.5,0,PAV049
4,2,40,1,161.658005,108.3432,40,0,4,2,40,1,5,10,100,10,15,50,7.5,2.5,2,1.0988427,494,0.797255095,0.635863142,3.206937598,6.406937598,31,1,0.0407922,1,2,15,50,7.5,0,PAV049
4,2,41,1,165.291184,111.1767,41,1,4,2,41,1,5,10,100,10,25,50,12.5,-2.5,1,1.0834845,494,0.897601273,0.768740647,5.984610898,9.984610898,40,0,0.036532,1,2,25,50,12.5,0,PAV049
4,2,42,1,169.158097,112.9957667,42,1,4,2,42,1,5,10,100,10,15,90,13.5,-3.5,1,0.7411295,509,0.915394675,0.964846316,1.705210752,6.705210752,51,1,0.0356937,1,2,15,90,13.5,40,PAV049
4,2,43,1,172.874764,115.8050333,43,1,4,2,43,1,5,25,90,22.5,10,100,10,12.5,2,0.9600934,534,0.869046425,0.578389176,6.803842683,9.803842683,28,1,0.0340133,1,1,25,90,22.5,40,PAV049
4,2,44,1,176.374854,118.8830667,44,0,4,2,44,1,5,25,40,10,10,100,10,0,1,1.1139377,544,0.950058573,0.695076845,5.482080014,9.082080014,35,1,0.0410554,1,1,25,40,10,10,PAV049
4,2,45,1,180.224908,121.1084667,45,1,4,2,45,1,5,10,100,10,25,60,15,-5,1,1.1867754,569,0.523432622,0.84639752,2.682017316,7.082017316,44,1,0.0350896,1,2,25,60,15,10,PAV049
4,2,46,1,183.858267,123.3848333,46,0,4,2,46,1,5,20,50,10,10,100,10,0,1,1.1116432,579,0.544780119,1.169194577,-0.976778871,5.023221129,63,1,0.0356941,1,1,20,50,10,0,PAV049
4,2,47,1,187.775,125.9256333,47,0,4,2,47,1,5,30,40,12,10,100,10,2,1,2.6353514,589,0.969811547,0.574614949,6.590343109,9.590343109,28,1,0.034963,1,1,30,40,12,10,PAV049
4,2,48,1,193.05837,128.0373667,48,1,4,2,48,1,5,20,70,14,10,100,10,4,2,0.9830438,589,0.639162008,0.786876761,6.165753207,10.16575321,41,0,0.0456843,1,1,20,70,14,20,PAV049
4,2,49,1,196.558411,130.4537333,49,0,4,2,49,1,5,20,30,6,10,100,10,-4,1,0.6906525,599,0.98844701,0.7216683,1.540320058,5.340320058,37,1,0.0455793,1,1,20,30,6,20,PAV049
4,2,50,1,200.058451,134.1068,50,1,4,2,50,1,5,10,100,10,25,80,20,-10,1,1.075223,624,0.721528582,0.618569009,6.359721308,9.559721308,31,1,0.0505422,1,2,25,80,20,30,PAV049
17,1,1,1,64.028736,2.628133333,1,0,17,1,1,1,5,10,100,10,30,30,9,1,2,1.8664605,10,0.806239193,0.909848761,4.476206806,9.076206806,47,1,0.0354194,1,2,30,30,9,20,PAV054
17,1,2,1,68.72858,65.89876667,2,1,17,1,2,1,5,10,100,10,15,60,9,1,1,1.3344778,25,0.586635799,0.773878594,1.132749106,5.132749106,40,1,0.035169,1,2,15,60,9,10,PAV054
17,1,3,1,72.512148,67.8805,3,1,17,1,3,1,5,20,50,10,10,100,10,0,2,1.7225236,45,0.73613883,1.113594023,0.251522589,5.851522589,60,1,0.0347707,1,1,20,50,10,0,PAV054
17,1,4,1,77.178859,70.88076667,4,1,17,1,4,1,5,10,100,10,15,70,10.5,-0.5,1,2.2733255,60,0.674459843,0.675259397,4.739095905,8.139095905,34,1,0.0350451,1,2,15,70,10.5,20,PAV054
17,1,5,1,81.928767,74.23586667,5,0,17,1,5,1,5,12,50,6,10,100,10,-4,1,1.9169797,70,0.883599707,0.743735005,4.224299116,8.024299116,37,1,0.0386533,1,1,12,50,6,0,PAV054
17,1,6,1,86.595621,76.4133,6,0,17,1,6,1,5,12,20,2.4,10,100,10,-7.6,1,1.4577072,80,0.805713912,0.939169218,4.755272173,9.555272173,50,1,0.0341171,1,1,12,20,2.4,30,PAV054
17,1,7,1,90.895679,80.1802,7,1,17,1,7,1,5,15,30,4.5,10,100,10,-5.5,2,2.8324142,80,0.741218653,0.54266571,5.236901035,8.036901035,25,0,0.034796,1,1,15,30,4.5,20,PAV054
17,1,8,1,96.095738,83.85143333,8,1,17,1,8,1,5,30,50,15,10,100,10,5,2,2.1669306,80,0.765525235,1.001404649,4.540803459,9.740803459,54,0,0.0349801,1,1,30,50,15,0,PAV054
17,1,9,1,101.129115,85.6863,9,1,17,1,9,1,5,10,100,10,15,60,9,1,1,1.370554,95,0.535920598,0.700457946,2.867555671,6.467555671,36,1,0.0348582,1,2,15,60,9,10,PAV054
17,1,10,1,104.845835,89.04666667,10,0,17,1,10,1,5,25,20,5,10,100,10,-5,1,1.5498404,105,0.565335936,0.831799537,1.969836062,6.169836062,43,1,0.0315944,1,1,25,20,5,30,PAV054
17,1,11,1,108.87909,93.72953333,11,1,17,1,11,1,5,10,100,10,20,50,10,0,1,1.3821054,105,0.912148003,1.148750101,3.681721014,9.481721014,62,0,0.0340154,1,2,20,50,10,0,PAV054
17,1,12,1,113.41259,95.32946667,12,0,17,1,12,1,5,12,70,8.4,10,100,10,-1.6,1,4.2402731,115,0.753997379,0.749837445,2.640238713,6.440238713,38,1,0.0342105,1,1,12,70,8.4,20,PAV054
17,1,13,1,120.245997,99.31303333,13,0,17,1,13,1,5,30,40,12,10,100,10,2,1,1.9336125,125,0.88154927,0.7888104,4.191499074,8.191499074,41,1,0.0334016,1,1,30,40,12,10,PAV054
17,1,14,1,124.945945,102.5005333,14,0,17,1,14,1,5,25,30,7.5,10,100,10,-2.5,1,1.7658821,135,0.692435612,1.039367071,0.814910224,6.014910224,56,1,0.0344246,1,1,25,30,7.5,20,PAV054
17,1,15,1,129.529457,104.2798333,15,0,17,1,15,1,5,10,100,10,25,90,22.5,-12.5,2,2.0676817,145,0.642271518,0.502373439,5.115250558,7.715250558,24,1,0.0349643,1,2,25,90,22.5,40,PAV054
17,1,16,1,133.829477,107.2627,16,1,17,1,16,1,5,10,100,10,12,90,10.8,-0.8,1,2.23893,157,0.832038848,0.869604928,1.470076165,5.870076165,46,1,0.038149,1,2,12,90,10.8,40,PAV054
17,1,17,1,138.879448,110.2636667,17,1,17,1,17,1,5,10,100,10,15,80,12,-2,0,1.3277919,167,0.668348151,1.157169793,4.211280856,10.01128086,63,1,0.0345068,1,2,15,80,12,30,PAV054
17,1,18,1,155.32956,112.4633333,18,1,17,1,18,1,5,10,100,10,20,90,18,-8,1,1.3946555,187,0.938796332,0.626137719,6.377250373,9.577250373,31,1,0.0344631,1,2,20,90,18,40,PAV054
17,1,19,1,159.379773,118.4459333,19,1,17,1,19,1,5,10,100,10,15,90,13.5,-3.5,1,1.6722987,202,0.648876388,0.721223244,5.864064382,9.664064382,37,1,0.0345079,1,2,15,90,13.5,40,PAV054
17,1,20,1,163.529626,122.1800333,20,1,17,1,20,1,5,10,100,10,30,70,21,-11,1,1.3184143,232,0.905891269,0.593061143,4.466250099,7.466250099,29,1,0.0345904,1,2,30,70,21,20,PAV054
17,1,21,1,167.429861,124.0295667,21,1,17,1,21,1,5,30,60,18,10,100,10,8,2,1.3614197,262,0.512030882,1.087818311,1.322128199,6.922128199,59,1,0.0356215,1,1,30,60,18,10,PAV054
17,1,22,1,171.479898,127.7967333,22,0,17,1,22,1,5,15,20,3,10,100,10,-7,1,1.5369377,272,0.541914512,0.783391382,4.085734342,8.085734342,40,1,0.0353097,1,1,15,20,3,30,PAV054
17,1,23,1,175.41328,131.5967667,23,0,17,1,23,1,5,10,100,10,20,20,4,6,2,1.9846932,282,0.699631627,0.548193368,6.811391274,9.611391274,26,1,0.0307775,1,2,20,20,4,30,PAV054
17,1,24,1,179.729927,133.1631,24,0,17,1,24,1,5,20,40,8,10,100,10,-2,1,2.7516358,292,0.85099525,0.954887692,1.360405693,6.160405693,51,1,0.0344312,1,1,20,40,8,10,PAV054
17,1,25,1,185.39673,137.0004,25,1,17,1,25,1,5,10,100,10,20,70,14,-4,1,1.5306429,312,0.699343999,1.156514108,-0.214922637,5.585077363,63,1,0.0358501,1,2,20,70,14,20,PAV054
17,1,26,1,189.880027,140.2103333,26,1,17,1,26,1,5,10,100,10,25,60,15,-5,1,1.1917609,337,0.562958158,0.851765412,2.041303375,6.441303375,45,1,0.0355086,1,2,25,60,15,10,PAV054
17,1,27,1,193.613489,154.6109333,27,1,17,1,27,1,5,10,100,10,25,50,12.5,-2.5,1,1.9149013,337,0.926882719,0.504547446,7.836742044,10.43674204,24,0,0.0351134,1,2,25,50,12.5,0,PAV054
17,1,28,1,198.046882,156.7464,28,1,17,1,28,1,5,10,100,10,12,60,7.2,2.8,1,0.9771382,349,0.531686577,1.198182876,0.05870424,6.05870424,65,1,0.0403697,1,2,12,60,7.2,10,PAV054
17,1,29,1,201.846916,159.3815333,29,1,17,1,29,1,5,25,70,17.5,10,100,10,7.5,2,1.1744261,374,0.533838205,0.607835402,5.249874965,8.449874965,30,1,0.0364886,1,1,25,70,17.5,20,PAV054
17,1,30,1,205.263622,162.8278667,30,1,17,1,30,1,5,10,100,10,20,60,12,-2,1,1.3948748,394,0.627360862,0.500770874,2.801780732,5.401780732,24,1,0.035399,1,2,20,60,12,10,PAV054
17,1,31,1,208.879881,164.8656,31,0,17,1,31,1,5,10,100,10,15,50,7.5,2.5,2,2.2756007,404,0.858516718,0.595004655,5.482591077,8.482591077,29,1,0.0345394,1,2,15,50,7.5,0,PAV054
17,1,32,1,213.697049,167.4299333,32,1,17,1,32,1,5,10,100,10,30,80,24,-14,1,0.9049131,404,0.874862142,1.111510599,5.113939098,10.7139391,60,0,0.0343907,1,2,30,80,24,30,PAV054
17,1,33,1,217.679972,170.9283,33,1,17,1,33,1,5,10,100,10,25,40,10,0,1,2.2952759,429,0.620801731,0.511858253,4.039256942,6.639256942,24,1,0.0343816,1,2,25,40,10,10,PAV054
17,1,34,1,222.213802,173.0297333,34,1,17,1,34,1,5,10,100,10,20,80,16,-6,1,0.9950399,449,0.860766906,1.188212084,3.128682697,9.128682697,65,1,0.0348481,1,2,20,80,16,30,PAV054
17,1,35,1,226.347173,175.4131667,35,0,17,1,35,1,5,25,40,10,10,100,10,0,1,2.2127419,459,0.664248474,1.101965839,0.246739919,5.846739919,60,1,0.0403198,1,1,25,40,10,10,PAV054
17,1,36,1,231.430487,178.9776,36,0,17,1,36,1,5,12,30,3.6,10,100,10,-6.4,1,1.7844036,469,0.748679137,0.5459017,2.273025531,5.073025531,26,1,0.0343587,1,1,12,30,3.6,20,PAV054
17,1,37,1,235.597284,182.5126333,37,1,17,1,37,1,5,10,100,10,25,60,15,-5,1,0.9698183,494,0.853413665,0.764057413,1.093107779,5.093107779,39,1,0.0342893,1,2,25,60,15,10,PAV054
17,1,38,1,239.263986,185.3967333,38,0,17,1,38,1,5,20,30,6,10,100,10,-4,1,1.1287694,504,0.977385099,0.802961317,2.470446751,6.670446751,42,1,0.0346623,1,1,20,30,6,20,PAV054
17,1,39,1,243.263895,189.1276333,39,0,17,1,39,1,5,30,20,6,10,100,10,-4,1,1.6401876,514,0.839990077,0.556717814,7.002353017,9.802353017,27,1,0.0341357,1,1,30,20,6,30,PAV054
17,1,40,1,247.397309,191.0968333,40,1,17,1,40,1,5,15,40,6,10,100,10,-4,2,2.68128,514,0.524122718,0.671068757,5.840193402,9.240193402,33,0,0.0376806,1,1,15,40,6,10,PAV054
17,1,41,1,252.364078,193.6121667,41,0,17,1,41,1,5,30,40,12,10,100,10,2,1,2.6401552,524,0.759901064,0.916258674,3.01335124,7.61335124,48,1,0.0341037,1,1,30,40,12,10,PAV054
17,1,42,1,257.764209,197.0774,42,1,17,1,42,1,5,30,90,27,10,100,10,17,2,1.2310091,554,0.61430283,0.558901832,3.902160773,6.702160773,27,1,0.0341281,1,1,30,90,27,40,PAV054
17,1,43,1,261.264139,199.0460333,43,0,17,1,43,1,5,10,100,10,12,40,4.8,5.2,2,2.2198247,564,0.635294327,0.886345192,4.220884093,8.820884093,47,1,0.0349143,1,2,12,40,4.8,10,PAV054
17,1,44,1,266.114294,201.8457,44,1,17,1,44,1,5,10,100,10,20,50,10,0,1,1.2834093,584,0.603270171,1.021862589,2.438189053,7.638189053,55,1,0.0331525,1,2,20,50,10,0,PAV054
17,1,45,1,270.114353,204.6775667,45,1,17,1,45,1,5,20,50,10,10,100,10,0,2,1.8977192,584,0.959094755,0.725547621,5.875591956,9.675591956,37,0,0.0359234,1,1,20,50,10,0,PAV054
17,1,46,1,274.797728,206.6793667,46,1,17,1,46,1,5,25,50,12.5,10,100,10,2.5,2,1.4440945,609,0.920579585,0.607616534,4.356766834,7.556766834,30,1,0.0357914,1,1,25,50,12.5,0,PAV054
17,1,47,1,278.864422,208.8818,47,1,17,1,47,1,5,25,80,20,10,100,10,10,2,1.0060465,609,0.956058931,0.987592783,5.227034589,10.22703459,53,0,0.0353922,1,1,25,80,20,30,PAV054
17,1,48,1,282.914491,212.7943,48,1,17,1,48,1,5,10,100,10,12,80,9.6,0.4,1,2.2249489,621,0.768582037,0.508075097,3.917604201,6.517604201,24,1,0.0358549,1,2,12,80,9.6,30,PAV054
17,1,49,1,287.514437,214.6292,49,1,17,1,49,1,5,25,50,12.5,10,100,10,2.5,2,1.3659463,621,0.627591696,1.155330591,2.806415467,8.606415467,63,0,0.0345487,1,1,25,50,12.5,0,PAV054
17,1,50,1,291.747756,217.6794667,50,1,17,1,50,1,5,30,50,15,10,100,10,5,2,1.0284514,651,0.723042977,0.57585382,4.598124942,7.598124942,28,1,0.0341506,1,1,30,50,15,0,PAV054
18,2,1,1,14.49384,2.6484,1,0,18,2,1,1,5,10,100,10,30,30,9,1,2,2.7689805,10,0.960747946,0.518491737,3.274778881,5.874778881,24,1,0.0550282,1,2,30,30,9,20,PAV054
18,2,2,1,19.877287,17.27063333,2,1,18,2,2,1,5,30,80,24,10,100,10,14,2,1.0851596,40,0.656124966,0.734881371,4.386062851,8.186062851,38,1,0.0343333,1,1,30,80,24,30,PAV054
18,2,3,1,23.443981,18.89643333,3,1,18,2,3,1,5,10,100,10,25,50,12.5,-2.5,1,1.0702407,65,0.77232087,0.617886537,3.044401512,6.244401512,31,1,0.0361937,1,2,25,50,12.5,0,PAV054
18,2,4,1,26.993499,21.74513333,4,0,18,2,4,1,5,30,20,6,10,100,10,-4,1,1.7093565,75,0.810778693,0.941737725,4.280638813,9.080638813,50,1,0.0349408,1,1,30,20,6,30,PAV054
18,2,5,1,31.543648,24.51626667,5,1,18,2,5,1,5,15,50,7.5,10,100,10,-2.5,2,3.7309385,75,0.617401397,1.100441554,4.744940154,10.34494015,60,0,0.0349362,1,1,15,50,7.5,0,PAV054
18,2,6,1,38.094155,26.1951,6,1,18,2,6,1,5,25,90,22.5,10,100,10,12.5,2,1.2601506,100,0.949612217,0.970488215,3.207042593,8.207042593,52,1,0.0358794,1,1,25,90,22.5,40,PAV054
18,2,7,1,42.377532,29.6958,7,1,18,2,7,1,5,25,70,17.5,10,100,10,7.5,2,1.1288149,100,0.895333432,0.859306603,6.29474978,10.69474978,45,0,0.0345371,1,1,25,70,17.5,20,PAV054
18,2,8,1,46.344252,35.27703333,8,0,18,2,8,1,5,10,100,10,12,30,3.6,6.4,2,1.646202,110,0.649954953,0.989839664,2.719339954,7.719339954,53,1,0.0348222,1,2,12,30,3.6,20,PAV054
18,2,9,1,50.727626,37.4453,9,1,18,2,9,1,5,25,60,15,10,100,10,5,2,2.0497095,135,0.504325129,0.715444788,1.902395002,5.502395002,36,1,0.0349272,1,1,25,60,15,10,PAV054
18,2,10,1,55.077676,40.37936667,10,0,18,2,10,1,5,10,100,10,12,20,2.4,7.6,2,1.4618709,145,0.85251846,1.152986735,0.633862855,6.433862855,63,1,0.0351102,1,2,12,20,2.4,30,PAV054
18,2,11,1,59.644396,43.50786667,11,0,18,2,11,1,5,12,40,4.8,10,100,10,-5.2,1,1.8316528,155,0.815397504,0.739130594,2.421481805,6.221481805,38,1,0.0355823,1,1,12,40,4.8,10,PAV054
18,2,12,1,64.127318,45.4289,12,1,18,2,12,1,5,10,100,10,12,90,10.8,-0.8,1,2.7166405,167,0.7470365,0.79158416,1.118363855,5.118363855,41,1,0.0345216,1,2,12,90,10.8,40,PAV054
18,2,13,1,69.477841,49.02813333,13,1,18,2,13,1,5,10,100,10,30,70,21,-11,1,1.4776461,197,0.598125403,1.161065096,1.330448387,7.330448387,63,1,0.0342498,1,2,30,70,21,20,PAV054
18,2,14,1,73.811217,52.7774,14,0,18,2,14,1,5,10,100,10,20,40,8,2,2,1.4884383,207,0.712654524,0.650653498,5.342897412,8.742897412,33,1,0.0378512,1,2,20,40,8,10,PAV054
18,2,15,1,77.761253,54.5452,15,0,18,2,15,1,5,25,30,7.5,10,100,10,-2.5,1,2.0493796,217,0.84917574,0.518796454,4.370897398,6.970897398,25,1,0.0342006,1,1,25,30,7.5,20,PAV054
18,2,16,1,82.27799,57.74503333,16,1,18,2,16,1,5,25,60,15,10,100,10,5,2,2.101483,242,0.668822736,1.163377674,0.793517596,6.793517596,63,1,0.0346619,1,1,25,60,15,10,PAV054
18,2,17,1,87.294707,61.47643333,17,1,18,2,17,1,5,10,100,10,25,50,12.5,-2.5,1,1.8332713,242,0.582729196,0.550837735,7.317559794,10.11755979,27,0,0.0341779,1,2,25,50,12.5,0,PAV054
18,2,18,1,91.378075,63.2785,18,1,18,2,18,1,5,30,60,18,10,100,10,8,2,1.0187477,242,0.872097004,1.091394789,3.417712093,9.017712093,59,0,0.0398931,1,1,30,60,18,10,PAV054
18,2,19,1,95.444798,67.67823333,19,0,18,2,19,1,5,25,20,5,10,100,10,-5,1,0.7809886,252,0.785671926,1.124814893,4.058114307,9.858114307,61,1,0.0342995,1,1,25,20,5,30,PAV054
18,2,20,1,99.228096,70.95666667,20,0,18,2,20,1,5,10,100,10,15,20,3,7,2,1.3708949,262,0.787874956,0.876364789,4.588714955,8.988714955,46,1,0.0344118,1,2,15,20,3,30,PAV054
18,2,21,1,103.361554,73.1773,21,1,18,2,21,1,5,10,100,10,20,50,10,0,1,1.4888276,262,0.92074131,0.591094864,6.360458047,9.360458047,29,0,0.0313085,1,2,20,50,10,0,PAV054
18,2,22,1,107.444932,75.99776667,22,0,18,2,22,1,5,10,100,10,25,80,20,-10,2,1.0152365,272,0.531985433,0.5887797,3.065759784,6.065759784,29,1,0.0343613,1,2,25,80,20,30,PAV054
18,2,23,1,110.678311,79.81086667,23,1,18,2,23,1,5,10,100,10,12,80,9.6,0.4,1,1.1235694,284,0.583603365,1.08041539,3.431340121,9.031340121,58,1,0.0340155,1,2,12,80,9.6,30,PAV054
18,2,24,1,114.561608,81.39463333,24,1,18,2,24,1,5,20,80,16,10,100,10,6,2,1.7361516,284,0.953573934,0.880674979,5.527156869,10.12715687,46,0,0.0342409,1,1,20,80,16,30,PAV054
18,2,25,1,119.211601,85.57793333,25,1,18,2,25,1,5,20,50,10,10,100,10,0,2,1.4000892,284,0.69429506,0.630266271,7.408806701,10.6088067,31,0,0.0355932,1,1,20,50,10,0,PAV054
18,2,26,1,123.011771,89.12976667,26,0,18,2,26,1,5,10,100,10,30,40,12,-2,2,2.2788573,294,0.818197401,0.636992733,3.421806824,6.621806824,32,1,0.0346933,1,2,30,40,12,10,PAV054
18,2,27,1,127.845164,90.74416667,27,0,18,2,27,1,5,10,100,10,20,20,4,6,2,1.3762111,304,0.803292266,0.842519894,1.261491201,5.661491201,44,1,0.0343049,1,2,20,20,4,30,PAV054
18,2,28,1,131.961879,93.53296667,28,1,18,2,28,1,5,10,100,10,15,90,13.5,-3.5,1,1.695393,319,0.631416368,0.678241547,2.293142809,5.693142809,34,1,0.0354976,1,2,15,90,13.5,40,PAV054
18,2,29,1,136.061912,96.22566667,29,0,18,2,29,1,5,30,40,12,10,100,10,2,1,3.0972896,329,0.960555938,0.758936702,5.325111997,9.125111997,39,1,0.0345324,1,1,30,40,12,10,PAV054
18,2,30,1,141.961977,98.41143333,30,1,18,2,30,1,5,30,50,15,10,100,10,5,2,1.2061219,329,0.589966014,1.096306513,4.937673941,10.53767394,59,0,0.0348885,1,1,30,50,15,0,PAV054
18,2,31,1,145.945351,101.5285,31,1,18,2,31,1,5,25,50,12.5,10,100,10,2.5,2,0.9397303,329,0.873865274,0.522944793,6.52468784,9.32468784,25,0,0.0345562,1,1,25,50,12.5,0,PAV054
18,2,32,1,149.37873,104.8507333,32,1,18,2,32,1,5,20,70,14,10,100,10,4,2,0.8261369,329,0.989086228,1.057976208,4.401764013,9.801764013,57,0,0.0344985,1,1,20,70,14,20,PAV054
18,2,33,1,153.345438,106.4959333,33,0,18,2,33,1,5,10,100,10,15,30,4.5,5.5,2,1.981874,339,0.984702067,0.723978315,3.699042837,7.499042837,37,1,0.0361064,1,2,15,30,4.5,20,PAV054
18,2,34,1,158.128746,109.0948667,34,1,18,2,34,1,5,15,70,10.5,10,100,10,0.5,2,0.8473404,354,0.91634823,1.049416922,1.633246232,7.033246232,56,1,0.0343876,1,1,15,70,10.5,20,PAV054
18,2,35,1,162.028831,111.8026667,35,1,18,2,35,1,5,10,100,10,30,90,27,-17,1,2.0165901,384,0.876192328,1.163420326,0.352394419,6.352394419,63,1,0.035428,1,2,30,90,27,40,PAV054
18,2,36,1,167.162118,113.9493333,36,0,18,2,36,1,5,12,50,6,10,100,10,-4,1,3.7488687,394,0.75077217,1.155006473,1.243361256,7.043361256,63,1,0.0344178,1,1,12,50,6,0,PAV054
18,2,37,1,173.912344,117.2116333,37,1,18,2,37,1,5,15,60,9,10,100,10,-1,2,1.2065026,394,0.943830707,0.901476031,5.385226088,9.985226088,48,0,0.0339139,1,1,15,60,9,10,PAV054
18,2,38,1,178.062298,120.6118,38,1,18,2,38,1,5,20,60,12,10,100,10,2,2,0.8193984,394,0.673762181,1.009103286,5.38293026,10.58293026,54,0,0.0346841,1,1,20,60,12,10,PAV054
18,2,39,1,181.645651,122.2949333,39,0,18,2,39,1,5,10,100,10,20,30,6,4,2,1.280682,404,0.850918038,0.555250063,5.952751084,8.752751084,27,1,0.0343979,1,2,20,30,6,20,PAV054
18,2,40,1,185.429143,125.9776667,40,0,18,2,40,1,5,25,40,10,10,100,10,0,1,3.5946883,414,0.653900834,0.889739356,1.396801972,5.996801972,47,1,0.0351336,1,1,25,40,10,10,PAV054
18,2,41,1,191.662554,129.2216667,41,0,18,2,41,1,5,10,100,10,15,40,6,4,2,1.1389723,424,0.656018396,1.188884254,4.478663839,10.47866384,65,1,0.0349875,1,2,15,40,6,10,PAV054
18,2,42,1,195.745734,131.1286333,42,1,18,2,42,1,5,10,100,10,12,60,7.2,2.8,1,2.4889081,436,0.884483341,0.592702939,3.173038532,6.173038532,29,1,0.0345484,1,2,12,60,7.2,10,PAV054
18,2,43,1,200.795972,134.3790333,43,1,18,2,43,1,5,10,100,10,15,80,12,-2,1,1.0684074,451,0.903496427,0.501569486,4.998770055,7.598770055,24,1,0.0356902,1,2,15,80,12,30,PAV054
18,2,44,1,204.362684,139.1591667,44,1,18,2,44,1,5,10,100,10,15,60,9,1,1,1.0750134,451,0.508716691,1.007940446,5.036641012,10.23664101,54,0,0.0362137,1,2,15,60,9,10,PAV054
18,2,45,1,208.046053,140.9779667,45,1,18,2,45,1,5,10,100,10,20,50,10,0,1,1.5798586,451,0.756844702,0.739389369,5.749739201,9.549739201,38,0,0.0345579,1,2,20,50,10,0,PAV054
18,2,46,1,212.229435,144.3117333,46,1,18,2,46,1,5,10,100,10,12,70,8.4,1.6,1,1.3620732,451,0.904417989,0.566048878,7.041692957,10.04169296,27,0,0.0343174,1,2,12,70,8.4,20,PAV054
18,2,47,1,216.14614,146.8849,47,0,18,2,47,1,5,20,50,10,10,100,10,0,1,1.4674458,461,0.551689179,1.084961455,0.795312924,6.395312924,59,1,0.0347526,1,1,20,50,10,0,PAV054
18,2,48,1,220.346187,148.4780333,48,1,18,2,48,1,5,10,100,10,30,50,15,-5,1,1.3409765,461,0.682953687,1.12237848,3.919541684,9.719541684,61,0,0.0341932,1,2,30,50,15,0,PAV054
18,2,49,1,224.596248,151.3123,49,0,18,2,49,1,5,25,40,10,10,100,10,0,1,1.233349,471,0.646134436,1.073123526,3.607614527,9.007614527,58,1,0.0346139,1,1,25,40,10,10,PAV054
18,2,50,1,228.646288,155.3304667,50,1,18,2,50,1,5,20,90,18,10,100,10,8,2,1.6750302,491,0.991887367,0.613893475,4.777702994,7.977702994,30,1,0.0348042,1,1,20,90,18,40,PAV054
3,1,1,1,76.721107,2.623233333,1,0,3,1,1,1,5,12,90,10.8,10,100,10,0.8,1,1.568651,10,0.690134225,0.740579829,6.61717158,10.41717158,37,1,0.0353322,1,1,12,90,10.8,40,PAV055
3,1,2,1,80.837819,78.29353333,2,0,3,1,2,1,5,10,100,10,20,30,6,4,2,1.5600241,20,0.963934644,0.802800907,3.803958063,8.003958063,42,1,0.0350544,1,2,20,30,6,20,PAV055
3,1,3,1,85.304554,80.1063,3,0,3,1,3,1,5,10,100,10,12,80,9.6,0.4,2,0.9646129,30,0.654985082,0.647966018,6.280995308,9.680995308,32,1,0.0345509,1,2,12,80,9.6,30,PAV055
3,1,4,1,88.671257,83.2748,4,0,3,1,4,1,5,20,50,10,10,100,10,0,1,1.0214637,40,0.853380626,0.728108732,2.550898306,6.350898306,37,1,0.0347832,1,1,20,50,10,0,PAV055
3,1,5,1,92.387978,86.27066667,5,0,3,1,5,1,5,12,40,4.8,10,100,10,-5.2,1,1.1626639,50,0.830863156,0.608913475,5.835876185,9.035876185,29,1,0.0521164,1,1,12,40,4.8,10,PAV055
3,1,6,1,96.104568,87.9881,6,0,3,1,6,1,5,10,100,10,25,50,12.5,-2.5,2,0.7780968,60,0.516590432,0.737792549,5.866725657,9.666725657,38,1,0.0343792,1,2,25,50,12.5,0,PAV055
3,1,7,1,99.238092,90.47176667,7,0,3,1,7,1,5,20,40,8,10,100,10,-2,1,1.0698735,70,0.949660987,1.154620304,3.180761623,8.980761623,62,1,0.0370337,1,1,20,40,8,10,PAV055
3,1,8,1,103.521449,93.555,8,1,3,1,8,1,5,10,100,10,30,60,18,-8,,,70,0.622169735,1.173356984,,,,,,,2,30,60,18,10,PAV055
3,1,9,1,109.604813,94.2243,9,1,3,1,9,1,5,10,100,10,25,50,12.5,-2.5,1,2.0283981,95,0.699245766,1.191656415,-0.692777795,5.307222205,65,1,0.0495176,1,2,25,50,12.5,0,PAV055
3,1,10,1,114.621083,96.88653333,10,1,3,1,10,1,5,30,50,15,10,100,10,5,2,2.4521809,125,0.546512403,1.109862807,0.599502027,6.199502027,60,1,0.0340967,1,1,30,50,15,0,PAV055
3,1,11,1,119.821554,98.69013333,11,0,3,1,11,1,5,25,70,17.5,10,100,10,7.5,1,0.9740993,135,0.849172424,0.988954726,0.054437556,5.054437556,53,1,0.0362976,1,1,25,70,17.5,20,PAV055
3,1,12,1,123.738368,101.5243667,12,0,3,1,12,1,5,12,50,6,10,100,10,-4,1,1.2982089,145,0.604427338,0.617401797,6.694453281,9.894453281,31,1,0.0495083,1,1,12,50,6,0,PAV055
3,1,13,1,127.355014,108.0553333,13,1,3,1,13,1,5,15,50,7.5,10,100,10,-2.5,2,1.7980113,160,0.572457798,0.715643395,3.421306623,7.021306623,36,1,0.0339209,1,1,15,50,7.5,0,PAV055
3,1,14,1,131.5218,109.6054667,14,1,3,1,14,1,5,10,100,10,20,50,10,0,1,1.4667935,180,0.548765162,0.799458087,1.568202411,5.568202411,41,1,0.0436848,1,2,20,50,10,0,PAV055
3,1,15,1,135.421848,113.8698,15,1,3,1,15,1,5,15,60,9,10,100,10,-1,2,1.5584088,195,0.876831961,0.596934026,2.67046388,5.67046388,29,1,0.0489131,1,1,15,60,9,10,PAV055
3,1,16,1,139.555235,117.0892,16,0,3,1,16,1,5,10,100,10,12,70,8.4,1.6,2,2.5562175,205,0.704141324,0.726367649,3.432834102,7.232834102,37,1,0.0351293,1,2,12,70,8.4,20,PAV055
3,1,17,1,144.63856,119.8235,17,1,3,1,17,1,5,10,100,10,25,50,12.5,-2.5,1,1.5052775,230,0.990888792,0.60028295,4.252262553,7.452262553,29,1,0.0468973,1,2,25,50,12.5,0,PAV055
3,1,18,1,148.822027,122.8368667,18,1,3,1,18,1,5,10,100,10,20,90,18,-8,1,1.304859,250,0.508091764,0.557686854,4.793877004,7.593877004,26,1,0.0344601,1,2,20,90,18,40,PAV055
3,1,19,1,152.272051,125.0557,19,1,3,1,19,1,5,25,80,20,10,100,10,10,2,1.7952376,275,0.913755826,1.187149848,2.289887253,8.289887253,64,1,0.0388158,1,1,25,80,20,30,PAV055
3,1,20,1,157.272113,127.3611,20,1,3,1,20,1,5,10,100,10,30,50,15,-5,1,1.0463588,275,0.645882503,0.828945796,3.868546009,8.068546009,42,0,0.0347029,1,2,30,50,15,0,PAV055
3,1,21,1,160.905423,130.903,21,0,3,1,21,1,5,12,20,2.4,10,100,10,-7.6,1,1.554994,285,0.65842766,1.034868466,-0.009083164,5.190916836,56,1,0.0354219,1,1,12,20,2.4,30,PAV055
3,1,22,1,165.27221,133.0081,22,1,3,1,22,1,5,10,100,10,30,40,12,-2,1,1.1751421,315,0.841456263,0.939207779,0.640923597,5.440923597,50,1,0.0347023,1,2,30,40,12,10,PAV055
3,1,23,1,169.322279,135.4406,23,0,3,1,23,1,5,20,20,4,10,100,10,-6,1,2.4636305,325,0.744773823,1.092360087,-0.277305795,5.322694205,59,1,0.0462549,1,1,20,20,4,30,PAV055
3,1,24,1,174.705665,138.6363,24,1,3,1,24,1,5,10,100,10,20,60,12,-2,1,2.3379523,345,0.758420024,0.77618752,4.311441468,8.311441468,40,1,0.0338553,1,2,20,60,12,10,PAV055
3,1,25,1,179.672254,142.1385333,25,1,3,1,25,1,5,10,100,10,25,60,15,-5,1,1.5100408,370,0.685213229,1.176862998,2.287781544,8.287781544,63,1,0.045468,1,2,25,60,15,10,PAV055
3,1,26,1,184.139082,144.6529,26,0,3,1,26,1,5,10,100,10,15,70,10.5,-0.5,2,1.3235024,380,0.519045755,1.175989939,0.096362947,6.096362947,64,1,0.0480853,1,2,15,70,10.5,20,PAV055
3,1,27,1,188.255787,147.7861,27,1,3,1,27,1,5,10,100,10,15,40,6,4,1,1.3278995,380,0.821208344,0.650950894,6.244983307,9.644983307,32,0,0.0357125,1,2,15,40,6,10,PAV055
3,1,28,1,192.139035,150.1557,28,1,3,1,28,1,5,10,100,10,20,80,16,-6,1,1.1633681,400,0.748038722,1.147599376,2.599487497,8.399487497,62,1,0.0345286,1,2,20,80,16,30,PAV055
3,1,29,1,196.28883,152.2735333,29,1,3,1,29,1,5,10,100,10,25,40,10,0,1,1.0992894,400,0.711426315,0.898471807,3.547984634,8.147984634,47,0,0.0538384,1,2,25,40,10,10,PAV055
3,1,30,1,200.072518,156.3036333,30,1,3,1,30,1,5,10,100,10,25,40,10,0,1,0.9168335,425,0.640999532,1.041090099,0.685607641,6.085607641,55,1,0.051736,1,2,25,40,10,10,PAV055
3,1,31,1,203.756051,158.3632333,31,0,3,1,31,1,5,30,20,6,10,100,10,-4,1,1.839692,435,0.855501643,0.680063619,3.500661033,7.100661033,34,1,0.0343403,1,1,30,20,6,30,PAV055
3,1,32,1,208.222752,160.9077667,32,1,3,1,32,1,5,10,100,10,30,40,12,-2,1,0.9092996,465,0.639296462,0.637009149,3.558645143,6.758645143,32,1,0.0414997,1,2,30,40,12,10,PAV055
3,1,33,1,211.506124,164.5539667,33,1,3,1,33,1,5,10,100,10,30,80,24,-14,1,0.7799873,495,0.693494769,1.140921289,1.783537381,7.583537381,62,1,0.0432109,1,2,30,80,24,30,PAV055
3,1,34,1,215.205785,166.471,34,0,3,1,34,1,5,10,100,10,25,30,7.5,2.5,2,1.2026478,505,0.648034444,1.19412709,0.755413989,6.755413989,64,1,0.0352431,1,2,25,30,7.5,20,PAV055
3,1,35,1,219.339552,169.3221333,35,0,3,1,35,1,5,20,50,10,10,100,10,0,1,0.7705961,515,0.740152511,0.829566784,3.667363735,7.867363735,42,1,0.0347055,1,1,20,50,10,0,PAV055
3,1,36,1,222.772779,173.9202667,36,1,3,1,36,1,5,15,30,4.5,10,100,10,-5.5,2,1.2562355,515,0.82170902,0.895110665,2.467379485,7.067379485,47,0,0.0456108,1,1,15,30,4.5,20,PAV055
3,1,37,1,226.839647,177.0722,37,0,3,1,37,1,5,30,70,21,10,100,10,11,1,0.8178252,525,0.532159053,0.68115434,7.212577454,10.81257745,34,1,0.042616,1,1,30,70,21,20,PAV055
3,1,38,1,229.973024,179.6711667,38,1,3,1,38,1,5,30,90,27,10,100,10,17,2,0.8275674,555,0.684990263,0.635079213,6.418047436,9.618047436,32,1,0.0357299,1,1,30,90,27,40,PAV055
3,1,39,1,233.222968,183.4033333,39,1,3,1,39,1,5,25,60,15,10,100,10,5,2,0.9522161,580,0.791244524,0.639148016,3.957795507,7.157795507,31,1,0.0434204,1,1,25,60,15,10,PAV055
3,1,40,1,236.706437,185.4884667,40,1,3,1,40,1,5,15,60,9,10,100,10,-1,2,1.4665431,580,0.570900675,1.002282763,5.721869092,10.92186909,53,0,0.0466451,1,1,15,60,9,10,PAV055
3,1,41,1,240.839763,188.256,41,0,3,1,41,1,5,12,30,3.6,10,100,10,-6.4,1,0.9343814,590,0.916190009,1.107895163,0.011362373,5.611362373,59,1,0.0467672,1,1,12,30,3.6,20,PAV055
3,1,42,1,244.889708,191.2702,42,1,3,1,42,1,5,20,50,10,10,100,10,0,2,1.3001385,590,0.995019373,0.642482425,6.280613765,9.680613765,31,0,0.03646,1,1,20,50,10,0,PAV055
3,1,43,1,248.90617,193.3226667,43,0,3,1,43,1,5,10,100,10,30,30,9,1,2,1.7926027,600,0.71893993,0.659078321,4.771659542,8.171659542,33,1,0.0462724,1,2,30,30,9,20,PAV055
3,1,44,1,253.173202,196.2889333,44,1,3,1,44,1,5,15,80,12,10,100,10,2,2,0.9395573,615,0.53341781,0.817419576,4.057934501,8.257934501,42,1,0.0343174,1,1,15,80,12,30,PAV055
3,1,45,1,256.556589,199.3198,45,0,3,1,45,1,5,10,100,10,12,60,7.2,2.8,2,1.5659046,625,0.753431643,1.087340874,0.209959711,5.809959711,58,1,0.0368038,1,2,12,60,7.2,10,PAV055
3,1,46,1,261.056731,201.0192667,46,1,3,1,46,1,5,25,90,22.5,10,100,10,12.5,2,1.0629524,650,0.59708018,0.582988754,5.880446002,8.880446002,28,1,0.0346024,1,1,25,90,22.5,40,PAV055
3,1,47,1,264.406798,203.7656667,47,0,3,1,47,1,5,10,100,10,15,20,3,7,2,1.3142022,660,0.8997668,1.108615146,2.117043911,7.717043911,60,1,0.0407008,1,2,15,20,3,30,PAV055
3,1,48,1,268.840211,207.3201667,48,1,3,1,48,1,5,20,70,14,10,100,10,4,2,0.960315,660,0.543063592,0.637795281,7.262992365,10.46299237,32,0,0.0344724,1,1,20,70,14,20,PAV055
3,1,49,1,272.073545,209.1588333,49,0,3,1,49,1,5,15,90,13.5,10,100,10,3.5,1,0.5454276,670,0.618961008,1.011601207,2.288013114,7.488013114,54,1,0.0349732,1,1,15,90,13.5,40,PAV055
3,1,50,1,275.356772,211.5052667,50,0,3,1,50,1,5,10,100,10,25,20,5,5,2,0.7603134,680,0.963327716,0.682529091,3.832350878,7.432350878,33,1,0.0359682,1,2,25,20,5,30,PAV055
4,2,1,1,60.257688,2.572266667,1,0,4,2,1,1,5,10,100,10,12,40,4.8,5.2,2,1.2869021,10,0.689243671,0.66518422,3.640895954,7.040895954,32,1,0.041743,1,2,12,40,4.8,10,PAV055
4,2,2,1,64.024147,61.55733333,2,1,4,2,2,1,5,25,60,15,10,100,10,5,2,2.4532284,35,0.66002326,0.686218717,2.652824123,6.252824123,34,1,0.0362822,1,1,25,60,15,10,PAV055
4,2,3,1,68.924256,63.32026667,3,0,4,2,3,1,5,10,100,10,20,30,6,4,2,1.9929226,45,0.91263041,0.68529294,4.05660231,7.65660231,34,1,0.0368467,1,2,20,30,6,20,PAV055
4,2,4,1,73.624529,67.2111,4,0,4,2,4,1,5,12,70,8.4,10,100,10,-1.6,1,0.6629437,55,0.532343524,0.594686635,1.895235203,4.895235203,28,1,0.0409647,1,1,12,70,8.4,20,PAV055
4,2,5,1,76.524549,70.91926667,5,0,4,2,5,1,5,30,30,9,10,100,10,-1,1,1.0927793,65,0.508522589,0.906089139,3.550464117,8.150464117,47,1,0.0351395,1,1,30,30,9,20,PAV055
4,2,6,1,80.124613,72.6561,6,1,4,2,6,1,5,20,50,10,10,100,10,0,2,0.9555457,65,0.900178957,0.575585771,6.831526353,9.831526353,27,0,0.0417646,1,1,20,50,10,0,PAV055
4,2,7,1,83.657986,74.33,7,1,4,2,7,1,5,30,60,18,10,100,10,8,2,1.2670594,65,0.806541511,1.048770009,4.35686038,9.75686038,55,0,0.0455191,1,1,30,60,18,10,PAV055
4,2,8,1,87.874619,76.52503333,8,0,4,2,8,1,5,15,80,12,10,100,10,2,1,0.8120161,75,0.725726088,0.721924398,6.871959041,10.67195904,36,1,0.0353126,1,1,15,80,12,30,PAV055
4,2,9,1,91.224733,79.57366667,9,0,4,2,9,1,5,30,20,6,10,100,10,-4,1,0.5410536,85,0.775672614,0.624401782,4.115803188,7.315803188,30,1,0.0349462,1,1,30,20,6,30,PAV055
4,2,10,1,94.258095,81.1132,10,0,4,2,10,1,5,10,100,10,25,80,20,-10,2,1.4160897,95,0.653173565,0.537445479,4.573641599,7.373641599,26,1,0.0323789,1,2,25,80,20,30,PAV055
4,2,11,1,97.958152,83.66376667,11,0,4,2,11,1,5,30,70,21,10,100,10,11,1,0.9018063,105,0.696358958,0.606634968,3.125726306,6.325726306,29,1,0.0353576,1,1,30,70,21,20,PAV055
4,2,12,1,101.274854,87.02263333,12,0,4,2,12,1,5,10,100,10,25,20,5,5,2,1.1070065,115,0.947898709,0.574947553,4.021288593,7.021288593,27,1,0.0353344,1,2,25,20,5,30,PAV055
4,2,13,1,105.008249,88.71653333,13,1,4,2,13,1,5,10,100,10,20,80,16,-6,1,1.2927188,135,0.502738664,1.19276019,2.666773658,8.666773658,65,1,0.0459565,1,2,20,80,16,30,PAV055
4,2,14,1,109.091633,91.22976667,14,0,4,2,14,1,5,10,100,10,15,30,4.5,5.5,2,0.9494655,145,0.783567261,0.764145597,5.038352058,9.038352058,38,1,0.0355669,1,2,15,30,4.5,20,PAV055
4,2,15,1,112.674861,93.4396,15,0,4,2,15,1,5,10,100,10,30,40,12,-2,2,0.8935723,155,0.922457155,0.569269374,7.137207959,10.13720796,28,1,0.0346417,1,2,30,40,12,10,PAV055
4,2,16,1,116.158277,95.69356667,16,0,4,2,16,1,5,10,100,10,12,20,2.4,7.6,2,0.9010903,165,0.530992906,0.632099038,3.406557643,6.606557643,30,1,0.0346516,1,2,12,20,2.4,30,PAV055
4,2,17,1,119.341757,97.9679,17,1,4,2,17,1,5,15,90,13.5,10,100,10,3.5,2,1.3826354,180,0.880896933,0.606699757,1.907093687,5.107093687,29,1,0.0524434,1,1,15,90,13.5,40,PAV055
4,2,18,1,123.308494,100.5227333,18,0,4,2,18,1,5,30,40,12,10,100,10,2,1,1.0847827,190,0.877394794,0.769385166,1.821913679,5.821913679,40,1,0.037927,1,1,30,40,12,10,PAV055
4,2,19,1,127.125188,102.422,19,0,4,2,19,1,5,10,100,10,25,40,10,0,2,0.7924328,200,0.923900477,1.17673794,3.520952349,9.520952349,64,1,0.033611,1,2,25,40,10,10,PAV055
4,2,20,1,131.108566,105.0081333,20,0,4,2,20,1,5,10,100,10,12,60,7.2,2.8,2,1.0539632,210,0.630239429,1.109666252,5.215296346,10.81529635,60,1,0.0345968,1,2,12,60,7.2,10,PAV055
4,2,21,1,135.008649,108.5399333,21,1,4,2,21,1,5,25,70,17.5,10,100,10,7.5,2,1.2045947,210,0.600207309,0.530875689,7.398377699,10.1983777,24,0,0.0342366,1,1,25,70,17.5,20,PAV055
4,2,22,1,138.425339,110.066,22,0,4,2,22,1,5,25,50,12.5,10,100,10,2.5,1,1.1124784,220,0.527162484,0.88550422,3.76871041,8.36871041,47,1,0.0348271,1,1,25,50,12.5,0,PAV055
4,2,23,1,142.042048,112.6786333,23,0,4,2,23,1,5,30,50,15,10,100,10,5,1,0.78797,230,0.55886045,1.141628204,0.862525071,6.662525071,62,1,0.0360625,1,1,30,50,15,0,PAV055
4,2,24,1,145.608759,115.1899,24,1,4,2,24,1,5,20,60,12,10,100,10,2,2,1.9374308,230,0.797456693,1.047432595,5.582768817,10.98276882,56,0,0.0345785,1,1,20,60,12,10,PAV055
4,2,25,1,150.492153,117.0993333,25,0,4,2,25,1,5,10,100,10,15,70,10.5,-0.5,2,0.9250489,240,0.503288241,0.594165131,3.924216313,6.924216313,28,1,0.0356568,1,2,15,70,10.5,20,PAV055
4,2,26,1,153.608791,119.3459333,26,0,4,2,26,1,5,12,30,3.6,10,100,10,-6.4,1,0.7503389,250,0.644336549,0.920622106,1.955496522,6.755496522,49,1,0.0468401,1,1,12,30,3.6,20,PAV055
4,2,27,1,157.008386,122.3735333,27,0,4,2,27,1,5,10,100,10,12,50,6,4,2,0.8666896,260,0.707009395,1.009223843,0.873528722,6.073528722,53,1,0.0509892,1,2,12,50,6,0,PAV055
4,2,28,1,160.691767,124.4111667,28,0,4,2,28,1,5,15,20,3,10,100,10,-7,1,1.0062694,270,0.99919124,0.630731897,3.272278258,6.472278258,30,1,0.0344522,1,1,15,20,3,30,PAV055
4,2,29,1,164.442324,127.125,29,0,4,2,29,1,5,10,100,10,12,80,9.6,0.4,2,1.0081318,280,0.993119716,1.169496255,-0.631225614,5.368774386,63,1,0.0348316,1,2,12,80,9.6,30,PAV055
4,2,30,1,168.709033,130.1395,30,1,4,2,30,1,5,10,100,10,25,60,15,-5,1,1.8215698,280,0.986693654,1.107708931,4.214630612,9.814630612,60,0,0.031547,1,2,25,60,15,10,PAV055
4,2,31,1,173.725675,132.1912333,31,0,4,2,31,1,5,10,100,10,20,20,4,6,2,0.4364967,290,0.525876833,1.140769886,3.463785203,9.263785203,61,1,0.0356722,1,2,20,20,4,30,PAV055
4,2,32,1,176.925681,135.0082333,32,0,4,2,32,1,5,10,100,10,20,70,14,-4,2,0.4203962,300,0.594050846,0.861672823,3.065386985,7.465386985,44,1,0.0379355,1,2,20,70,14,20,PAV055
4,2,33,1,179.892513,137.7735667,33,0,4,2,33,1,5,30,50,15,10,100,10,5,1,1.0681567,310,0.576271939,0.852808657,6.090204647,10.49020465,44,1,0.0362247,1,1,30,50,15,0,PAV055
4,2,34,1,183.49256,139.5587333,34,0,4,2,34,1,5,10,100,10,20,40,8,2,2,1.0374218,320,0.608410618,1.149374141,2.529969378,8.329969378,61,1,0.0359586,1,2,20,40,8,10,PAV055
4,2,35,1,187.359156,142.0412333,35,0,4,2,35,1,5,10,100,10,20,50,10,0,2,0.7180313,330,0.561352406,0.900606486,2.8437005,7.4437005,48,1,0.0403947,1,2,20,50,10,0,PAV055
4,2,36,1,190.642648,145.0061667,36,0,4,2,36,1,5,10,100,10,25,30,7.5,2.5,2,1.2638438,340,0.524642755,0.675343466,6.68671251,10.08671251,34,1,0.0341392,1,2,25,30,7.5,20,PAV055
4,2,37,1,194.209352,147.5746,37,0,4,2,37,1,5,15,40,6,10,100,10,-4,1,1.592165,350,0.621020322,1.16121835,1.608751675,7.608751675,63,1,0.034762,1,1,15,40,6,10,PAV055
4,2,38,1,198.675699,150.4927,38,1,4,2,38,1,5,20,90,18,10,100,10,8,2,0.7462902,370,0.921296161,0.965127502,1.644476619,6.644476619,51,1,0.0462613,1,1,20,90,18,40,PAV055
4,2,39,1,202.392379,153.0565667,39,0,4,2,39,1,5,25,40,10,10,100,10,0,1,1.1089967,380,0.979786578,0.971416342,4.778367394,9.778367394,52,1,0.0397597,1,1,25,40,10,10,PAV055
4,2,40,1,206.559377,154.3749667,40,0,4,2,40,1,5,10,100,10,15,60,9,1,2,1.0440294,390,0.93765582,1.134198915,4.703932242,10.50393224,61,1,0.0367394,1,2,15,60,9,10,PAV055
4,2,41,1,210.776242,157.0147667,41,0,4,2,41,1,5,10,100,10,20,50,10,0,2,0.9000693,400,0.774280665,1.120934829,3.08664797,8.88664797,60,1,0.0348538,1,2,20,50,10,0,PAV055
4,2,42,1,214.659132,159.9398667,42,1,4,2,42,1,5,30,80,24,10,100,10,14,2,1.455105,430,0.984115002,0.548155317,5.586135659,8.386135659,25,1,0.0379172,1,1,30,80,24,30,PAV055
4,2,43,1,218.726332,161.7411333,43,0,4,2,43,1,5,25,50,12.5,10,100,10,2.5,1,1.6130701,440,0.981345773,0.723273444,6.025252885,9.825252885,37,1,0.0349311,1,1,25,50,12.5,0,PAV055
4,2,44,1,223.159542,164.4514667,44,0,4,2,44,1,5,20,50,10,10,100,10,0,1,1.0644358,450,0.89739357,0.826520637,1.637609747,5.837609747,43,1,0.045089,1,1,20,50,10,0,PAV055
4,2,45,1,227.043104,167.6727333,45,1,4,2,45,1,5,10,100,10,30,90,27,-17,1,1.2947332,480,0.860753649,0.632144883,6.081965722,9.281965722,31,1,0.035653,1,2,30,90,27,40,PAV055
4,2,46,1,230.909818,170.5588667,46,1,4,2,46,1,5,10,100,10,25,90,22.5,-12.5,1,1.2158285,505,0.535651589,0.539928829,4.244236521,7.044236521,26,1,0.0354792,1,2,25,90,22.5,40,PAV055
4,2,47,1,234.29323,173.7313333,47,1,4,2,47,1,5,10,100,10,12,90,10.8,-0.8,1,0.9388594,517,0.644203026,0.921052386,3.289975098,8.089975098,49,1,0.0386752,1,2,12,90,10.8,40,PAV055
4,2,48,1,237.876567,176.356,48,0,4,2,48,1,5,15,60,9,10,100,10,-1,1,1.0655322,527,0.751950762,0.519417332,5.644679332,8.244679332,25,1,0.0370775,1,1,15,60,9,10,PAV055
4,2,49,1,241.309958,177.3864,49,0,4,2,49,1,5,15,50,7.5,10,100,10,-2.5,1,1.3468029,537,0.730649125,0.798324294,4.607093155,8.607093155,41,1,0.0344591,1,1,15,50,7.5,0,PAV055
4,2,50,1,245.292951,179.9028333,50,1,4,2,50,1,5,10,100,10,25,50,12.5,-2.5,1,0.9986252,562,0.500974314,1.01104539,1.02341831,6.22341831,53,1,0.0460768,1,2,25,50,12.5,0,PAV055
17,3,1,1,15.687556,3.481833333,1,0,17,3,1,1,5,30,50,15,10,100,10,5,1,3.6884429,10,0.940864673,0.845961406,0.694802674,5.094802674,43,1,0.0408602,1,1,30,50,15,0,PAV055
17,3,2,1,22.27096,19.79176667,2,0,17,3,2,1,5,10,100,10,15,20,3,7,2,2.0008804,20,0.768412892,1.159404209,4.02622521,9.82622521,63,1,0.0351732,1,2,15,20,3,30,PAV055
17,3,3,1,27.304227,21.70006667,3,0,17,3,3,1,5,20,50,10,10,100,10,0,1,3.2329773,30,0.700114361,0.98793215,1.121584218,6.121584218,53,1,0.0350732,1,1,20,50,10,0,PAV055
17,3,4,1,33.337273,25.88123333,4,1,17,3,4,1,5,30,80,24,10,100,10,14,2,0.9401613,30,0.651384863,1.176275897,4.822793096,10.8227931,64,0,0.0353636,1,1,30,80,24,30,PAV055
17,3,5,1,37.221026,30.95866667,5,0,17,3,5,1,5,10,100,10,25,50,12.5,-2.5,2,1.4371862,40,0.782157095,1.002986364,2.058410681,7.258410681,54,1,0.0358675,1,2,25,50,12.5,0,PAV055
17,3,6,1,41.554539,33.01906667,6,1,17,3,6,1,5,10,100,10,25,50,12.5,-2.5,1,3.1218402,40,0.738730844,0.735631941,6.533404441,10.33340444,38,0,0.0380244,1,2,25,50,12.5,0,PAV055
17,3,7,1,47.254608,35.91406667,7,1,17,3,7,1,5,20,60,12,10,100,10,2,2,1.2347471,40,0.600324334,0.864192126,5.022610509,9.422610509,45,0,0.0417283,1,1,20,60,12,10,PAV055
17,3,8,1,51.037974,39.08026667,8,0,17,3,8,1,5,25,30,7.5,10,100,10,-2.5,1,0.8835302,50,0.528256962,0.702475304,5.451648586,9.051648586,36,1,0.0418731,1,1,25,30,7.5,20,PAV055
17,3,9,1,54.237858,41.15053333,9,0,17,3,9,1,5,25,50,12.5,10,100,10,2.5,1,0.4729973,60,0.820971041,1.002805027,2.563372847,7.763372847,54,1,0.0346372,1,1,25,50,12.5,0,PAV055
17,3,10,1,57.637945,45.88353333,10,0,17,3,10,1,5,20,50,10,10,100,10,0,1,0.6238463,70,0.701808374,0.872913075,0.503271492,4.903271492,46,1,0.0343865,1,1,20,50,10,0,PAV055
17,3,11,1,60.938059,48.89796667,11,0,17,3,11,1,5,20,20,4,10,100,10,-6,1,0.7947252,80,0.67093295,1.093680052,1.166613076,6.766613076,58,1,0.034342,1,1,20,20,4,30,PAV055
17,3,12,1,64.588138,50.81256667,12,0,17,3,12,1,5,12,20,2.4,10,100,10,-7.6,1,0.6561816,90,0.869349155,1.105371999,1.907135148,7.507135148,60,1,0.0359156,1,1,12,20,2.4,30,PAV055
17,3,13,1,68.321515,52.36623333,13,1,17,3,13,1,5,10,100,10,25,60,15,-5,1,2.1331108,115,0.562794806,0.616184592,1.827642351,5.027642351,30,1,0.0404737,1,2,25,60,15,10,PAV055
17,3,14,1,72.721619,54.64636667,14,0,17,3,14,1,5,10,100,10,30,50,15,-5,2,1.236216,125,0.62270651,0.980715114,1.540221487,6.540221487,52,1,0.0346606,1,2,30,50,15,0,PAV055
17,3,15,1,76.638209,57.17806667,15,0,17,3,15,1,5,10,100,10,12,40,4.8,5.2,2,0.8769786,135,0.97466362,0.666415409,3.446360285,6.846360285,32,1,0.0351252,1,2,12,40,4.8,10,PAV055
17,3,16,1,80.238333,58.69736667,16,0,17,3,16,1,5,25,20,5,10,100,10,-5,1,0.9232846,145,0.920884664,0.567521646,5.077456526,8.077456526,28,1,0.0345866,1,1,25,20,5,30,PAV055
17,3,17,1,83.755042,61.34793333,17,1,17,3,17,1,5,30,90,27,10,100,10,17,2,1.097547,175,0.934928368,0.953498654,0.574354009,5.374354009,51,1,0.0344599,1,1,30,90,27,40,PAV055
17,3,18,1,87.838419,64.27796667,18,0,17,3,18,1,5,10,100,10,20,30,6,4,2,0.8044154,185,0.53812738,0.845581785,3.400311299,7.800311299,44,1,0.0345798,1,2,20,30,6,20,PAV055
17,3,19,1,91.105074,65.68646667,19,0,17,3,19,1,5,10,100,10,20,40,8,2,2,0.8906501,195,0.772882595,0.912031515,1.908009889,6.508009889,48,1,0.037109,1,2,20,40,8,10,PAV055
17,3,20,1,94.771759,68.73036667,20,0,17,3,20,1,5,20,50,10,10,100,10,0,1,1.4225606,205,0.660095238,0.809978044,5.177251456,9.377251456,42,1,0.0360261,1,1,20,50,10,0,PAV055
17,3,21,1,98.738544,72.5113,21,1,17,3,21,1,5,12,70,8.4,10,100,10,-1.6,2,1.1596266,217,0.918809132,1.021341952,1.418422605,6.618422605,54,1,0.0348116,1,1,12,70,8.4,20,PAV055
17,3,22,1,102.9386,74.38056667,22,0,17,3,22,1,5,10,100,10,12,50,6,4,2,1.2416079,227,0.747464175,0.577071922,3.268715899,6.268715899,28,1,0.0346231,1,2,12,50,6,0,PAV055
17,3,23,1,106.605298,77.0481,23,1,17,3,23,1,5,10,100,10,12,90,10.8,-0.8,1,1.215649,227,0.673781262,1.146776921,4.808792018,10.60879202,62,0,0.0406137,1,2,12,90,10.8,40,PAV055
17,3,24,1,110.722017,79.62776667,24,0,17,3,24,1,5,10,100,10,30,40,12,-2,2,0.8599208,237,0.884563234,0.548741625,6.459283169,9.259283169,26,1,0.0344639,1,2,30,40,12,10,PAV055
17,3,25,1,114.105395,81.59823333,25,0,17,3,25,1,5,10,100,10,15,80,12,-2,2,1.080934,247,0.930987245,0.723610768,3.078257473,6.878257473,37,1,0.0344507,1,2,15,80,12,30,PAV055
17,3,26,1,117.938707,84.1636,26,0,17,3,26,1,5,25,40,10,10,100,10,0,1,0.6773258,257,0.947724282,1.05675825,1.394601354,6.794601354,57,1,0.0406514,1,1,25,40,10,10,PAV055
17,3,27,1,121.722124,87.26126667,27,1,17,3,27,1,5,20,70,14,10,100,10,4,2,1.0861401,277,0.915062793,0.920948182,2.723821563,7.523821563,49,1,0.0343438,1,1,20,70,14,20,PAV055
17,3,28,1,125.738869,89.06636667,28,0,17,3,28,1,5,10,100,10,30,20,6,4,2,0.7538461,287,0.953080009,1.105399175,1.150238769,6.750238769,60,1,0.0401859,1,2,30,20,6,30,PAV055
17,3,29,1,129.638926,91.51516667,29,1,17,3,29,1,5,10,100,10,15,60,9,1,1,1.5301403,302,0.843102174,0.934382872,2.49295956,7.29295956,50,1,0.0355113,1,2,15,60,9,10,PAV055
17,3,30,1,134.038968,94.36163333,30,0,17,3,30,1,5,10,100,10,30,40,12,-2,2,0.6838878,312,0.851843121,0.882249418,4.588920093,9.188920093,45,1,0.0353125,1,2,30,40,12,10,PAV055
17,3,31,1,137.539022,96.61753333,31,1,17,3,31,1,5,10,100,10,15,70,10.5,-0.5,1,1.6936816,312,0.550443935,0.52375207,6.798244409,9.598244409,25,0,0.0364527,1,2,15,70,10.5,20,PAV055
17,3,32,1,141.405747,99.14713333,32,0,17,3,32,1,5,20,50,10,10,100,10,0,1,0.7686204,322,0.949750039,1.191438414,4.407058458,10.40705846,65,1,0.0403377,1,1,20,50,10,0,PAV055
17,3,33,1,145.422445,102.378,33,0,17,3,33,1,5,10,100,10,15,50,7.5,2.5,2,0.7824582,332,0.70125255,0.692299314,5.191921188,8.791921188,35,1,0.0397416,1,2,15,50,7.5,0,PAV055
17,3,34,1,148.689118,104.6140667,34,1,17,3,34,1,5,10,100,10,12,80,9.6,0.4,1,1.0345391,344,0.80172317,0.516046607,6.530558331,9.130558331,24,1,0.0344367,1,2,12,80,9.6,30,PAV055
17,3,35,1,152.122329,107.0132,35,1,17,3,35,1,5,10,100,10,25,70,17.5,-7.5,1,1.2560526,344,0.877649342,1.021445515,4.808495256,10.00849526,55,0,0.0350065,1,2,25,70,17.5,20,PAV055
17,3,36,1,156.355914,110.4112667,36,0,17,3,36,1,5,15,90,13.5,10,100,10,3.5,1,0.7624696,354,0.794509766,0.823283436,6.173802956,10.37380296,43,1,0.0353752,1,1,15,90,13.5,40,PAV055
17,3,37,1,159.822624,112.0141333,37,0,17,3,37,1,5,10,100,10,15,60,9,1,2,0.7263381,364,0.726986087,1.137825564,-0.206060009,5.593939991,62,1,0.033984,1,2,15,60,9,10,PAV055
17,3,38,1,163.505525,114.5131333,38,0,17,3,38,1,5,10,100,10,12,30,3.6,6.4,2,0.7481353,374,0.679689825,0.868617894,3.397643838,7.797643838,46,1,0.0368709,1,2,12,30,3.6,20,PAV055
17,3,39,1,166.905909,117.3611333,39,0,17,3,39,1,5,30,30,9,10,100,10,-1,1,0.5607833,384,0.769134714,1.195135799,-0.172530148,5.827469852,65,1,0.0342058,1,1,30,30,9,20,PAV055
17,3,40,1,170.522672,119.0457667,40,0,17,3,40,1,5,25,40,10,10,100,10,0,1,0.6129562,394,0.518001005,1.033533188,3.579295171,8.779295171,55,1,0.0395729,1,1,25,40,10,10,PAV055
17,3,41,1,173.772636,122.1308333,41,1,17,3,41,1,5,20,80,16,10,100,10,6,2,1.1911738,414,0.701911714,0.803183478,0.819993352,5.019993352,42,1,0.0454414,1,1,20,80,16,30,PAV055
17,3,42,1,177.572824,125.1786667,42,1,17,3,42,1,5,30,70,21,10,100,10,11,2,1.6629495,444,0.791998916,0.540650639,4.420898753,7.220898753,26,1,0.0343755,1,1,30,70,21,20,PAV055
17,3,43,1,181.656233,126.9160333,43,1,17,3,43,1,5,25,80,20,10,100,10,10,2,1.0087147,469,0.797382309,1.185077885,3.275458125,9.275458125,65,1,0.0357881,1,1,25,80,20,30,PAV055
17,3,44,1,185.756184,130.0469333,44,1,17,3,44,1,5,10,100,10,20,90,18,-8,1,1.4112358,489,0.862764801,0.506656289,3.33119184,5.93119184,24,1,0.0416374,1,2,20,90,18,40,PAV055
17,3,45,1,189.639656,133.5612333,45,0,17,3,45,1,5,15,30,4.5,10,100,10,-5.5,1,0.6704434,499,0.919122955,0.849892094,4.089587049,8.489587049,44,1,0.0346207,1,1,15,30,4.5,20,PAV055
17,3,46,1,193.1563,135.1544333,46,0,17,3,46,1,5,10,100,10,12,60,7.2,2.8,2,0.8931278,509,0.911175114,0.968103782,2.649784155,7.649784155,52,1,0.0375996,1,2,12,60,7.2,10,PAV055
17,3,47,1,197.023075,137.9469,47,0,17,3,47,1,5,25,60,15,10,100,10,5,1,1.1981309,519,0.984821411,1.004539507,3.871294913,9.071294913,54,1,0.0342113,1,1,25,60,15,10,PAV055
17,3,48,1,201.306341,141.2114667,48,0,17,3,48,1,5,10,100,10,30,60,18,-8,2,1.1232174,529,0.788013853,1.121147034,2.704433732,8.504433732,61,1,0.0397375,1,2,30,60,18,10,PAV055
17,3,49,1,205.439841,142.6144,49,1,17,3,49,1,5,10,100,10,25,90,22.5,-12.5,1,1.3645294,554,0.682434488,0.647334791,5.31381195,8.71381195,32,1,0.0354412,1,2,25,90,22.5,40,PAV055
17,3,50,1,209.223213,145.8295333,50,0,17,3,50,1,5,15,40,6,10,100,10,-4,1,1.182872,564,0.832766963,1.172968321,2.340382117,8.340382117,64,1,0.0346564,1,1,15,40,6,10,PAV055
18,4,1,1,14.804445,2.969133333,1,0,18,4,1,1,5,10,100,10,12,30,3.6,6.4,2,1.1997625,10,0.777086855,0.96280975,2.793514143,7.793514143,50,1,0.0547446,1,2,12,30,3.6,20,PAV055
18,4,2,1,18.871154,16.01166667,2,0,18,4,2,1,5,15,80,12,10,100,10,2,1,1.5173294,20,0.858877348,0.972262363,2.618051297,7.618051297,52,1,0.0360794,1,1,15,80,12,30,PAV055
18,4,3,1,23.321188,18.07426667,3,0,18,4,3,1,5,10,100,10,30,40,12,-2,2,1.0710259,30,0.795879731,0.970087071,0.797944824,5.797944824,52,1,0.0344938,1,2,30,40,12,10,PAV055
18,4,4,1,27.271135,21.42366667,4,0,18,4,4,1,5,25,20,5,10,100,10,-5,1,0.5840155,40,0.649732858,0.701861588,5.992962458,9.592962458,36,1,0.034336,1,1,25,20,5,30,PAV055
18,4,5,1,30.304646,24.3958,5,0,18,4,5,1,5,20,50,10,10,100,10,0,1,0.9017459,50,0.907382556,0.89649863,1.804903141,6.404903141,47,1,0.0391639,1,1,20,50,10,0,PAV055
18,4,6,1,34.088013,26.4421,6,1,18,4,6,1,5,25,70,17.5,10,100,10,7.5,2,1.2546664,75,0.582475182,0.841043024,3.375191221,7.775191221,43,1,0.034979,1,1,25,70,17.5,20,PAV055
18,4,7,1,37.854734,28.60526667,7,0,18,4,7,1,5,15,70,10.5,10,100,10,0.5,1,1.2865591,85,0.577887361,0.873640472,5.902970405,10.3029704,46,1,0.0344312,1,1,15,70,10.5,20,PAV055
18,4,8,1,41.671439,31.2075,8,1,18,4,8,1,5,20,80,16,10,100,10,6,2,0.8462213,105,0.77074626,0.837539252,1.173410352,5.373410352,44,1,0.0347203,1,1,20,80,16,30,PAV055
18,4,9,1,45.221477,33.1552,9,0,18,4,9,1,5,15,60,9,10,100,10,-1,1,0.7877305,115,0.804746733,0.681955497,6.193178673,9.793178673,34,1,0.0339415,1,1,15,60,9,10,PAV055
18,4,10,1,48.571531,36.2232,10,0,18,4,10,1,5,10,100,10,25,50,12.5,-2.5,2,0.75729,125,0.533833435,0.828656162,6.007666739,10.20766674,43,1,0.0387616,1,2,25,50,12.5,0,PAV055
18,4,11,1,51.788221,39.14216667,11,1,18,4,11,1,5,12,70,8.4,10,100,10,-1.6,2,0.9221805,137,0.560552904,1.065464681,2.050943319,7.450943319,57,1,0.0341191,1,1,12,70,8.4,20,PAV055
18,4,12,1,55.404699,41.0717,12,0,18,4,12,1,5,10,100,10,15,60,9,1,2,0.6148566,147,0.520550826,0.671389537,2.756307658,6.156307658,34,1,0.037117,1,2,15,60,9,10,PAV055
18,4,13,1,58.304966,43.4049,13,0,18,4,13,1,5,15,30,4.5,10,100,10,-5.5,1,0.8561062,157,0.687343264,0.922456449,4.574643803,9.374643803,49,1,0.0343551,1,1,15,30,4.5,20,PAV055
18,4,14,1,61.871689,46.00956667,14,0,18,4,14,1,5,10,100,10,25,40,10,0,2,0.6700429,167,0.60920673,0.964832645,1.069208946,6.069208946,51,1,0.0390046,1,2,25,40,10,10,PAV055
18,4,15,1,65.188332,47.73813333,15,0,18,4,15,1,5,10,100,10,20,20,4,6,2,1.0363564,177,0.846163951,0.875561891,2.860780471,7.260780471,45,1,0.035175,1,2,20,20,4,30,PAV055
18,4,16,1,69.0551,50.20896667,16,0,18,4,16,1,5,30,40,12,10,100,10,2,1,1.2315063,187,0.795466148,0.858902185,4.151601458,8.551601458,44,1,0.0345097,1,1,30,40,12,10,PAV055
18,4,17,1,73.071691,52.71083333,17,0,18,4,17,1,5,12,20,2.4,10,100,10,-7.6,1,0.7189101,197,0.684994432,0.746919363,5.169901577,8.969901577,38,1,0.0335838,1,1,12,20,2.4,30,PAV055
18,4,18,1,76.305114,54.8226,18,1,18,4,18,1,5,10,100,10,12,90,10.8,-0.8,1,1.4150878,209,0.94999361,0.977653863,5.222714228,10.22271423,52,1,0.0347758,1,2,12,90,10.8,40,PAV055
18,4,19,1,80.73858,56.74136667,19,0,18,4,19,1,5,10,100,10,30,20,6,4,2,0.8234378,219,0.935828884,0.639196448,3.04303867,6.24303867,32,1,0.0348298,1,2,30,20,6,30,PAV055
18,4,20,1,84.238586,59.163,20,0,18,4,20,1,5,12,60,7.2,10,100,10,-2.8,1,0.6589312,229,0.591938847,1.009877639,4.735397336,9.935397336,54,1,0.0401314,1,1,12,60,7.2,10,PAV055
18,4,21,1,87.605323,61.15656667,21,0,18,4,21,1,5,10,100,10,30,70,21,-11,2,0.3765577,239,0.871876207,0.941503599,1.684840222,6.484840222,50,1,0.0391533,1,2,30,70,21,20,PAV055
18,4,22,1,90.888586,63.54336667,22,0,18,4,22,1,5,10,100,10,20,50,10,0,2,0.8519776,249,0.677500761,0.562363486,6.040563182,9.040563182,27,1,0.0341113,1,2,20,50,10,0,PAV055
18,4,23,1,94.054968,66.22533333,23,1,18,4,23,1,5,10,100,10,20,90,18,-8,1,0.9799174,269,0.541940692,0.672654759,3.755478582,7.155478582,34,1,0.03452,1,2,20,90,18,40,PAV055
18,4,24,1,97.338621,68.15656667,24,1,18,4,24,1,5,30,60,18,10,100,10,8,2,1.1736485,269,0.801410493,0.587035043,6.349760922,9.349760922,29,0,0.0337614,1,1,30,60,18,10,PAV055
18,4,25,1,101.005488,71.1884,25,0,18,4,25,1,5,25,60,15,10,100,10,5,1,0.9756078,279,0.949451389,1.029456151,1.149925701,6.349925701,54,1,0.0342824,1,1,25,60,15,10,PAV055
18,4,26,1,105.055472,73.79093333,26,0,18,4,26,1,5,30,30,9,10,100,10,-1,1,0.8170636,289,0.903211489,1.08506471,-0.19386029,5.40613971,59,1,0.0350986,1,1,30,30,9,20,PAV055
18,4,27,1,108.955543,75.58936667,27,0,18,4,27,1,5,20,30,6,10,100,10,-4,1,0.7498327,299,0.739014491,0.714753197,5.581136601,9.181136601,36,1,0.0413186,1,1,20,30,6,20,PAV055
18,4,28,1,112.238757,78.73913333,28,0,18,4,28,1,5,10,100,10,30,50,15,-5,2,1.0717942,309,0.589710728,1.076363039,2.461832186,7.861832186,58,1,0.0347242,1,2,30,50,15,0,PAV055
18,4,29,1,116.055678,81.5628,29,1,18,4,29,1,5,25,90,22.5,10,100,10,12.5,2,1.1799478,334,0.909002187,1.055068384,3.207832523,8.607832523,57,1,0.0341625,1,1,25,90,22.5,40,PAV055
18,4,30,1,120.289061,83.27866667,30,0,18,4,30,1,5,20,50,10,10,100,10,0,1,0.8085911,344,0.740817636,1.196429574,1.650300025,7.650300025,65,1,0.0344341,1,1,20,50,10,0,PAV055
18,4,31,1,124.122463,85.9611,31,0,18,4,31,1,5,10,100,10,25,50,12.5,-2.5,2,0.8291729,354,0.75488109,0.95246498,0.49003879,5.29003879,51,1,0.0343999,1,2,25,50,12.5,0,PAV055
18,4,32,1,127.755651,87.98213333,32,0,18,4,32,1,5,20,40,8,10,100,10,-2,1,0.7113516,364,0.610875098,0.861028378,4.407214292,8.807214292,45,1,0.0344313,1,1,20,40,8,10,PAV055
18,4,33,1,131.022508,89.98803333,33,0,18,4,33,1,5,10,100,10,25,60,15,-5,2,0.8349604,374,0.589883767,0.998980095,4.926395815,9.926395815,53,1,0.0348831,1,2,25,60,15,10,PAV055
18,4,34,1,134.539196,92.3384,34,1,18,4,34,1,5,10,100,10,15,90,13.5,-3.5,1,0.9685597,389,0.999915268,0.548401165,6.220660068,9.020660068,26,1,0.0365466,1,2,15,90,13.5,40,PAV055
18,4,35,1,138.139094,95.03456667,35,0,18,4,35,1,5,30,50,15,10,100,10,5,1,1.1956395,399,0.543409765,0.895119319,4.210099026,8.810099026,47,1,0.0355384,1,1,30,50,15,0,PAV055
18,4,36,1,141.855971,96.7724,36,1,18,4,36,1,5,10,100,10,20,70,14,-4,1,0.9013948,419,0.932535555,0.586359551,4.054336191,7.054336191,29,1,0.0349521,1,2,20,70,14,20,PAV055
18,4,37,1,145.372703,99.1552,37,0,18,4,37,1,5,10,100,10,25,30,7.5,2.5,2,0.9097687,429,0.586029229,0.83443402,4.184103819,8.384103819,44,1,0.0353339,1,2,25,30,7.5,20,PAV055
18,4,38,1,148.806073,101.9819333,38,1,18,4,38,1,5,10,100,10,30,90,27,-17,1,1.0951522,459,0.638848347,0.771799689,4.895846314,8.895846314,40,1,0.035828,1,2,30,90,27,40,PAV055
18,4,39,1,152.40611,104.0717667,39,0,18,4,39,1,5,10,100,10,30,80,24,-14,2,0.5658128,469,0.961674903,0.556984148,3.214509232,6.014509232,27,1,0.0355053,1,2,30,80,24,30,PAV055
18,4,40,1,155.589492,107.0051333,40,0,18,4,40,1,5,20,60,12,10,100,10,2,1,0.9582439,479,0.759144191,0.514020099,7.518569453,10.11856945,24,1,0.0349038,1,1,20,60,12,10,PAV055
18,4,41,1,158.906191,109.7061667,41,0,18,4,41,1,5,15,20,3,10,100,10,-7,1,0.467298,489,0.538218224,1.036110838,3.230142733,8.430142733,56,1,0.0343072,1,1,15,20,3,30,PAV055
18,4,42,1,162.039521,111.4717667,42,0,18,4,42,1,5,10,100,10,12,40,4.8,5.2,2,0.5135226,499,0.729381766,0.879314646,2.401216057,6.801216057,46,1,0.0343737,1,2,12,40,4.8,10,PAV055
18,4,43,1,165.256188,114.4218,43,0,18,4,43,1,5,10,100,10,25,50,12.5,-2.5,2,0.7173876,509,0.605113639,0.965561615,3.754888378,8.754888378,51,1,0.0343808,1,2,25,50,12.5,0,PAV055
18,4,44,1,168.622975,117.2351667,44,0,18,4,44,1,5,10,100,10,12,80,9.6,0.4,2,1.5868739,519,0.838216943,0.720668207,5.938994511,9.738994511,37,1,0.0345845,1,2,12,80,9.6,30,PAV055
18,4,45,1,172.872954,119.3551667,45,0,18,4,45,1,5,10,100,10,15,40,6,4,2,0.8931731,529,0.922137176,1.058535934,3.824514296,9.224514296,57,1,0.0342431,1,2,15,40,6,10,PAV055
18,4,46,1,176.83975,122.3393,46,1,18,4,46,1,5,25,80,20,10,100,10,10,2,1.0566414,554,0.862597476,0.963114939,2.647618447,7.647618447,51,1,0.0345286,1,1,25,80,20,30,PAV055
18,4,47,1,180.822973,124.9551667,47,0,18,4,47,1,5,15,50,7.5,10,100,10,-2.5,1,0.8566651,564,0.735221608,0.746229711,5.158374693,8.958374693,38,1,0.0352491,1,1,15,50,7.5,0,PAV055
18,4,48,1,184.256321,126.9789,48,0,18,4,48,1,5,10,100,10,20,50,10,0,2,1.1070722,574,0.784354014,0.922299737,0.641766883,5.441766883,49,1,0.034886,1,2,20,50,10,0,PAV055
18,4,49,1,188.1732,129.3714,49,0,18,4,49,1,5,25,40,10,10,100,10,0,1,0.7712036,584,0.943979541,0.718210469,2.130363643,5.730363643,37,1,0.1255896,1,1,25,40,10,10,PAV055
18,4,50,1,191.689408,131.8651,50,0,18,4,50,1,5,10,100,10,12,50,6,4,2,0.7825713,594,0.960152231,1.0878758,1.755582084,7.355582084,59,1,0.0340808,1,2,12,50,6,0,PAV055
6,1,1,1,75.546874,2.180833333,1,1,6,1,1,1,5,10,100,10,30,50,15,-5,1,3.5003573,0,0.546763745,0.869803392,4.565688125,8.965688125,45,0,0.0409142,1,2,30,50,15,0,PAV056
6,1,2,1,81.563659,79.04986667,2,1,6,1,2,1,5,25,90,22.5,10,100,10,12.5,2,2.9954197,25,0.596045085,1.165144747,2.164514517,8.164514517,63,1,0.0384498,1,1,25,90,22.5,40,PAV056
6,1,3,1,87.413875,80.9818,3,0,6,1,3,1,5,10,100,10,15,40,6,4,2,1.8484175,35,0.695979833,0.53801872,5.32047699,8.12047699,25,1,0.0414889,1,2,15,40,6,10,PAV056
6,1,4,1,91.599909,84.60056667,4,0,6,1,4,1,5,12,90,10.8,10,100,10,0.8,1,2.7592988,45,0.922936818,0.822513628,2.426014166,6.626014166,43,1,0.0546599,1,1,12,90,10.8,40,PAV056
6,1,5,1,97.230936,87.41526667,5,1,6,1,5,1,5,12,20,2.4,10,100,10,-7.6,2,2.2911209,45,0.858641467,0.888776039,5.865317157,10.46531716,47,0,0.0515466,1,1,12,20,2.4,30,PAV056
6,1,6,1,102.397202,90.84683333,6,1,6,1,6,1,5,25,70,17.5,10,100,10,7.5,2,2.5050696,70,0.905068411,0.902927863,1.306866472,5.906866472,48,1,0.0443548,1,1,25,70,17.5,20,PAV056
6,1,7,1,107.814853,94.3841,7,0,6,1,7,1,5,10,100,10,20,30,6,4,2,3.1852376,80,0.914475682,1.071937683,0.158695777,5.558695777,57,1,0.0454757,1,2,20,30,6,20,PAV056
6,1,8,1,114.097609,97.23423333,8,1,6,1,8,1,5,25,50,12.5,10,100,10,2.5,2,2.6402711,105,0.598645204,0.580206378,4.724072302,7.724072302,27,1,0.0429154,1,1,25,50,12.5,0,PAV056
6,1,9,1,119.014083,101.4649,9,1,6,1,9,1,5,10,100,10,25,50,12.5,-2.5,1,2.4438527,105,0.828614969,0.729003958,4.778994131,8.578994131,36,0,0.0344663,1,2,25,50,12.5,0,PAV056
6,1,10,1,124.097772,104.9359,10,1,6,1,10,1,5,10,100,10,30,60,18,-8,1,1.5962729,105,0.661674346,1.029478809,3.812613308,9.012613308,55,0,0.034523,1,2,30,60,18,10,PAV056
6,1,11,1,128.463706,107.8175,11,0,6,1,11,1,5,30,20,6,10,100,10,-4,1,2.2955966,115,0.902561119,0.515503664,5.505827251,8.105827251,24,1,0.0343383,1,1,30,20,6,30,PAV056
6,1,12,1,133.266046,113.1315,12,0,6,1,12,1,5,15,30,4.5,10,100,10,-5.5,1,2.1061679,125,0.787292182,0.875270712,2.477627436,6.877627436,46,1,0.0457225,1,1,15,30,4.5,20,PAV056
6,1,13,1,138.130375,116.7711333,13,1,6,1,13,1,5,12,70,8.4,10,100,10,-1.6,2,3.2645759,125,0.500843008,1.123969735,5.134502411,10.93450241,61,0,0.0398343,1,1,12,70,8.4,20,PAV056
6,1,14,1,144.113777,119.0138667,14,1,6,1,14,1,5,10,100,10,15,60,9,1,1,1.8441978,140,0.654000954,0.787742478,1.103608519,5.103608519,40,1,0.0344143,1,2,15,60,9,10,PAV056
6,1,15,1,148.497745,123.2291,15,0,6,1,15,1,5,10,100,10,15,20,3,7,2,1.538003,150,0.507385753,0.527112826,4.797401277,7.597401277,24,1,0.0347225,1,2,15,20,3,30,PAV056
6,1,16,1,152.164497,125.7169333,16,0,6,1,16,1,5,30,40,12,10,100,10,2,1,3.0724143,160,0.569172762,0.581080905,5.2679264,8.2679264,27,1,0.0392104,1,1,30,40,12,10,PAV056
6,1,17,1,157.481155,128.4635,17,1,6,1,17,1,5,10,100,10,30,30,9,1,1,2.1573796,160,0.807040351,1.13831013,2.286716845,8.086716845,62,0,0.0334868,1,2,30,30,9,20,PAV056
6,1,18,1,162.681588,132.3132667,18,1,6,1,18,1,5,25,80,20,10,100,10,10,2,2.9996742,185,0.590908033,1.137124059,3.022204671,8.822204671,62,1,0.0347265,1,1,25,80,20,30,PAV056
6,1,19,1,168.500929,135.4005,19,1,6,1,19,1,5,10,100,10,30,90,27,-17,1,3.0356803,215,0.666035681,1.179569597,3.970817634,9.970817634,64,1,0.0342818,1,2,30,90,27,40,PAV056
6,1,20,1,174.481636,138.1308333,20,0,6,1,20,1,5,10,100,10,25,30,7.5,2.5,2,1.5956015,225,0.604643447,0.873887992,6.007238134,10.40723813,46,1,0.0352813,1,2,25,30,7.5,20,PAV056
6,1,21,1,178.650076,143.5641667,21,1,6,1,21,1,5,20,20,4,10,100,10,-6,2,4.023772,225,0.70691328,0.985828558,3.281903022,8.281903022,53,0,0.0420834,1,1,20,20,4,30,PAV056
6,1,22,1,185.467523,145.9998333,22,0,6,1,22,1,5,20,70,14,10,100,10,4,1,1.9086754,235,0.952385596,0.994010916,5.549076907,10.54907691,52,1,0.0339679,1,1,20,70,14,20,PAV056
6,1,23,1,190.414898,148.5013333,23,1,6,1,23,1,5,10,100,10,25,60,15,-5,1,2.3485212,260,0.648725546,1.053285396,-0.392348873,5.007651127,57,1,0.0346381,1,2,25,60,15,10,PAV056
6,1,24,1,195.581809,151.6128,24,1,6,1,24,1,5,10,100,10,30,50,15,-5,1,3.8257048,260,0.652374147,0.504687839,6.980768313,9.580768313,23,0,0.0392659,1,2,30,50,15,0,PAV056
6,1,25,1,201.664448,155.2709333,25,0,6,1,25,1,5,10,100,10,20,80,16,-6,2,2.110745,270,0.659779335,1.114173476,3.529749075,9.129749075,60,1,0.0336739,1,2,20,80,16,30,PAV056
6,1,26,1,206.632023,157.4808667,26,0,6,1,26,1,5,10,100,10,12,50,6,4,2,1.6850853,280,0.786846765,1.008341948,0.801368487,6.001368487,54,1,0.0394452,1,2,12,50,6,0,PAV056
6,1,27,1,211.215482,161.8295,27,1,6,1,27,1,5,12,40,4.8,10,100,10,-5.2,,,280,0.928392073,0.89510227,,,,,,,1,12,40,4.8,10,PAV056
6,1,28,1,217.59854,162.6812667,28,0,6,1,28,1,5,10,100,10,25,40,10,0,2,0.5554873,290,0.681479169,0.88652795,2.749534836,7.349534836,47,1,0.0432592,1,2,25,40,10,10,PAV056
6,1,29,1,220.832256,167.8621333,29,1,6,1,29,1,5,10,100,10,25,20,5,5,1,1.742519,290,0.537877311,0.634944484,5.966067999,9.166067999,32,0,0.0342086,1,2,25,20,5,30,PAV056
6,1,30,1,224.848899,171.5641667,30,1,6,1,30,1,5,20,50,10,10,100,10,0,2,1.8057392,310,0.753284466,1.022594788,1.445563135,6.645563135,54,1,0.0520046,1,1,20,50,10,0,PAV056
6,1,31,1,229.53235,174.4821,31,1,6,1,31,1,5,30,40,12,10,100,10,2,2,2.0800988,310,0.860483459,0.502546998,8.081865615,10.68186561,24,0,0.0406369,1,1,30,40,12,10,PAV056
6,1,32,1,234.065389,177.9958333,32,0,6,1,32,1,5,10,100,10,12,30,3.6,6.4,2,1.5857226,320,0.914633199,0.930521981,4.749074608,9.549074608,49,1,0.0378539,1,2,12,30,3.6,20,PAV056
6,1,33,1,238.599075,182.6985,33,0,6,1,33,1,5,20,50,10,10,100,10,0,1,2.0056379,330,0.66457021,1.052815839,0.099390975,5.499390975,57,1,0.0459436,1,1,20,50,10,0,PAV056
6,1,34,1,243.432101,185.4665,34,1,6,1,34,1,5,20,90,18,10,100,10,8,2,1.6792887,350,0.81519287,0.59673579,6.526456031,9.526456031,28,1,0.0361347,1,1,20,90,18,40,PAV056
6,1,35,1,247.615362,189.4128,35,1,6,1,35,1,5,25,50,12.5,10,100,10,2.5,2,2.1437731,375,0.823166136,0.875998572,2.245881684,6.645881684,46,1,0.0344032,1,1,25,50,12.5,0,PAV056
6,1,36,1,252.549164,192.8008333,36,0,6,1,36,1,5,10,100,10,12,80,9.6,0.4,2,1.6100763,385,0.788921576,0.891280113,4.802762287,9.402762287,46,1,0.0347375,1,2,12,80,9.6,30,PAV056
6,1,37,1,256.93239,195.5801,37,0,6,1,37,1,5,10,100,10,12,60,7.2,2.8,2,1.7079616,395,0.764789285,1.089174008,0.101655435,5.701655435,59,1,0.038937,1,2,12,60,7.2,10,PAV056
6,1,38,1,261.599341,200.9634333,38,0,6,1,38,1,5,15,50,7.5,10,100,10,-2.5,1,2.2582024,405,0.719084359,1.045860432,3.164672613,8.564672613,56,1,0.0403145,1,1,15,50,7.5,0,PAV056
6,1,39,1,266.716064,203.7978667,39,1,6,1,39,1,5,15,60,9,10,100,10,-1,2,2.2982862,405,0.848853663,1.064971268,5.477737543,10.87773754,57,0,0.040379,1,1,15,60,9,10,PAV056
6,1,40,1,272.032252,206.6411,40,1,6,1,40,1,5,10,100,10,15,70,10.5,-0.5,1,2.4777235,420,0.812228133,1.182109904,2.44652478,8.44652478,64,1,0.0391385,1,2,15,70,10.5,20,PAV056
6,1,41,1,277.601493,210.3788667,41,0,6,1,41,1,5,10,100,10,20,50,10,0,2,2.2546826,430,0.868908119,0.843912303,1.978981205,6.378981205,43,1,0.0351698,1,2,20,50,10,0,PAV056
6,1,42,1,282.666254,215.7544667,42,1,6,1,42,1,5,10,100,10,20,60,12,-2,1,2.5677887,450,0.941418659,1.176212371,-1.039749767,4.960250233,64,1,0.034052,1,2,20,60,12,10,PAV056
6,1,43,1,288.466384,217.5988,43,0,6,1,43,1,5,20,50,10,10,100,10,0,1,1.5682444,460,0.610093904,0.86685378,3.184842024,7.584842024,46,1,0.0363962,1,1,20,50,10,0,PAV056
6,1,44,1,292.615915,220.0981667,44,1,6,1,44,1,5,30,70,21,10,100,10,11,2,2.2889031,460,0.682949686,1.156293448,3.648413989,9.448413989,63,0,0.0383932,1,1,30,70,21,20,PAV056
6,1,45,1,297.849631,222.5981333,45,1,6,1,45,1,5,10,100,10,20,40,8,2,1,2.2213357,460,0.760481987,0.906346973,3.601156374,8.201156374,47,0,0.0364053,1,2,20,40,8,10,PAV056
6,1,46,1,302.832476,224.8477333,46,0,6,1,46,1,5,30,80,24,10,100,10,14,1,1.8103693,470,0.637898537,1.007368327,3.777743933,8.977743933,54,1,0.0343758,1,1,30,80,24,30,PAV056
6,1,47,1,307.383262,228.7301,47,1,6,1,47,1,5,25,40,10,10,100,10,0,2,2.0127088,470,0.73177004,0.759507494,4.494427377,8.294427377,38,0,0.034469,1,1,25,40,10,10,PAV056
6,1,48,1,311.999914,231.6364667,48,0,6,1,48,1,5,10,100,10,15,80,12,-2,2,2.638734,480,0.80556662,0.779544874,6.495679669,10.49567967,40,1,0.0374778,1,2,15,80,12,30,PAV056
6,1,49,1,317.300007,234.0659,49,1,6,1,49,1,5,25,60,15,10,100,10,5,2,2.2282607,505,0.8391853,0.9238472,0.834675109,5.634675109,49,1,0.0407694,1,1,25,60,15,10,PAV056
6,1,50,1,322.386366,237.6125667,50,0,6,1,50,1,5,10,100,10,15,90,13.5,-3.5,2,1.4120338,515,0.554354063,1.016936699,1.408722237,6.608722237,54,1,0.0356963,1,2,15,90,13.5,40,PAV056
7,2,1,1,14.027044,2.157066667,1,0,7,2,1,1,5,10,100,10,20,30,6,4,2,1.8675208,10,0.860148195,0.616062126,5.468070371,8.668070371,28,1,0.0551314,1,2,20,30,6,20,PAV056
7,2,2,1,18.49335,15.9009,2,1,7,2,2,1,5,25,60,15,10,100,10,5,2,2.441932,35,0.604549613,1.180191978,-0.575529337,5.424470663,63,1,0.0448674,1,1,25,60,15,10,PAV056
7,2,3,1,23.810238,17.61516667,3,0,7,2,3,1,5,10,100,10,12,60,7.2,2.8,2,1.3513892,45,0.990954078,1.094876777,-0.544855633,5.055144367,59,1,0.0359243,1,2,12,60,7.2,10,PAV056
7,2,4,1,28.343613,22.1715,4,0,7,2,4,1,5,10,100,10,12,90,10.8,-0.8,2,1.6276928,55,0.757854141,1.131965284,-0.611756533,5.188243467,61,1,0.042186,1,2,12,90,10.8,40,PAV056
7,2,5,1,32.944535,25.1672,5,1,7,2,5,1,5,10,100,10,15,90,13.5,-3.5,1,3.6031071,70,0.64162781,0.984267287,1.030760053,6.030760053,51,1,0.036296,1,2,15,90,13.5,40,PAV056
7,2,6,1,39.29414,27.33256667,6,0,7,2,6,1,5,12,30,3.6,10,100,10,-6.4,1,1.5994502,80,0.967558271,0.794217823,1.009991296,5.009991296,41,1,0.0462618,1,1,12,30,3.6,20,PAV056
7,2,7,1,43.743829,31.1518,7,0,7,2,7,1,5,10,100,10,15,20,3,7,2,1.7637411,90,0.985695846,0.991434489,4.852625375,9.852625375,53,1,0.0365892,1,2,15,20,3,30,PAV056
7,2,8,1,48.577462,36.54953333,8,1,7,2,8,1,5,10,100,10,30,60,18,-8,1,2.2274434,120,0.764122415,0.978214625,1.682036845,6.682036845,52,1,0.0370698,1,2,30,60,18,10,PAV056
7,2,9,1,53.643935,38.62486667,9,0,7,2,9,1,5,10,100,10,15,30,4.5,5.5,2,1.2525324,130,0.651086859,1.15780504,0.087439581,5.887439581,63,1,0.0343389,1,2,15,30,4.5,20,PAV056
7,2,10,1,57.794236,41.7392,10,0,7,2,10,1,5,20,80,16,10,100,10,6,1,2.7899503,140,0.811539125,0.882432137,3.548206836,8.148206836,46,1,0.0353583,1,1,20,80,16,30,PAV056
7,2,11,1,63.377634,45.51616667,11,1,7,2,11,1,5,15,60,9,10,100,10,-1,2,1.600538,140,0.871579531,1.121837548,4.591286519,10.39128652,61,0,0.0374279,1,1,15,60,9,10,PAV056
7,2,12,1,68.078635,47.5736,12,1,7,2,12,1,5,10,100,10,20,90,18,-8,1,1.6919472,160,0.796750184,0.750529126,5.564029116,9.364029116,39,1,0.0477525,1,2,20,90,18,40,PAV056
7,2,13,1,72.427573,51.8298,13,1,7,2,13,1,5,10,100,10,25,50,12.5,-2.5,1,2.175225,185,0.880624406,1.05446995,1.983135387,7.383135387,57,1,0.047469,1,2,25,50,12.5,0,PAV056
7,2,14,1,77.644192,54.8975,14,0,7,2,14,1,5,20,40,8,10,100,10,-2,1,1.9653227,195,0.743417665,1.039934355,2.828843434,8.028843434,55,1,0.036481,1,1,20,40,8,10,PAV056
7,2,15,1,82.47828,57.12766667,15,0,7,2,15,1,5,10,100,10,12,40,4.8,5.2,2,1.4921022,205,0.695254835,0.593396119,6.694864592,9.694864592,28,1,0.0348171,1,2,12,40,4.8,10,PAV056
7,2,16,1,86.343992,61.51183333,16,1,7,2,16,1,5,20,50,10,10,100,10,0,2,1.9902365,225,0.59769426,0.81891871,2.132195745,6.332195745,43,1,0.0468135,1,1,20,50,10,0,PAV056
7,2,17,1,90.86077,64.98763333,17,0,7,2,17,1,5,20,50,10,10,100,10,0,1,2.24951,235,0.623986578,1.013584611,-0.013618422,5.186381578,54,1,0.0346231,1,1,20,50,10,0,PAV056
7,2,18,1,95.827842,67.17683333,18,1,7,2,18,1,5,25,60,15,10,100,10,5,2,2.0140666,235,0.939185533,0.910154935,5.46309309,10.06309309,47,0,0.0516568,1,1,25,60,15,10,PAV056
7,2,19,1,100.778263,70.59086667,19,0,7,2,19,1,5,20,50,10,10,100,10,0,1,1.1204724,245,0.642853949,0.969751057,5.022635111,10.02263511,52,1,0.0366775,1,1,20,50,10,0,PAV056
7,2,20,1,104.611554,74.61183333,20,1,7,2,20,1,5,10,100,10,25,80,20,-10,1,2.2286099,270,0.97230132,0.649472578,5.906937982,9.306937982,32,1,0.0348058,1,2,25,80,20,30,PAV056
7,2,21,1,109.546936,76.72753333,21,0,7,2,21,1,5,10,100,10,15,70,10.5,-0.5,2,1.3212909,280,0.520077173,0.711294779,4.993277666,8.593277666,35,1,0.0492971,1,2,15,70,10.5,20,PAV056
7,2,22,1,113.194882,80.69616667,22,0,7,2,22,1,5,10,100,10,30,40,12,-2,2,1.7332912,290,0.588351815,0.771022922,4.03544463,8.03544463,38,1,0.0350071,1,2,30,40,12,10,PAV056
7,2,23,1,117.378251,83.9818,23,1,7,2,23,1,5,25,40,10,10,100,10,0,2,1.801055,315,0.608582297,0.665665363,3.364670367,6.764670367,33,1,0.0417175,1,1,25,40,10,10,PAV056
7,2,24,1,121.527487,85.6418,24,0,7,2,24,1,5,10,100,10,25,20,5,5,2,1.8805635,325,0.743615142,1.139617808,2.127818972,7.927818972,61,1,0.0480908,1,2,25,20,5,30,PAV056
7,2,25,1,126.377983,89.22276667,25,1,7,2,25,1,5,10,100,10,30,50,15,-5,1,1.2139071,355,0.779660338,1.054327193,1.046117159,6.446117159,57,1,0.0345248,1,2,30,50,15,0,PAV056
7,2,26,1,130.54484,93.1108,26,1,7,2,26,1,5,30,80,24,10,100,10,14,2,1.5157619,385,0.926548363,0.526317086,4.392964154,7.192964154,25,1,0.0351271,1,1,30,80,24,30,PAV056
7,2,27,1,134.59468,95.1858,27,0,7,2,27,1,5,25,70,17.5,10,100,10,7.5,1,1.4251969,395,0.671804847,0.785312938,4.964387626,8.964387626,41,1,0.0487929,1,1,25,70,17.5,20,PAV056
7,2,28,1,138.578306,98.8112,28,0,7,2,28,1,5,10,100,10,15,40,6,4,2,1.5332064,405,0.51352809,0.505582299,5.675588829,8.275588829,24,1,0.0346407,1,2,15,40,6,10,PAV056
7,2,29,1,142.261954,101.9085,29,1,7,2,29,1,5,10,100,10,20,50,10,0,1,1.4535155,405,0.618633593,0.937999317,3.352330289,8.152330289,49,0,0.0483496,1,2,20,50,10,0,PAV056
7,2,30,1,146.378068,103.9438,30,1,7,2,30,1,5,30,70,21,10,100,10,11,2,1.687851,405,0.554805076,0.719989625,6.539114156,10.13911416,37,0,0.0343248,1,1,30,70,21,20,PAV056
7,2,31,1,150.445348,107.5277667,31,1,7,2,31,1,5,10,100,10,20,60,12,-2,1,2.8698364,405,0.934703626,0.993145826,4.398067682,9.398067682,53,0,0.0345219,1,2,20,60,12,10,PAV056
7,2,32,1,156.345452,110.8677,32,0,7,2,32,1,5,10,100,10,30,40,12,-2,2,1.3679577,415,0.831671847,0.870289396,4.199576685,8.599576685,45,1,0.0350916,1,2,30,40,12,10,PAV056
7,2,33,1,160.530185,112.6498,33,0,7,2,33,1,5,12,70,8.4,10,100,10,-1.6,1,1.6175982,425,0.873131122,1.184765838,3.514602486,9.514602486,65,1,0.0358797,1,1,12,70,8.4,20,PAV056
7,2,34,1,165.313643,115.7448333,34,1,7,2,34,1,5,10,100,10,25,40,10,0,1,3.068856,450,0.685443236,0.528448409,3.697162556,6.497162556,25,1,0.0351368,1,2,25,40,10,10,PAV056
7,2,35,1,170.695495,119.1788333,35,0,7,2,35,1,5,15,60,9,10,100,10,-1,1,1.5450604,460,0.556150929,0.539562097,5.884176744,8.684176744,26,1,0.035073,1,1,15,60,9,10,PAV056
7,2,36,1,174.428727,120.8935333,36,1,7,2,36,1,5,10,100,10,20,70,14,-4,1,1.5118018,480,0.973381416,1.001148068,1.653220697,6.853220697,54,1,0.0347746,1,2,20,70,14,20,PAV056
7,2,37,1,179.012358,124.6082,37,0,7,2,37,1,5,30,30,9,10,100,10,-1,1,1.5015935,490,0.639591432,0.797393082,1.58709407,5.58709407,40,1,0.034614,1,1,30,30,9,20,PAV056
7,2,38,1,183.030765,127.5995333,38,0,7,2,38,1,5,10,100,10,25,50,12.5,-2.5,2,1.8819199,500,0.722088833,1.065891335,2.96970683,8.36970683,57,1,0.0348766,1,2,25,50,12.5,0,PAV056
7,2,39,1,187.778856,129.7395333,39,1,7,2,39,1,5,30,50,15,10,100,10,5,2,1.6179953,530,0.730507536,1.196643986,0.961924332,6.961924332,65,1,0.0407295,1,1,30,50,15,0,PAV056
7,2,40,1,192.412525,132.6286667,40,0,7,2,40,1,5,10,100,10,25,50,12.5,-2.5,2,1.6392722,540,0.764330674,0.922929285,1.863317768,6.663317768,49,1,0.0360294,1,2,25,50,12.5,0,PAV056
7,2,41,1,196.829262,136.0238,41,0,7,2,41,1,5,12,20,2.4,10,100,10,-7.6,1,1.9765028,550,0.666394668,0.706489627,5.28008492,8.88008492,35,1,0.0413989,1,1,12,20,2.4,30,PAV056
7,2,42,1,201.279011,137.8920667,42,0,7,2,42,1,5,10,100,10,12,50,6,4,2,2.4923352,560,0.586807377,0.937702946,5.2537508,10.0537508,50,1,0.0389834,1,2,12,50,6,0,PAV056
7,2,43,1,206.395732,140.6778333,43,0,7,2,43,1,5,12,80,9.6,10,100,10,-0.4,1,1.0742769,570,0.624977613,0.680327267,2.427690586,6.027690586,34,1,0.0350265,1,1,12,80,9.6,30,PAV056
7,2,44,1,209.862746,143.7246,44,1,7,2,44,1,5,25,90,22.5,10,100,10,12.5,2,1.5664112,595,0.767656423,0.67215596,5.773651943,9.173651943,34,1,0.0342525,1,1,25,90,22.5,40,PAV056
7,2,45,1,213.96279,145.7278333,45,0,7,2,45,1,5,20,20,4,10,100,10,-6,1,0.8813698,605,0.906218642,1.182851075,-0.390253287,5.609746713,64,1,0.0397283,1,1,20,20,4,30,PAV056
7,2,46,1,218.015918,148.8440333,46,1,7,2,46,1,5,15,50,7.5,10,100,10,-2.5,2,1.9381962,605,0.55306738,1.131591607,2.565696605,8.365696605,61,0,0.0347877,1,1,15,50,7.5,0,PAV056
7,2,47,1,222.731553,153.3165,47,0,7,2,47,1,5,15,80,12,10,100,10,2,1,1.6015067,615,0.678114158,0.776466719,1.318647132,5.318647132,39,1,0.0464171,1,1,15,80,12,30,PAV056
7,2,48,1,226.879335,155.3668,48,1,7,2,48,1,5,10,100,10,30,90,27,-17,1,1.527313,645,0.620346843,1.164516754,4.006400211,10.00640021,63,1,0.0358205,1,2,30,90,27,40,PAV056
7,2,49,1,231.279622,158.6445333,49,0,7,2,49,1,5,30,20,6,10,100,10,-4,1,1.1736338,655,0.530799612,0.635992911,6.262039346,9.462039346,31,1,0.044379,1,1,30,20,6,30,PAV056
7,2,50,1,234.729369,162.1501667,50,1,7,2,50,1,5,25,30,7.5,10,100,10,-2.5,2,1.4024711,655,0.830366456,0.724133212,5.578144517,9.378144517,37,0,0.0468758,1,1,25,30,7.5,20,PAV056
23,3,1,1,14.521532,2.6394,1,1,23,3,1,1,5,10,100,10,20,50,10,0,1,2.0117639,20,0.793443944,1.197733383,-0.683674854,5.316325146,65,1,0.0354045,1,2,20,50,10,0,PAV056
23,3,2,1,19.621764,16.5383,2,1,23,3,2,1,5,25,90,22.5,10,100,10,12.5,2,1.7130523,45,0.824958597,1.118136524,2.862689581,8.462689581,61,1,0.0348715,1,1,25,90,22.5,40,PAV056
23,3,3,1,24.371335,18.79086667,3,0,23,3,3,1,5,10,100,10,12,40,4.8,5.2,2,1.1623174,55,0.501312394,0.646303463,3.006914732,6.406914732,32,1,0.035992,1,2,12,40,4.8,10,PAV056
23,3,4,1,27.78853,22.5083,4,0,23,3,4,1,5,10,100,10,20,50,10,0,2,1.4094531,65,0.613610947,0.892637487,5.295148587,9.895148587,47,1,0.0347363,1,2,20,50,10,0,PAV056
23,3,5,1,31.821924,25.53613333,5,1,23,3,5,1,5,25,60,15,10,100,10,5,2,1.7006153,65,0.596382175,0.714017029,6.13418677,9.73418677,36,0,0.0349998,1,1,25,60,15,10,PAV056
23,3,6,1,35.93856,27.2441,6,1,23,3,6,1,5,15,40,6,10,100,10,-4,2,2.0290023,65,0.655494621,0.819824722,3.531364821,7.731364821,43,0,0.0348246,1,1,15,40,6,10,PAV056
23,3,7,1,40.538646,30.14053333,7,0,23,3,7,1,5,10,100,10,15,50,7.5,2.5,2,1.5787018,75,0.674452985,1.11469056,0.406791947,6.006791947,60,1,0.03428,1,2,15,50,7.5,0,PAV056
23,3,8,1,44.988771,33.52816667,8,0,23,3,8,1,5,12,60,7.2,10,100,10,-2.8,1,1.7212892,85,0.686966203,0.813709612,2.581594724,6.781594724,42,1,0.0342991,1,1,12,60,7.2,10,PAV056
23,3,9,1,49.30548,35.30926667,9,1,23,3,9,1,5,20,50,10,10,100,10,0,2,1.9405062,85,0.604864417,0.692271505,6.884038892,10.48403889,35,0,0.0349037,1,1,20,50,10,0,PAV056
23,3,10,1,53.638872,38.8406,10,0,23,3,10,1,5,30,40,12,10,100,10,2,1,4.3736294,95,0.928965095,1.176075833,1.01182649,7.01182649,64,1,0.034401,1,1,30,40,12,10,PAV056
23,3,11,1,61.205611,42.1214,11,0,23,3,11,1,5,10,100,10,20,60,12,-2,2,2.773034,105,0.686692978,0.856420072,4.913587605,9.313587605,45,1,0.034786,1,2,20,60,12,10,PAV056
23,3,12,1,66.622344,44.2911,12,0,23,3,12,1,5,10,100,10,20,20,4,6,2,1.5663993,115,0.814000123,0.53191018,7.758502555,10.55850255,25,1,0.0346521,1,2,20,20,4,30,PAV056
23,3,13,1,70.6224,47.57333333,13,1,23,3,13,1,5,25,40,10,10,100,10,0,2,1.3771598,115,0.741076401,0.877367724,5.709201819,10.10920182,46,0,0.0342325,1,1,25,40,10,10,PAV056
23,3,14,1,74.705792,51.24713333,14,1,23,3,14,1,5,10,100,10,20,80,16,-6,1,1.4901633,135,0.551818447,0.716404744,3.60815612,7.20815612,36,1,0.031295,1,2,20,80,16,30,PAV056
23,3,15,1,78.5725,53.00836667,15,0,23,3,15,1,5,12,50,6,10,100,10,-4,1,1.3766781,145,0.899774492,0.585854464,2.602523981,5.602523981,29,1,0.0347731,1,1,12,50,6,0,PAV056
23,3,16,1,82.538718,59.24033333,16,1,23,3,16,1,5,15,60,9,10,100,10,-1,2,1.8920757,160,0.680038648,1.19651625,0.446840649,6.446840649,65,1,0.0345577,1,1,15,60,9,10,PAV056
23,3,17,1,87.40584,63.97946667,17,1,23,3,17,1,5,25,50,12.5,10,100,10,2.5,2,1.5989984,160,0.590492424,0.756981698,5.205652559,9.005652559,39,0,0.0344514,1,1,25,50,12.5,0,PAV056
23,3,18,1,91.439226,65.90746667,18,0,23,3,18,1,5,10,100,10,12,70,8.4,1.6,2,1.3420485,170,0.780496045,0.687019928,6.05145021,9.65145021,35,1,0.0365487,1,2,12,70,8.4,20,PAV056
23,3,19,1,95.356033,68.75746667,19,1,23,3,19,1,5,10,100,10,20,50,10,0,1,1.4293638,170,0.963117008,0.889306918,4.258752348,8.858752348,47,0,0.0342273,1,2,20,50,10,0,PAV056
23,3,20,1,99.739354,72.00046667,20,0,23,3,20,1,5,12,30,3.6,10,100,10,-6.4,1,0.8999573,180,0.594960504,0.536986981,5.042388431,7.842388431,26,1,0.0339761,1,1,12,30,3.6,20,PAV056
23,3,21,1,102.856138,73.93956667,21,0,23,3,21,1,5,10,100,10,25,40,10,0,2,2.3811439,190,0.832017729,0.7587127,6.358885338,10.15888534,39,1,0.034088,1,2,25,40,10,10,PAV056
23,3,22,1,107.922668,76.95633333,22,1,23,3,22,1,5,12,90,10.8,10,100,10,0.8,2,1.631677,202,0.63656515,0.70558979,2.082995002,5.682995002,36,1,0.0320976,1,1,12,90,10.8,40,PAV056
23,3,23,1,111.989569,79.9534,23,1,23,3,23,1,5,30,20,6,10,100,10,-4,2,2.5804823,202,0.93589586,0.673701455,7.017074836,10.41707484,34,0,0.0344881,1,1,30,20,6,30,PAV056
23,3,24,1,117.272981,81.60673333,24,0,23,3,24,1,5,25,20,5,10,100,10,-5,1,2.3717306,212,0.550843745,0.787570749,4.116271933,8.116271933,41,1,0.0344854,1,1,25,20,5,30,PAV056
23,3,25,1,122.073053,85.6738,25,0,23,3,25,1,5,10,100,10,25,50,12.5,-2.5,2,0.6723425,222,0.786164138,1.127414948,0.902662217,6.702662217,61,1,0.0343304,1,2,25,50,12.5,0,PAV056
23,3,26,1,125.756355,89.00926667,26,0,23,3,26,1,5,15,70,10.5,10,100,10,0.5,1,1.2176425,232,0.82406577,0.828694252,3.203677005,7.403677005,43,1,0.0341149,1,1,15,70,10.5,20,PAV056
23,3,27,1,129.706466,90.82263333,27,1,23,3,27,1,5,25,70,17.5,10,100,10,7.5,2,0.8294618,232,0.603983005,1.189140272,4.358068718,10.35806872,65,0,0.0326508,1,1,25,70,17.5,20,PAV056
23,3,28,1,133.423166,93.52503333,28,1,23,3,28,1,5,10,100,10,15,60,9,1,1,3.1976733,247,0.933578343,0.549613457,2.638438656,5.438438656,26,1,0.0348371,1,2,15,60,9,10,PAV056
23,3,29,1,139.189809,96.7861,29,1,23,3,29,1,5,10,100,10,15,80,12,-2,1,1.260856,262,0.626519119,0.876099349,3.153569957,7.553569957,46,1,0.034327,1,2,15,80,12,30,PAV056
23,3,30,1,143.039959,98.7404,30,1,23,3,30,1,5,10,100,10,15,90,13.5,-3.5,1,0.9903342,277,0.936093179,1.103576786,2.546376967,8.146376967,60,1,0.0353559,1,2,15,90,13.5,40,PAV056
23,3,31,1,147.190004,101.2228667,31,1,23,3,31,1,5,10,100,10,20,30,6,4,1,2.0114234,297,0.971397957,0.748954582,1.52636492,5.32636492,38,1,0.0341312,1,2,20,30,6,20,PAV056
23,3,32,1,152.00674,105.2385,32,0,23,3,32,1,5,10,100,10,20,70,14,-4,2,1.629072,307,0.526191717,0.660717551,4.186276127,7.586276127,33,1,0.0381233,1,2,20,70,14,20,PAV056
23,3,33,1,155.906779,107.057,33,1,23,3,33,1,5,10,100,10,30,50,15,-5,1,1.8467395,307,0.836144159,0.628311048,7.573502162,10.77350216,31,0,0.0341872,1,2,30,50,15,0,PAV056
23,3,34,1,160.306624,110.3074,34,0,23,3,34,1,5,30,60,18,10,100,10,8,1,0.8003715,317,0.64085485,0.826056168,3.580028614,7.780028614,43,1,0.0347148,1,1,30,60,18,10,PAV056
23,3,35,1,163.656835,114.5711333,35,1,23,3,35,1,5,10,100,10,25,60,15,-5,1,1.0936492,342,0.503241826,1.012222619,0.658208485,5.858208485,54,1,0.0344842,1,2,25,60,15,10,PAV056
23,3,36,1,167.356924,116.3084,36,1,23,3,36,1,5,20,40,8,10,100,10,-2,2,1.2061198,362,0.630561405,0.907956544,0.71445512,5.31445512,48,1,0.0368215,1,1,20,40,8,10,PAV056
23,3,37,1,171.206962,120.4733333,37,0,23,3,37,1,5,12,20,2.4,10,100,10,-7.6,1,0.9146649,372,0.908601985,1.079984585,2.222940881,7.622940881,58,1,0.0358299,1,1,12,20,2.4,30,PAV056
23,3,38,1,175.190365,122.7463667,38,0,23,3,38,1,5,12,80,9.6,10,100,10,-0.4,1,1.1724157,382,0.845122552,1.149433982,1.860969106,7.660969106,62,1,0.0342175,1,1,12,80,9.6,30,PAV056
23,3,39,1,179.423605,124.9411,39,1,23,3,39,1,5,10,100,10,25,80,20,-10,1,1.9871612,407,0.889672062,0.553373963,4.732736838,7.532736838,27,1,0.0347338,1,2,25,80,20,30,PAV056
23,3,40,1,183.94045,127.8403,40,0,23,3,40,1,5,10,100,10,30,90,27,-17,2,1.2389342,417,0.652501224,1.016901231,2.045501447,7.245501447,54,1,0.0341678,1,2,30,90,27,40,PAV056
23,3,41,1,187.923727,130.5364667,41,1,23,3,41,1,5,10,100,10,25,30,7.5,2.5,1,1.2733504,417,0.70154774,0.908243734,3.82352533,8.42352533,48,0,0.0340283,1,2,25,30,7.5,20,PAV056
23,3,42,1,191.907123,132.7924,42,1,23,3,42,1,5,10,100,10,20,90,18,-8,1,1.1852726,437,0.541456199,0.510821312,3.574087136,6.174087136,24,1,0.0345861,1,2,20,90,18,40,PAV056
23,3,43,1,195.223938,137.2075333,43,1,23,3,43,1,5,30,50,15,10,100,10,5,2,1.5588619,467,0.99860257,0.661169934,4.192501773,7.592501773,33,1,0.0347635,1,1,30,50,15,0,PAV056
23,3,44,1,199.540614,140.4541333,44,0,23,3,44,1,5,15,30,4.5,10,100,10,-5.5,1,1.2466454,477,0.885898693,0.893186442,2.104091556,6.704091556,47,1,0.0358047,1,1,15,30,4.5,20,PAV056
23,3,45,1,203.657373,142.3895,45,1,23,3,45,1,5,10,100,10,30,40,12,-2,1,2.4642575,507,0.673213164,1.186754764,0.336903808,6.336903808,65,1,0.0352826,1,2,30,40,12,10,PAV056
23,3,46,1,209.074095,145.1918333,46,1,23,3,46,1,5,30,70,21,10,100,10,11,2,1.4908023,537,0.800771537,0.932873565,3.85854706,8.65854706,49,1,0.0350672,1,1,30,70,21,20,PAV056
23,3,47,1,213.390646,149.2028,47,1,23,3,47,1,5,30,30,9,10,100,10,-1,2,2.0910797,537,0.772107929,0.995327311,3.089388773,8.089388773,53,0,0.0343604,1,1,30,30,9,20,PAV056
23,3,48,1,218.340874,151.0071,48,0,23,3,48,1,5,15,20,3,10,100,10,-7,1,0.6077372,547,0.724019977,1.054703129,2.441559879,7.841559879,57,1,0.0356067,1,1,15,20,3,30,PAV056
23,3,49,1,221.824117,154.3442667,49,1,23,3,49,1,5,10,100,10,25,50,12.5,-2.5,1,1.2868868,572,0.970776219,1.124762,-0.481719193,5.318280807,61,1,0.0353227,1,2,25,50,12.5,0,PAV056
23,3,50,1,226.290973,157.7544667,50,1,23,3,50,1,5,10,100,10,30,80,24,-14,1,1.013984,602,0.616669563,0.808618578,4.589536398,8.789536398,42,1,0.0349938,1,2,30,80,24,30,PAV056
26,4,1,1,14.442017,2.6086,1,0,26,4,1,1,5,10,100,10,12,90,10.8,-0.8,2,2.1546404,10,0.940617725,0.834611714,3.022377253,7.222377253,43,1,0.0549181,1,2,12,90,10.8,40,PAV056
26,4,2,1,19.492085,16.6031,2,1,26,4,2,1,5,10,100,10,25,30,7.5,2.5,1,1.6289075,35,0.61045931,0.657364581,2.192259417,5.592259417,33,1,0.0361137,1,2,25,30,7.5,20,PAV056
26,4,3,1,23.475338,18.5284,3,1,26,4,3,1,5,25,50,12.5,10,100,10,2.5,2,2.0740349,60,0.890026714,0.871207622,2.635522379,7.035522379,46,1,0.0380231,1,1,25,50,12.5,0,PAV056
26,4,4,1,28.408865,21.82843333,4,0,26,4,4,1,5,12,60,7.2,10,100,10,-2.8,1,1.0603473,70,0.693854379,0.553727007,5.984281186,8.784281186,27,1,0.0349747,1,1,12,60,7.2,10,PAV056
26,4,5,1,31.808412,25.55406667,5,0,26,4,5,1,5,10,100,10,12,40,4.8,5.2,2,1.3062963,80,0.879560969,0.725299068,2.423420009,6.223420009,37,1,0.0356285,1,2,12,40,4.8,10,PAV056
26,4,6,1,35.808835,27.49326667,6,1,26,4,6,1,5,20,40,8,10,100,10,-2,2,1.0940366,100,0.819827278,0.937367742,0.539292653,5.339292653,50,1,0.0345806,1,1,20,40,8,10,PAV056
26,4,7,1,39.758867,30.07666667,7,1,26,4,7,1,5,20,80,16,10,100,10,6,2,2.3579771,100,0.916252653,0.806534469,6.273709933,10.47370993,42,0,0.0341464,1,1,20,80,16,30,PAV056
26,4,8,1,44.942399,33.11666667,8,1,26,4,8,1,5,25,50,12.5,10,100,10,2.5,2,1.2359573,100,0.948879132,0.590617026,6.197650658,9.197650658,29,0,0.0361542,1,1,25,50,12.5,0,PAV056
26,4,9,1,48.809125,34.89293333,9,1,26,4,9,1,5,30,90,27,10,100,10,17,2,1.3960711,130,0.705983129,0.812098951,3.476651677,7.676651677,42,1,0.0343854,1,1,30,90,27,40,PAV056
26,4,10,1,52.809184,37.89283333,10,0,26,4,10,1,5,10,100,10,12,50,6,4,2,1.3180052,140,0.533236946,1.177052304,2.319512743,8.319512743,64,1,0.035944,1,2,12,50,6,0,PAV056
26,4,11,1,56.942544,42.11833333,11,0,26,4,11,1,5,10,100,10,30,40,12,-2,2,1.6235949,150,0.980873355,0.692973911,2.361371104,5.961371104,35,1,0.0350981,1,2,30,40,12,10,PAV056
26,4,12,1,61.342488,43.99273333,12,1,26,4,12,1,5,10,100,10,20,50,10,0,1,0.8488222,170,0.753824152,0.518079648,4.639540496,7.239540496,25,1,0.0342209,1,2,20,50,10,0,PAV056
26,4,13,1,64.559267,46.81273333,13,1,26,4,13,1,5,30,80,24,10,100,10,14,2,0.9352438,200,0.573122825,1.011959728,0.45832285,5.65832285,54,1,0.0347512,1,1,30,80,24,30,PAV056
26,4,14,1,68.159364,50.20573333,14,0,26,4,14,1,5,15,60,9,10,100,10,-1,1,1.3341085,210,0.638798649,0.758526664,4.989665712,8.789665712,39,1,0.0339692,1,1,15,60,9,10,PAV056
26,4,15,1,71.976079,52.0844,15,0,26,4,15,1,5,10,100,10,25,40,10,0,2,1.504813,220,0.754481753,0.79740655,6.414403575,10.41440358,41,1,0.0353105,1,2,25,40,10,10,PAV056
26,4,16,1,76.109443,55.36243333,16,1,26,4,16,1,5,10,100,10,30,40,12,-2,1,2.4996223,250,0.973175119,0.509092083,3.442666777,6.042666777,24,1,0.0353082,1,2,30,40,12,10,PAV056
26,4,17,1,81.176186,58.56606667,17,0,26,4,17,1,5,12,70,8.4,10,100,10,-1.6,1,1.1857797,260,0.944221482,1.191341636,4.582277824,10.58227782,65,1,0.034475,1,1,12,70,8.4,20,PAV056
26,4,18,1,85.576252,60.3267,18,1,26,4,18,1,5,20,60,12,10,100,10,2,2,1.2043998,280,0.784827389,0.705511743,4.508299293,8.108299293,36,1,0.0345289,1,1,20,60,12,10,PAV056
26,4,19,1,89.359151,62.7597,19,0,26,4,19,1,5,30,30,9,10,100,10,-1,1,1.6404125,290,0.922557743,0.767998224,6.517379415,10.51737942,40,1,0.0353917,1,1,30,30,9,20,PAV056
26,4,20,1,93.792909,65.49616667,20,1,26,4,20,1,5,15,90,13.5,10,100,10,3.5,2,1.376271,305,0.751455932,0.77222036,5.313760756,9.313760756,40,1,0.0345631,1,1,15,90,13.5,40,PAV056
26,4,21,1,97.793063,67.5624,21,1,26,4,21,1,5,30,50,15,10,100,10,5,2,1.080413,335,0.990984859,1.006841824,0.200012133,5.400012133,54,1,0.042136,1,1,30,50,15,0,PAV056
26,4,22,1,101.959779,70.29236667,22,0,26,4,22,1,5,10,100,10,20,50,10,0,2,1.0539173,345,0.897048217,0.58420003,6.261987404,9.261987404,29,1,0.0354018,1,2,20,50,10,0,PAV056
26,4,23,1,105.593169,73.48306667,23,1,26,4,23,1,5,10,100,10,25,60,15,-5,1,1.7099296,370,0.539145242,1.0956799,1.210539526,6.810539526,58,1,0.034838,1,2,25,60,15,10,PAV056
26,4,24,1,110.026551,75.3282,24,0,26,4,24,1,5,10,100,10,20,70,14,-4,2,1.0263828,380,0.54739414,0.706063176,4.046548871,7.646548871,36,1,0.0345733,1,2,20,70,14,20,PAV056
26,4,25,1,113.409924,79.16073333,25,0,26,4,25,1,5,10,100,10,25,20,5,5,2,1.0700041,390,0.571894523,0.7998545,3.272760869,7.272760869,41,1,0.0352462,1,2,25,20,5,30,PAV056
26,4,26,1,116.926644,82.36406667,26,0,26,4,26,1,5,10,100,10,20,30,6,4,2,1.9387314,400,0.63888134,1.105663388,3.259819253,8.859819253,60,1,0.0346556,1,2,20,30,6,20,PAV056
26,4,27,1,121.692923,84.6103,27,0,26,4,27,1,5,10,100,10,30,20,6,4,2,1.9608354,410,0.725069091,0.693409537,1.502556077,5.102556077,35,1,0.0355317,1,2,30,20,6,30,PAV056
26,4,28,1,126.160096,87.5276,28,0,26,4,28,1,5,10,100,10,15,40,6,4,2,1.7187422,420,0.914193698,0.516797841,4.432002234,7.032002234,24,1,0.0342895,1,2,15,40,6,10,PAV056
26,4,29,1,130.410129,91.0005,29,1,26,4,29,1,5,20,50,10,10,100,10,0,2,1.5089154,420,0.917967761,0.962535423,5.856210748,10.85621075,51,0,0.0337356,1,1,20,50,10,0,PAV056
26,4,30,1,134.893523,92.84256667,30,0,26,4,30,1,5,15,20,3,10,100,10,-7,1,1.1797219,430,0.521442397,0.839603522,5.185043695,9.385043695,44,1,0.0374099,1,1,15,20,3,30,PAV056
26,4,31,1,138.526753,95.99286667,31,1,26,4,31,1,5,30,60,18,10,100,10,8,2,1.3465303,430,0.809409109,1.114617419,3.334328631,8.934328631,60,0,0.0344558,1,1,30,60,18,10,PAV056
26,4,32,1,142.876858,98.87406667,32,1,26,4,32,1,5,20,50,10,10,100,10,0,2,1.3630233,450,0.507209002,0.505064289,4.829174517,7.429174517,24,1,0.0367742,1,1,20,50,10,0,PAV056
26,4,33,1,146.343541,100.9423667,33,0,26,4,33,1,5,10,100,10,15,60,9,1,2,1.3185398,460,0.781695795,1.149799094,1.533480779,7.333480779,62,1,0.0359624,1,2,15,60,9,10,PAV056
26,4,34,1,150.693608,103.6446333,34,1,26,4,34,1,5,30,50,15,10,100,10,5,2,1.0905681,460,0.75704787,1.193899731,4.554083338,10.55408334,65,0,0.0344746,1,1,30,50,15,0,PAV056
26,4,35,1,154.827104,107.3036667,35,1,26,4,35,1,5,10,100,10,15,70,10.5,-0.5,1,1.0142498,475,0.519877136,1.182698728,0.451879973,6.451879973,64,1,0.0352587,1,2,15,70,10.5,20,PAV056
26,4,36,1,158.627148,109.4604,36,0,26,4,36,1,5,10,100,10,12,30,3.6,6.4,2,1.0132313,485,0.641853848,0.606765866,6.740729684,9.940729684,30,1,0.0345927,1,2,12,30,3.6,20,PAV056
26,4,37,1,161.977191,111.8092667,37,1,26,4,37,1,5,25,50,12.5,10,100,10,2.5,2,1.4810789,510,0.694965086,0.917638891,1.040388429,5.640388429,49,1,0.0347087,1,1,25,50,12.5,0,PAV056
26,4,38,1,166.160586,114.4806667,38,0,26,4,38,1,5,25,70,17.5,10,100,10,7.5,1,1.8108902,520,0.725966959,0.776337774,1.866287976,5.866287976,40,1,0.0375473,1,1,25,70,17.5,20,PAV056
26,4,39,1,170.560626,116.3259,39,1,26,4,39,1,5,10,100,10,25,80,20,-10,1,1.2862209,545,0.811419507,1.083812729,-0.206042761,5.393957239,58,1,0.0346519,1,2,25,80,20,30,PAV056
26,4,40,1,174.810694,120.0096667,40,1,26,4,40,1,5,15,80,12,10,100,10,2,2,1.8155975,560,0.831048489,0.874546003,1.348650823,5.748650823,46,1,0.0357996,1,1,15,80,12,30,PAV056
26,4,41,1,179.427425,123.6541,41,1,26,4,41,1,5,10,100,10,12,80,9.6,0.4,1,0.9258652,560,0.917172831,1.165365537,4.436233736,10.43623374,63,0,0.0390037,1,2,12,80,9.6,30,PAV056
26,4,42,1,183.52746,125.4104333,42,0,26,4,42,1,5,10,100,10,20,20,4,6,2,1.3664825,570,0.958096694,0.643288822,6.791905497,10.1919055,32,1,0.0363637,1,2,20,20,4,30,PAV056
26,4,43,1,187.577521,128.4268,43,1,26,4,43,1,5,10,100,10,25,60,15,-5,1,1.0738733,570,0.541507117,1.090479295,4.196401934,9.796401934,59,0,0.0338971,1,2,25,60,15,10,PAV056
26,4,44,1,191.377559,131.9189,44,1,26,4,44,1,5,10,100,10,30,70,21,-11,1,1.2833741,600,0.50523743,0.877295705,2.21020961,6.61020961,46,1,0.0345562,1,2,30,70,21,20,PAV056
26,4,45,1,195.127536,133.9486667,45,0,26,4,45,1,5,10,100,10,15,30,4.5,5.5,2,1.0706378,610,0.620575485,0.620934212,6.911033328,10.11103333,31,1,0.0366491,1,2,15,30,4.5,20,PAV056
26,4,46,1,198.544267,136.9626667,46,0,26,4,46,1,5,12,20,2.4,10,100,10,-7.6,1,0.9972524,620,0.662649776,0.702037546,3.20506078,6.80506078,36,1,0.0386671,1,1,12,20,2.4,30,PAV056
26,4,47,1,202.011021,139.8744667,47,1,26,4,47,1,5,25,40,10,10,100,10,0,2,1.05616,645,0.973270436,0.853949902,1.664481664,6.064481664,45,1,0.0385908,1,1,25,40,10,10,PAV056
26,4,48,1,205.994416,142.0448333,48,1,26,4,48,1,5,25,90,22.5,10,100,10,12.5,2,0.9368455,670,0.679155222,1.051556729,3.479686226,8.879686226,56,1,0.0361832,1,1,25,90,22.5,40,PAV056
26,4,49,1,209.761128,144.7956667,49,0,26,4,49,1,5,10,100,10,15,50,7.5,2.5,2,1.1122476,680,0.74326493,0.683282884,1.757567704,5.357567704,34,1,0.0341333,1,2,15,50,7.5,0,PAV056
26,4,50,1,213.377306,147.6647,50,1,26,4,50,1,5,20,90,18,10,100,10,8,2,1.0161468,700,0.832064471,0.917895994,0.657108507,5.257108507,49,1,0.0338421,1,1,20,90,18,40,PAV056
3,1,1,1,82.385149,2.6464,1,0,3,1,1,1,5,12,30,3.6,10,100,10,-6.4,1,3.578252,10,0.93054106,0.675974015,6.166775824,9.566775824,33,1,0.0478618,1,1,12,30,3.6,20,PAV058
3,1,2,1,88.685461,85.9627,2,1,3,1,2,1,5,30,40,12,10,100,10,2,,,10,0.892210051,1.198194286,,,,,,,1,30,40,12,10,PAV058
3,1,3,1,95.019116,86.69543333,3,0,3,1,3,1,5,15,30,4.5,10,100,10,-5.5,1,1.5511898,20,0.651968279,0.730814615,3.094793332,6.894793332,37,1,0.0343488,1,1,15,30,4.5,20,PAV058
3,1,4,1,99.035979,93.20213333,4,0,3,1,4,1,5,12,40,4.8,10,100,10,-5.2,1,1.9788245,30,0.860746167,0.969672087,2.535847245,7.535847245,52,1,0.0477473,1,1,12,40,4.8,10,PAV058
3,1,5,1,103.969575,95.01673333,5,0,3,1,5,1,5,10,100,10,15,60,9,1,2,2.3746806,40,0.840267432,0.619501891,2.850230274,6.050230274,31,1,0.0345424,1,2,15,60,9,10,PAV058
3,1,6,1,108.902725,98.33143333,6,1,3,1,6,1,5,10,100,10,30,90,27,-17,1,1.3456326,40,0.678091488,1.040562103,5.457954694,10.85795469,55,0,0.0462308,1,2,30,90,27,40,PAV058
3,1,7,1,113.070019,101.0374,7,1,3,1,7,1,5,10,100,10,12,90,10.8,-0.8,1,1.379433,52,0.809848136,0.716997394,1.838889238,5.438889238,35,1,0.0504795,1,2,12,90,10.8,40,PAV058
3,1,8,1,117.053465,103.9697333,8,1,3,1,8,1,5,10,100,10,30,60,18,-8,1,1.4691013,82,0.654863035,0.876343099,0.715022647,5.115022647,46,1,0.0358765,1,2,30,60,18,10,PAV058
3,1,9,1,121.153743,108.0151,9,1,3,1,9,1,5,10,100,10,15,80,12,-2,1,1.3763642,97,0.503187716,0.780822916,4.826177295,8.826177295,40,1,0.0451737,1,2,15,80,12,30,PAV058
3,1,10,1,124.903958,110.2897333,10,0,3,1,10,1,5,12,20,2.4,10,100,10,-7.6,1,1.6573071,107,0.713146285,0.747683567,2.926242381,6.726242381,38,1,0.0344102,1,1,12,20,2.4,30,PAV058
3,1,11,1,129.120845,113.0674333,11,0,3,1,11,1,5,10,100,10,30,40,12,-2,2,1.066036,117,0.523143319,0.634425455,3.073630884,6.273630884,32,1,0.03537,1,2,30,40,12,10,PAV058
3,1,12,1,132.437675,116.1971,12,1,3,1,12,1,5,10,100,10,20,60,12,-2,1,2.2125738,137,0.845920279,0.579636689,4.424781284,7.424781284,28,1,0.0356015,1,2,20,60,12,10,PAV058
3,1,13,1,137.171213,118.5514333,13,1,3,1,13,1,5,10,100,10,30,70,21,-11,1,1.9752644,167,0.767867862,0.641494352,3.84271074,7.24271074,31,1,0.0405145,1,2,30,70,21,20,PAV058
3,1,14,1,141.654654,121.1504667,14,0,3,1,14,1,5,20,50,10,10,100,10,0,1,1.7719239,177,0.79342779,0.702475476,2.160982637,5.760982637,35,1,0.0361131,1,1,20,50,10,0,PAV058
3,1,15,1,146.021696,124.3478,15,1,3,1,15,1,5,10,100,10,20,50,10,0,1,2.5868123,197,0.803623754,0.537003618,2.305046141,5.105046141,26,1,0.0405312,1,2,20,50,10,0,PAV058
3,1,16,1,151.038605,126.5817333,16,0,3,1,16,1,5,10,100,10,30,50,15,-5,2,1.1761276,207,0.598962369,1.039728545,4.510358698,9.710358698,55,1,0.0516881,1,2,30,50,15,0,PAV058
3,1,17,1,154.955487,129.1214667,17,0,3,1,17,1,5,10,100,10,25,40,10,0,2,1.187205,217,0.535775448,0.8059187,4.245974934,8.445974934,42,1,0.0444722,1,2,25,40,10,10,PAV058
3,1,18,1,158.588871,131.8638,18,1,3,1,18,1,5,10,100,10,30,50,15,-5,1,1.4270887,247,0.580208288,0.974295647,2.561767735,7.561767735,52,1,0.0344706,1,2,30,50,15,0,PAV058
3,1,19,1,162.672317,134.6687333,19,1,3,1,19,1,5,12,70,8.4,10,100,10,-1.6,2,2.0739294,247,0.501938179,0.971127735,5.291436292,10.29143629,51,0,0.0480915,1,1,12,70,8.4,20,PAV058
3,1,20,1,167.322679,137.1661,20,0,3,1,20,1,5,20,80,16,10,100,10,6,1,2.5503973,257,0.723755024,1.121363841,0.351245688,6.151245688,61,1,0.0416708,1,1,20,80,16,30,PAV058
3,1,21,1,172.806384,140.8308333,21,0,3,1,21,1,5,25,50,12.5,10,100,10,2.5,1,1.9256834,267,0.725088147,0.66617155,5.877975535,9.277975535,32,1,0.0339885,1,1,25,50,12.5,0,PAV058
3,1,22,1,177.206596,143.4587333,22,1,3,1,22,1,5,10,100,10,20,90,18,-8,1,1.8013935,287,0.780491597,1.048174575,2.59186223,7.99186223,56,1,0.0338164,1,2,20,90,18,40,PAV058
3,1,23,1,181.94018,146.0159667,23,1,3,1,23,1,5,25,60,15,10,100,10,5,2,1.2797866,287,0.530696557,0.656732857,5.878611237,9.278611237,32,0,0.0346322,1,1,25,60,15,10,PAV058
3,1,24,1,185.507039,150.1813667,24,0,3,1,24,1,5,25,30,7.5,10,100,10,-2.5,1,1.1691265,297,0.657349523,0.6248294,4.947649807,8.147649807,30,1,0.0377021,1,1,25,30,7.5,20,PAV058
3,1,25,1,189.040539,152.2408,25,0,3,1,25,1,5,10,100,10,25,40,10,0,2,1.8975894,307,0.634124616,1.181159727,3.36321074,9.36321074,63,1,0.0360652,1,2,25,40,10,10,PAV058
3,1,26,1,193.85745,154.9555667,26,0,3,1,26,1,5,30,30,9,10,100,10,-1,1,1.5075978,317,0.667360337,0.815094841,2.499098909,6.699098909,42,1,0.0347617,1,1,30,30,9,20,PAV058
3,1,27,1,197.94099,157.9977,27,0,3,1,27,1,5,30,20,6,10,100,10,-4,1,1.5523393,327,0.668033038,0.566695681,3.137706215,6.137706215,26,1,0.0344502,1,1,30,20,6,30,PAV058
3,1,28,1,201.824516,160.0327,28,1,3,1,28,1,5,10,100,10,25,50,12.5,-2.5,1,1.4226584,352,0.50045545,0.95300477,1.167819377,5.967819377,51,1,0.0357859,1,2,25,50,12.5,0,PAV058
3,1,29,1,205.791393,162.6678333,29,0,3,1,29,1,5,15,40,6,10,100,10,-4,1,1.6091676,362,0.524161126,1.077694918,3.803875758,9.203875758,58,1,0.0419494,1,1,15,40,6,10,PAV058
3,1,30,1,210.108267,166.7639,30,1,3,1,30,1,5,15,50,7.5,10,100,10,-2.5,2,3.7959179,362,0.884070981,0.960829201,5.370697224,10.37069722,51,0,0.0349174,1,1,15,50,7.5,0,PAV058
3,1,31,1,216.858104,169.8831,31,0,3,1,31,1,5,20,50,10,10,100,10,0,1,1.2810638,372,0.800303106,0.637296555,7.583859975,10.78385997,31,1,0.0430191,1,1,20,50,10,0,PAV058
3,1,32,1,220.675368,172.7991667,32,1,3,1,32,1,5,10,100,10,25,90,22.5,-12.5,1,1.2750012,397,0.765331318,1.03202859,0.894292199,6.094292199,54,1,0.0356065,1,2,25,90,22.5,40,PAV058
3,1,33,1,224.842343,176.4310667,33,1,3,1,33,1,5,10,100,10,20,70,14,-4,1,1.4935055,417,0.544255187,1.078521521,0.511369685,5.911369685,58,1,0.0348051,1,2,20,70,14,20,PAV058
3,1,34,1,229.042328,179.0335,34,1,3,1,34,1,5,15,90,13.5,10,100,10,3.5,2,0.9515007,432,0.53439661,0.778295166,4.78581954,8.78581954,39,1,0.0460439,1,1,15,90,13.5,40,PAV058
3,1,35,1,232.408892,181.9327333,35,1,3,1,35,1,5,10,100,10,25,70,17.5,-7.5,1,1.4048999,457,0.643299463,1.118166875,2.667636665,8.267636665,61,1,0.0461525,1,2,25,70,17.5,20,PAV058
3,1,36,1,236.65961,184.9137333,36,1,3,1,36,1,5,30,80,24,10,100,10,14,2,1.1730513,487,0.500732154,0.529521994,5.505950245,8.305950245,24,1,0.0337065,1,1,30,80,24,30,PAV058
3,1,37,1,239.959779,186.6908333,37,1,3,1,37,1,5,10,100,10,12,80,9.6,0.4,1,1.1962883,499,0.604848539,0.792739102,1.299724642,5.299724642,40,1,0.0342264,1,2,12,80,9.6,30,PAV058
3,1,38,1,243.643301,189.0382333,38,0,3,1,38,1,5,10,100,10,12,50,6,4,2,1.3067144,509,0.540380059,0.665691938,4.778434471,8.178434471,33,1,0.0372284,1,2,12,50,6,0,PAV058
3,1,39,1,247.243481,193.1645667,39,0,3,1,39,1,5,15,70,10.5,10,100,10,0.5,1,1.9153828,519,0.511433224,1.174750787,-0.425942463,5.574057537,64,1,0.0456011,1,1,15,70,10.5,20,PAV058
3,1,40,1,251.943274,195.3821667,40,0,3,1,40,1,5,12,60,7.2,10,100,10,-2.8,1,1.03697,529,0.629232166,0.723016752,5.66620226,9.46620226,36,1,0.0341808,1,1,12,60,7.2,10,PAV058
3,1,41,1,255.443893,197.9487,41,0,3,1,41,1,5,10,100,10,20,20,4,6,2,1.4744363,539,0.615221028,1.156666158,1.38232864,7.18232864,63,1,0.0388451,1,2,20,20,4,30,PAV058
3,1,42,1,259.794118,201.0967667,42,1,3,1,42,1,5,25,60,15,10,100,10,5,2,1.523873,564,0.994052822,0.832728508,1.589288345,5.789288345,43,1,0.0422751,1,1,25,60,15,10,PAV058
3,1,43,1,264.22767,203.2480667,43,0,3,1,43,1,5,20,50,10,10,100,10,0,1,1.9220144,574,0.768912601,0.692001974,5.221605383,8.821605383,34,1,0.0354318,1,1,20,50,10,0,PAV058
3,1,44,1,268.711102,205.8015,44,0,3,1,44,1,5,10,100,10,20,30,6,4,2,1.1659132,584,0.975711015,0.602963564,7.724632886,10.92463289,29,1,0.0499014,1,2,20,30,6,20,PAV058
3,1,45,1,272.54475,209.5307667,45,0,3,1,45,1,5,25,20,5,10,100,10,-5,1,0.6649275,594,0.987517296,0.783485468,5.339676566,9.339676566,40,1,0.0361464,1,1,25,20,5,30,PAV058
3,1,46,1,276.078269,213.9374,46,0,3,1,46,1,5,10,100,10,15,20,3,7,2,0.8547697,604,0.681237747,0.523983721,2.327992031,5.127992031,25,1,0.0344883,1,2,15,20,3,30,PAV058
3,1,47,1,279.228317,216.8488,47,1,3,1,47,1,5,15,60,9,10,100,10,-1,2,2.3280402,619,0.775488761,1.126546241,0.836063698,6.636063698,61,1,0.0359803,1,1,15,60,9,10,PAV058
3,1,48,1,284.544868,219.8138,48,1,3,1,48,1,5,10,100,10,25,50,12.5,-2.5,1,2.540758,619,0.768667272,0.635004878,5.899311138,9.099311138,32,0,0.0349569,1,2,25,50,12.5,0,PAV058
3,1,49,1,289.59543,221.9737333,49,1,3,1,49,1,5,25,80,20,10,100,10,10,2,1.7637174,644,0.823178547,0.834006723,3.206685761,7.406685761,43,1,0.0474256,1,1,25,80,20,30,PAV058
3,1,50,1,294.112379,224.832,50,0,3,1,50,1,5,10,100,10,20,40,8,2,2,1.0569786,654,0.920527683,0.519152804,5.831006798,8.431006798,24,1,0.0395416,1,2,20,40,8,10,PAV058
4,2,1,1,14.453891,2.618766667,1,0,4,2,1,1,5,10,100,10,12,70,8.4,1.6,2,1.1749023,10,0.516732201,0.824726955,0.965266075,5.165266075,42,1,0.0552665,1,2,12,70,8.4,20,PAV058
4,2,2,1,18.120891,15.64056667,2,0,4,2,2,1,5,15,30,4.5,10,100,10,-5.5,1,1.3599157,20,0.972115677,1.091577467,0.222639194,5.822639194,58,1,0.0348971,1,1,15,30,4.5,20,PAV058
4,2,3,1,22.637764,17.57926667,3,1,4,2,3,1,5,10,100,10,25,60,15,-5,1,1.4431289,20,0.83532551,0.859202645,6.441318036,10.84131804,44,0,0.0347159,1,2,25,60,15,10,PAV058
4,2,4,1,26.871314,20.62473333,4,1,4,2,4,1,5,20,90,18,10,100,10,8,2,1.1019159,40,0.944938158,0.739169285,1.829810746,5.629810746,37,1,0.0459778,1,1,20,90,18,40,PAV058
4,2,5,1,30.738028,24.08143333,5,0,4,2,5,1,5,25,30,7.5,10,100,10,-2.5,1,1.09597,50,0.615639614,1.142659793,3.953184975,9.753184975,62,1,0.0346146,1,1,25,30,7.5,20,PAV058
4,2,6,1,34.688302,26.01783333,6,1,4,2,6,1,5,10,100,10,25,70,17.5,-7.5,1,1.1988318,75,0.505542523,0.627825654,4.185581834,7.385581834,31,1,0.0347179,1,2,25,70,17.5,20,PAV058
4,2,7,1,38.105218,28.76583333,7,0,4,2,7,1,5,20,30,6,10,100,10,-4,1,1.3249303,85,0.980613928,1.081756678,4.845380184,10.44538018,58,1,0.0436616,1,1,20,30,6,20,PAV058
4,2,8,1,42.588714,31.8392,8,1,4,2,8,1,5,12,60,7.2,10,100,10,-2.8,2,1.0801511,85,0.554326002,1.128183027,3.063610182,8.863610182,60,0,0.0340213,1,1,12,60,7.2,10,PAV058
4,2,9,1,46.45546,34.03776667,9,0,4,2,9,1,5,10,100,10,30,50,15,-5,2,1.4214379,95,0.677227724,0.81972561,1.470111916,5.670111916,42,1,0.034552,1,2,30,50,15,0,PAV058
4,2,10,1,50.455834,36.55476667,10,1,4,2,10,1,5,10,100,10,30,80,24,-14,1,1.2619509,95,0.604582716,0.767153513,6.123266282,10.12326628,39,0,0.0417918,1,2,30,80,24,30,PAV058
4,2,11,1,54.172632,39.43856667,11,0,4,2,11,1,5,10,100,10,15,40,6,4,2,0.9589512,105,0.8404763,0.878768752,3.197366524,7.597366524,46,1,0.0346185,1,2,15,40,6,10,PAV058
4,2,12,1,57.939563,41.5713,12,1,4,2,12,1,5,25,60,15,10,100,10,5,2,2.1656165,130,0.987384372,1.110264757,-0.526631013,5.073368987,60,1,0.0344606,1,1,25,60,15,10,PAV058
4,2,13,1,63.306391,44.85456667,13,1,4,2,13,1,5,20,80,16,10,100,10,6,2,0.9248075,150,0.844564652,0.937961285,2.918267731,7.718267731,50,1,0.036818,1,1,20,80,16,30,PAV058
4,2,14,1,67.106682,47.87646667,14,1,4,2,14,1,5,15,90,13.5,10,100,10,3.5,2,0.7027363,165,0.632245791,1.153570258,0.752537404,6.552537404,62,1,0.0437495,1,1,15,90,13.5,40,PAV058
4,2,15,1,70.689969,49.75526667,15,1,4,2,15,1,5,12,90,10.8,10,100,10,0.8,2,0.6266271,177,0.632436656,1.15062507,4.006578673,9.806578673,63,1,0.0486797,1,1,12,90,10.8,40,PAV058
4,2,16,1,74.206895,52.5288,16,0,4,2,16,1,5,15,20,3,10,100,10,-7,1,0.8136513,187,0.717182381,1.166391451,4.374642961,10.37464296,63,1,0.0349081,1,1,15,20,3,30,PAV058
4,2,17,1,77.990571,55.13176667,17,0,4,2,17,1,5,20,40,8,10,100,10,-2,1,1.5998245,197,0.887389692,0.874087018,4.791790824,9.191790824,45,1,0.0357675,1,1,20,40,8,10,PAV058
4,2,18,1,82.457471,57.08056667,18,0,4,2,18,1,5,10,100,10,25,50,12.5,-2.5,2,0.894201,207,0.809497615,0.678701183,2.498823804,5.898823804,34,1,0.0346044,1,2,25,50,12.5,0,PAV058
4,2,19,1,85.924298,61.27146667,19,0,4,2,19,1,5,10,100,10,30,40,12,-2,2,1.3153799,217,0.783785554,0.858848666,1.931951091,6.331951091,45,1,0.0343422,1,2,30,40,12,10,PAV058
4,2,20,1,90.007834,64.2398,20,0,4,2,20,1,5,10,100,10,30,40,12,-2,2,1.2005066,227,0.981043927,0.628388269,5.760157833,8.960157833,31,1,0.0443905,1,2,30,40,12,10,PAV058
4,2,21,1,93.924696,66.2379,21,1,4,2,21,1,5,10,100,10,15,60,9,1,1,1.2337149,227,0.888401626,0.710869987,6.395117955,9.995117955,35,0,0.0511935,1,2,15,60,9,10,PAV058
4,2,22,1,97.841455,69.01473333,22,1,4,2,22,1,5,15,70,10.5,10,100,10,0.5,2,3.0170847,242,0.521661261,1.097008046,2.837370773,8.437370773,58,1,0.0343436,1,1,15,70,10.5,20,PAV058
4,2,23,1,103.55853,71.3158,23,0,4,2,23,1,5,20,50,10,10,100,10,0,1,1.8268782,252,0.541424659,0.581663423,5.67713246,8.67713246,28,1,0.0362198,1,1,20,50,10,0,PAV058
4,2,24,1,107.592069,73.54476667,24,0,4,2,24,1,5,10,100,10,12,20,2.4,7.6,2,1.1553622,262,0.667073329,1.103623785,4.199033747,9.799033747,60,1,0.0397789,1,2,12,20,2.4,30,PAV058
4,2,25,1,111.608937,76.2209,25,0,4,2,25,1,5,12,80,9.6,10,100,10,-0.4,1,2.5316558,272,0.522263882,1.105804135,0.908422843,6.508422843,60,1,0.0344501,1,1,12,80,9.6,30,PAV058
4,2,26,1,116.859196,79.59683333,26,0,4,2,26,1,5,10,100,10,20,20,4,6,2,0.8332527,282,0.756826043,0.860560281,2.456191705,6.856191705,44,1,0.0372005,1,2,20,20,4,30,PAV058
4,2,27,1,120.409378,81.54613333,27,0,4,2,27,1,5,10,100,10,20,50,10,0,2,0.7572652,292,0.599617166,1.06081867,-0.08326507,5.31673493,57,1,0.0340346,1,2,20,50,10,0,PAV058
4,2,28,1,123.926232,84.07106667,28,0,4,2,28,1,5,10,100,10,30,20,6,4,2,0.7681993,302,0.570647772,0.850359528,3.478361822,7.878361822,45,1,0.0392686,1,2,30,20,6,30,PAV058
4,2,29,1,127.2264,87.24556667,29,0,4,2,29,1,5,12,30,3.6,10,100,10,-6.4,1,1.4628782,312,0.94825732,1.062024075,2.689379263,8.089379263,57,1,0.04522,1,1,12,30,3.6,20,PAV058
4,2,30,1,131.793175,89.18236667,30,0,4,2,30,1,5,10,100,10,20,50,10,0,2,1.0900161,322,0.89412779,0.889798138,0.524154306,5.124154306,47,1,0.0343588,1,2,20,50,10,0,PAV058
4,2,31,1,135.760155,91.89876667,31,1,4,2,31,1,5,15,60,9,10,100,10,-1,2,1.3830799,337,0.813986582,0.808574423,3.778959159,7.978959159,41,1,0.0393009,1,1,15,60,9,10,PAV058
4,2,32,1,139.877024,95.1551,32,1,4,2,32,1,5,30,70,21,10,100,10,11,2,0.9984477,367,0.862944714,1.067264083,2.256923296,7.656923296,58,1,0.0341525,1,1,30,70,21,20,PAV058
4,2,33,1,143.927213,96.92546667,33,0,4,2,33,1,5,12,50,6,10,100,10,-4,1,1.2453067,377,0.548934553,0.802172668,2.765837349,6.965837349,42,1,0.0337452,1,1,12,50,6,0,PAV058
4,2,34,1,147.627241,101.9878333,34,0,4,2,34,1,5,25,20,5,10,100,10,-5,1,0.7135294,387,0.689980133,0.645956171,3.442612911,6.842612911,31,1,0.0478915,1,1,25,20,5,30,PAV058
4,2,35,1,150.760841,105.3862,35,0,4,2,35,1,5,10,100,10,12,40,4.8,5.2,2,1.6627944,397,0.784954627,1.1070797,0.613039792,6.213039792,59,1,0.0355138,1,2,12,40,4.8,10,PAV058
4,2,36,1,155.410685,107.0213,36,0,4,2,36,1,5,10,100,10,25,40,10,0,2,0.8669715,407,0.577758528,1.022931728,3.660013403,8.860013403,54,1,0.0340654,1,2,25,40,10,10,PAV058
4,2,37,1,158.961334,109.8930667,37,0,4,2,37,1,5,30,30,9,10,100,10,-1,1,1.0619932,417,0.868905881,1.137138534,4.937882014,10.73788201,62,1,0.0346639,1,1,30,30,9,20,PAV058
4,2,38,1,163.128198,114.1365333,38,1,4,2,38,1,5,10,100,10,25,50,12.5,-2.5,1,2.0834042,442,0.612312202,1.192151089,-0.265943019,5.734056981,64,1,0.0380826,1,2,25,50,12.5,0,PAV058
4,2,39,1,168.145129,116.304,39,0,4,2,39,1,5,25,40,10,10,100,10,0,1,1.2042757,452,0.519304227,0.50650305,3.304595251,5.904595251,24,1,0.0342451,1,1,25,40,10,10,PAV058
4,2,40,1,171.461968,117.7474333,40,0,4,2,40,1,5,10,100,10,20,50,10,0,2,1.5568075,462,0.687732277,0.65597259,1.999794759,5.399794759,33,1,0.0449757,1,2,20,50,10,0,PAV058
4,2,41,1,175.46204,120.4117667,41,0,4,2,41,1,5,10,100,10,30,50,15,-5,2,1.0519856,472,0.892316843,0.533609314,6.823066111,9.623066111,25,1,0.0480763,1,2,30,50,15,0,PAV058
4,2,42,1,179.062337,123.2694667,42,1,4,2,42,1,5,20,60,12,10,100,10,2,2,0.9043002,492,0.937817271,0.866858845,1.485051725,5.885051725,46,1,0.0442769,1,1,20,60,12,10,PAV058
4,2,43,1,182.878784,124.7217667,43,1,4,2,43,1,5,10,100,10,25,90,22.5,-12.5,1,1.1860079,517,0.717807631,0.584046197,3.281288512,6.281288512,29,1,0.0357451,1,2,25,90,22.5,40,PAV058
4,2,44,1,186.47939,127.2218333,44,1,4,2,44,1,5,10,100,10,20,70,14,-4,1,1.2963321,537,0.589566558,0.909977222,1.051923076,5.651923076,47,1,0.034119,1,2,20,70,14,20,PAV058
4,2,45,1,190.362908,130.7858,45,1,4,2,45,1,5,10,100,10,30,90,27,-17,1,1.1333067,567,0.981495416,0.712703533,6.598079015,10.19807901,35,1,0.0364971,1,2,30,90,27,40,PAV058
4,2,46,1,194.279785,132.9101667,46,1,4,2,46,1,5,25,80,20,10,100,10,10,2,1.1398943,567,0.767305689,1.199254026,4.45978987,10.45978987,64,0,0.0345987,1,1,25,80,20,30,PAV058
4,2,47,1,198.479987,135.761,47,1,4,2,47,1,5,30,60,18,10,100,10,8,2,2.3238441,567,0.527928214,0.622241729,6.128108369,9.328108369,31,0,0.0375403,1,1,30,60,18,10,PAV058
4,2,48,1,203.046903,139.0025,48,0,4,2,48,1,5,15,50,7.5,10,100,10,-2.5,1,1.4180799,577,0.591287023,1.192143171,-0.014261862,5.985738138,64,1,0.0343449,1,1,15,50,7.5,0,PAV058
4,2,49,1,207.346659,140.9058667,49,0,4,2,49,1,5,10,100,10,25,50,12.5,-2.5,2,1.7037269,587,0.580616465,0.995822831,2.216271534,7.216271534,53,1,0.0478968,1,2,25,50,12.5,0,PAV058
4,2,50,1,211.730657,143.9227667,50,1,4,2,50,1,5,10,100,10,15,80,12,-2,1,1.121981,602,0.97181669,0.754447003,2.207240423,6.007240423,39,1,0.035746,1,2,15,80,12,30,PAV058
24,3,1,1,14.494847,2.609133333,1,0,24,3,1,1,5,12,20,2.4,10,100,10,-7.6,1,1.6161959,10,0.547514164,1.095193688,4.097588379,9.697588379,59,1,0.0416266,1,1,12,20,2.4,30,PAV058
24,3,2,1,18.878235,16.1153,2,1,24,3,2,1,5,25,80,20,10,100,10,10,2,1.6468168,35,0.668385392,0.928545301,0.205206559,5.005206559,49,1,0.0354252,1,1,25,80,20,30,PAV058
24,3,3,1,23.211618,18.28043333,3,1,24,3,3,1,5,15,60,9,10,100,10,-1,2,1.1716748,35,0.720054328,1.06001536,5.123929789,10.52392979,57,0,0.0351721,1,1,15,60,9,10,PAV058
24,3,4,1,27.261159,21.49743333,4,1,24,3,4,1,5,30,90,27,10,100,10,17,2,1.0111048,35,0.635694886,1.027349563,5.456160671,10.65616067,55,0,0.0346863,1,1,30,90,27,40,PAV058
24,3,5,1,31.045049,24.38496667,5,0,24,3,5,1,5,12,30,3.6,10,100,10,-6.4,1,1.279015,45,0.830449825,1.043966585,0.030812145,5.430812145,55,1,0.0380041,1,1,12,30,3.6,20,PAV058
24,3,6,1,35.295107,26.517,6,1,24,3,6,1,5,10,100,10,25,60,15,-5,1,1.8615481,45,0.722252178,0.524308645,7.881404532,10.68140453,25,0,0.0339968,1,2,25,60,15,10,PAV058
24,3,7,1,39.495104,29.34593333,7,0,24,3,7,1,5,10,100,10,25,50,12.5,-2.5,2,0.9159556,55,0.652345537,0.720608102,3.487073706,7.287073706,37,1,0.0352528,1,2,25,50,12.5,0,PAV058
24,3,8,1,42.878543,32.32896667,8,0,24,3,8,1,5,20,30,6,10,100,10,-4,1,0.8265223,65,0.977198123,0.850716931,2.949747039,7.349747039,45,1,0.038406,1,1,20,30,6,20,PAV058
24,3,9,1,46.62846,34.43493333,9,0,24,3,9,1,5,10,100,10,20,40,8,2,2,0.7914777,75,0.865109043,1.042554042,4.489359571,9.889359571,56,1,0.0340231,1,2,20,40,8,10,PAV058
24,3,10,1,50.428642,37.72883333,10,0,24,3,10,1,5,10,100,10,12,70,8.4,1.6,2,1.4350083,85,0.652895996,0.911168712,3.002543634,7.602543634,48,1,0.0341272,1,2,12,70,8.4,20,PAV058
24,3,11,1,54.512001,40.41393333,11,0,24,3,11,1,5,20,90,18,10,100,10,8,1,1.0591571,95,0.879299742,0.911408356,1.030637068,5.630637068,48,1,0.03492,1,1,20,90,18,40,PAV058
24,3,12,1,58.462015,42.20276667,12,0,24,3,12,1,5,10,100,10,15,20,3,7,2,1.4698809,105,0.848596227,1.003209163,0.187803287,5.387803287,54,1,0.0347336,1,2,15,20,3,30,PAV058
24,3,13,1,62.878784,44.61696667,13,0,24,3,13,1,5,10,100,10,25,20,5,5,2,1.0320405,115,0.784683089,0.927840363,4.046236515,8.846236515,49,1,0.0351735,1,2,25,20,5,30,PAV058
24,3,14,1,66.712153,47.4243,14,1,24,3,14,1,5,12,80,9.6,10,100,10,-0.4,2,1.5020105,127,0.827149419,0.741717486,4.440547124,8.240547124,38,1,0.0347135,1,1,12,80,9.6,30,PAV058
24,3,15,1,70.862208,49.5298,15,1,24,3,15,1,5,10,100,10,15,60,9,1,1,1.0615937,142,0.784311116,0.630525173,5.038826017,8.238826017,31,1,0.0346884,1,2,15,60,9,10,PAV058
24,3,16,1,74.428933,52.81193333,16,0,24,3,16,1,5,30,20,6,10,100,10,-4,1,1.0057791,152,0.58530074,1.014393389,3.452996343,8.652996343,54,1,0.0342848,1,1,30,20,6,30,PAV058
24,3,17,1,78.128967,55.5715,17,1,24,3,17,1,5,20,70,14,10,100,10,4,2,1.1616045,172,0.785428047,0.952033199,3.403096768,8.203096768,51,1,0.0380636,1,1,20,70,14,20,PAV058
24,3,18,1,82.12901,57.5528,18,1,24,3,18,1,5,10,100,10,25,90,22.5,-12.5,1,0.6865226,197,0.988978855,0.61630741,6.537374116,9.737374116,30,1,0.0340114,1,2,25,90,22.5,40,PAV058
24,3,19,1,85.49573,60.9788,19,1,24,3,19,1,5,12,50,6,10,100,10,-4,2,1.2847231,197,0.578292139,0.540743069,5.536715031,8.336715031,26,0,0.0341443,1,1,12,50,6,0,PAV058
24,3,20,1,88.995649,63.91106667,20,1,24,3,20,1,5,10,100,10,25,70,17.5,-7.5,1,1.5934003,197,0.62923183,0.974683654,4.610206163,9.610206163,52,0,0.0350501,1,2,25,70,17.5,20,PAV058
24,3,21,1,93.295824,65.89683333,21,0,24,3,21,1,5,10,100,10,15,30,4.5,5.5,2,0.7923797,207,0.987768858,1.182067224,4.259451932,10.25945193,64,1,0.0375152,1,2,15,30,4.5,20,PAV058
24,3,22,1,97.345878,68.99553333,22,0,24,3,22,1,5,10,100,10,25,30,7.5,2.5,2,0.7407096,217,0.513692693,1.155142332,3.443244232,9.243244232,63,1,0.039613,1,2,25,30,7.5,20,PAV058
24,3,23,1,100.862586,71.92486667,23,0,24,3,23,1,5,25,40,10,10,100,10,0,1,0.97038,227,0.917654016,1.051324314,4.54631012,9.94631012,57,1,0.0346804,1,1,25,40,10,10,PAV058
24,3,24,1,104.895974,73.6125,24,0,24,3,24,1,5,10,100,10,20,50,10,0,2,1.5296435,237,0.588867071,0.597288329,2.025915985,5.025915985,29,1,0.0347937,1,2,20,50,10,0,PAV058
24,3,25,1,108.696006,76.49563333,25,1,24,3,25,1,5,10,100,10,20,80,16,-6,1,1.1897182,257,0.754380096,0.819731705,2.522318948,6.722318948,43,1,0.0349429,1,2,20,80,16,30,PAV058
24,3,26,1,112.546054,79.2914,26,0,24,3,26,1,5,10,100,10,15,40,6,4,2,0.8873077,267,0.778357443,0.871225866,2.337936599,6.737936599,46,1,0.0397289,1,2,15,40,6,10,PAV058
24,3,27,1,116.162692,81.31503333,27,0,24,3,27,1,5,15,70,10.5,10,100,10,0.5,1,1.0197448,277,0.838905054,0.957240327,0.985177389,5.785177389,51,1,0.0342457,1,1,15,70,10.5,20,PAV058
24,3,28,1,120.079486,83.4625,28,0,24,3,28,1,5,10,100,10,12,40,4.8,5.2,2,0.7190653,287,0.776726544,0.643819439,3.200162462,6.600162462,32,1,0.0350551,1,2,12,40,4.8,10,PAV058
24,3,29,1,123.296197,86.7863,29,0,24,3,29,1,5,10,100,10,20,50,10,0,2,1.7279341,297,0.569238933,0.951443788,2.013363819,6.813363819,51,1,0.0349681,1,2,20,50,10,0,PAV058
24,3,30,1,127.646255,88.39666667,30,0,24,3,30,1,5,10,100,10,15,90,13.5,-3.5,2,0.7044593,307,0.55313157,0.690546219,5.961194278,9.561194278,35,1,0.0349072,1,2,15,90,13.5,40,PAV058
24,3,31,1,130.67958,91.61223333,31,0,24,3,31,1,5,20,50,10,10,100,10,0,1,1.995332,317,0.550683505,0.96987211,4.980471973,9.980471973,52,1,0.0346076,1,1,20,50,10,0,PAV058
24,3,32,1,135.296262,94.08913333,32,1,24,3,32,1,5,10,100,10,30,70,21,-11,1,2.0535634,347,0.556928317,0.86988971,4.268693224,8.668693224,46,1,0.033747,1,2,30,70,21,20,PAV058
24,3,33,1,139.879685,96.33006667,33,0,24,3,33,1,5,25,50,12.5,10,100,10,2.5,1,1.2069457,357,0.683690044,1.008910369,0.721951894,5.921951894,54,1,0.0342765,1,1,25,50,12.5,0,PAV058
24,3,34,1,143.879788,99.3009,34,0,24,3,34,1,5,10,100,10,30,60,18,-8,2,1.6891978,367,0.66399303,0.708786661,4.48260985,8.08260985,36,1,0.034699,1,2,30,60,18,10,PAV058
24,3,35,1,148.046506,101.8329667,35,0,24,3,35,1,5,30,40,12,10,100,10,2,1,1.8371739,377,0.926405511,0.55407549,2.567902998,5.367902998,27,1,0.0339233,1,1,30,40,12,10,PAV058
24,3,36,1,152.44656,103.9456333,36,0,24,3,36,1,5,30,30,9,10,100,10,-1,1,1.2726559,387,0.53141121,1.000594716,0.579089619,5.779089619,53,1,0.0317927,1,1,30,30,9,20,PAV058
24,3,37,1,156.346609,107.0624333,37,0,24,3,37,1,5,10,100,10,20,20,4,6,2,0.7416902,397,0.766764738,0.5005882,5.112170445,7.712170445,24,1,0.0396052,1,2,20,20,4,30,PAV058
24,3,38,1,159.463185,109.8855333,38,0,24,3,38,1,5,30,50,15,10,100,10,5,1,2.4210918,407,0.930002635,0.990997382,4.861744092,9.861744092,53,1,0.034842,1,1,30,50,15,0,PAV058
24,3,39,1,164.896722,111.7641,39,0,24,3,39,1,5,25,50,12.5,10,100,10,2.5,1,1.115442,417,0.724054896,0.919166762,5.838908292,10.43890829,49,1,0.0344198,1,1,25,50,12.5,0,PAV058
24,3,40,1,168.746756,114.3507,40,0,24,3,40,1,5,10,100,10,15,50,7.5,2.5,2,1.0481762,427,0.738290097,0.854720881,4.422159923,8.822159923,45,1,0.0344428,1,2,15,50,7.5,0,PAV058
24,3,41,1,172.480129,117.1848667,41,1,24,3,41,1,5,10,100,10,25,60,15,-5,1,2.2314812,452,0.796282011,1.022785774,2.029977446,7.229977446,54,1,0.0341406,1,2,25,60,15,10,PAV058
24,3,42,1,177.630217,119.1950667,42,0,24,3,42,1,5,10,100,10,25,40,10,0,2,0.7357674,462,0.619627709,0.754598647,1.295417707,5.095417707,39,1,0.0344759,1,2,25,40,10,10,PAV058
24,3,43,1,180.830239,121.4794333,43,1,24,3,43,1,5,10,100,10,20,60,12,-2,1,1.9541686,462,0.536017928,1.076177864,4.07866605,9.47866605,58,0,0.0376988,1,2,20,60,12,10,PAV058
24,3,44,1,185.496962,125.0278333,44,1,24,3,44,1,5,12,60,7.2,10,100,10,-2.8,2,1.1449168,474,0.807158098,1.026377801,2.808541716,8.008541716,55,1,0.0345604,1,1,12,60,7.2,10,PAV058
24,3,45,1,189.56369,127.0532333,45,1,24,3,45,1,5,12,90,10.8,10,100,10,0.8,2,0.9816831,486,0.585766146,0.586138048,6.020597507,9.020597507,29,1,0.035867,1,1,12,90,10.8,40,PAV058
24,3,46,1,192.813714,129.0789333,46,0,24,3,46,1,5,20,50,10,10,100,10,0,1,1.6464091,496,0.628046509,0.986602243,0.236578635,5.236578635,53,1,0.0345721,1,1,20,50,10,0,PAV058
24,3,47,1,197.163619,132.6762,47,0,24,3,47,1,5,30,40,12,10,100,10,2,1,1.796984,506,0.96573266,0.856204407,3.604814905,8.004814905,45,1,0.0408315,1,1,30,40,12,10,PAV058
24,3,48,1,201.880052,134.7130667,48,1,24,3,48,1,5,15,80,12,10,100,10,2,2,1.2885829,521,0.904446849,0.575118069,3.111568426,6.111568426,27,1,0.0346491,1,1,15,80,12,30,PAV058
24,3,49,1,205.730553,138.2798333,49,1,24,3,49,1,5,10,100,10,30,80,24,-14,1,1.1415693,551,0.742072402,0.636093595,2.240563808,5.440563808,32,1,0.0348498,1,2,30,80,24,30,PAV058
24,3,50,1,209.347143,141.0961,50,0,24,3,50,1,5,30,50,15,10,100,10,5,1,1.1457206,561,0.883861994,0.880951236,4.303732072,8.903732072,46,1,0.0347443,1,1,30,50,15,0,PAV058
27,4,1,1,14.394615,2.5596,1,1,27,4,1,1,5,10,100,10,25,60,15,-5,1,2.2956678,0,0.713124051,0.85630594,5.231192407,9.631192407,44,0,0.0376496,1,2,25,60,15,10,PAV058
27,4,2,1,19.394724,16.70173333,2,1,27,4,2,1,5,20,90,18,10,100,10,8,2,1.1593443,20,0.708817099,0.57915089,6.962422661,9.962422661,28,1,0.0360192,1,1,20,90,18,40,PAV058
27,4,3,1,22.928226,18.64786667,3,0,27,4,3,1,5,10,100,10,30,40,12,-2,2,1.2329764,30,0.761680266,0.639172473,7.055628014,10.25562801,32,1,0.0343118,1,2,30,40,12,10,PAV058
27,4,4,1,26.64471,21.1823,4,1,27,4,4,1,5,10,100,10,30,90,27,-17,1,1.8100491,60,0.81917528,0.553744909,6.986911695,9.786911695,26,1,0.0348801,1,2,30,90,27,40,PAV058
27,4,5,1,30.928278,24.16343333,5,0,27,4,5,1,5,25,60,15,10,100,10,5,1,2.8445421,70,0.654398715,0.977380512,5.524398846,10.52439885,52,1,0.0346428,1,1,25,60,15,10,PAV058
27,4,6,1,36.495026,25.8696,6,0,27,4,6,1,5,10,100,10,20,60,12,-2,2,0.9193392,80,0.942458373,1.136464372,4.495122808,10.29512281,61,1,0.0347248,1,2,20,60,12,10,PAV058
27,4,7,1,40.561728,29.06296667,7,1,27,4,7,1,5,10,100,10,25,70,17.5,-7.5,1,1.4938006,80,0.507131639,0.622971215,6.435831133,9.635831133,31,0,0.0350809,1,2,25,70,17.5,20,PAV058
27,4,8,1,44.278456,33.77673333,8,0,27,4,8,1,5,10,100,10,20,30,6,4,2,0.9049037,90,0.927473991,0.539830544,5.465503576,8.265503576,26,1,0.0348765,1,2,20,30,6,20,PAV058
27,4,9,1,47.728487,35.8174,9,1,27,4,9,1,5,10,100,10,30,70,21,-11,1,1.88388,120,0.56082964,0.643684781,2.814321309,6.214321309,32,1,0.0406173,1,2,30,70,21,20,PAV058
27,4,10,1,51.895212,38.57966667,10,0,27,4,10,1,5,20,70,14,10,100,10,4,1,2.4918382,130,0.83147257,0.756845459,1.487708472,5.287708472,39,1,0.0345179,1,1,20,70,14,20,PAV058
27,4,11,1,57.078428,42.05646667,11,0,27,4,11,1,5,10,100,10,15,40,6,4,2,0.8993301,140,0.68920616,0.599371332,6.081943908,9.081943908,28,1,0.0353101,1,2,15,40,6,10,PAV058
27,4,12,1,60.345233,43.7458,12,0,27,4,12,1,5,10,100,10,20,50,10,0,2,0.8779103,150,0.555851824,1.041679569,4.113927906,9.513927906,56,1,0.034721,1,2,20,50,10,0,PAV058
27,4,13,1,63.912045,45.76323333,13,0,27,4,13,1,5,10,100,10,30,20,6,4,2,0.73774,160,0.9456873,0.871026044,1.626952312,6.026952312,46,1,0.0338041,1,2,30,20,6,30,PAV058
27,4,14,1,67.561954,49.61423333,14,1,27,4,14,1,5,15,70,10.5,10,100,10,0.5,2,1.3066735,160,0.87889902,0.740437332,6.096451165,9.896451165,38,0,0.0404157,1,1,15,70,10.5,20,PAV058
27,4,15,1,71.595457,51.31263333,15,0,27,4,15,1,5,20,50,10,10,100,10,0,1,0.7930485,170,0.641221608,1.178715003,3.426850381,9.426850381,64,1,0.0466464,1,1,20,50,10,0,PAV058
27,4,16,1,75.295491,55.19676667,16,1,27,4,16,1,5,12,60,7.2,10,100,10,-2.8,2,1.0044865,182,0.790274838,1.168289665,-0.846201073,5.153798927,64,1,0.034952,1,1,12,60,7.2,10,PAV058
27,4,17,1,79.345558,57.98276667,17,1,27,4,17,1,5,25,90,22.5,10,100,10,12.5,2,0.7924265,207,0.539527029,1.12583093,0.504788217,6.304788217,61,1,0.0349751,1,1,25,90,22.5,40,PAV058
27,4,18,1,82.895613,59.63006667,18,1,27,4,18,1,5,25,80,20,10,100,10,10,2,1.2382703,232,0.731260168,1.042978024,0.927396953,6.327396953,56,1,0.0411401,1,1,25,80,20,30,PAV058
27,4,19,1,86.995627,62.31336667,19,1,27,4,19,1,5,12,90,10.8,10,100,10,0.8,2,1.1950596,244,0.955940544,1.199681845,0.657142006,6.657142006,65,1,0.0348657,1,1,12,90,10.8,40,PAV058
27,4,20,1,91.428967,64.65113333,20,0,27,4,20,1,5,25,20,5,10,100,10,-5,1,0.9370675,254,0.85011879,0.533239171,3.43324508,6.23324508,25,1,0.0349985,1,1,25,20,5,30,PAV058
27,4,21,1,94.829078,66.58583333,21,0,27,4,21,1,5,30,50,15,10,100,10,5,1,1.3661059,264,0.749123993,0.649429937,3.142333109,6.542333109,32,1,0.0351955,1,1,30,50,15,0,PAV058
27,4,22,1,98.679132,69.66893333,22,0,27,4,22,1,5,30,60,18,10,100,10,8,1,1.6789031,274,0.973819195,1.095492834,2.243773362,7.843773362,59,1,0.0436531,1,1,30,60,18,10,PAV058
27,4,23,1,103.51252,72.3894,23,0,27,4,23,1,5,10,100,10,12,20,2.4,7.6,2,0.8645762,284,0.678684794,0.590044857,4.645507765,7.645507765,29,1,0.0420162,1,2,12,20,2.4,30,PAV058
27,4,24,1,106.745886,74.63643333,24,1,27,4,24,1,5,30,80,24,10,100,10,14,2,1.2414314,314,0.855739161,1.084519502,1.64841155,7.24841155,59,1,0.0349238,1,1,30,80,24,30,PAV058
27,4,25,1,111.029302,77.5134,25,0,27,4,25,1,5,25,50,12.5,10,100,10,2.5,1,0.8986799,324,0.792035109,0.583005077,7.732176842,10.73217684,28,1,0.0345707,1,1,25,50,12.5,0,PAV058
27,4,26,1,114.379325,80.14413333,26,0,27,4,26,1,5,15,30,4.5,10,100,10,-5.5,1,1.1897583,334,0.577006757,1.06075609,0.449898154,5.849898154,57,1,0.0410372,1,1,15,30,4.5,20,PAV058
27,4,27,1,118.296061,82.33896667,27,0,27,4,27,1,5,25,50,12.5,10,100,10,2.5,1,1.30231,344,0.633696868,0.933876296,5.457521237,10.25752124,50,1,0.0343287,1,1,25,50,12.5,0,PAV058
27,4,28,1,122.262773,85.21926667,28,0,27,4,28,1,5,10,100,10,12,50,6,4,2,1.4175354,354,0.597226205,1.126887129,0.683870443,6.483870443,61,1,0.0341835,1,2,12,50,6,0,PAV058
27,4,29,1,126.496174,88.19076667,29,0,27,4,29,1,5,10,100,10,12,70,8.4,1.6,2,2.2537546,364,0.951289103,0.938796021,4.398190564,9.198190564,50,1,0.039287,1,2,12,70,8.4,20,PAV058
27,4,30,1,131.746096,90.44783333,30,0,27,4,30,1,5,25,50,12.5,10,100,10,2.5,1,2.0795893,374,0.732909493,0.654390805,6.542276978,9.942276978,33,1,0.0349884,1,1,25,50,12.5,0,PAV058
27,4,31,1,136.312942,92.9297,31,0,27,4,31,1,5,10,100,10,20,40,8,2,2,1.3510946,384,0.97415116,1.017322209,5.299829361,10.49982936,55,1,0.0352341,1,2,20,40,8,10,PAV058
27,4,32,1,140.762813,96.1981,32,0,27,4,32,1,5,30,30,9,10,100,10,-1,1,0.7318351,394,0.646246108,0.757198937,1.439331357,5.239331357,39,1,0.0340098,1,1,30,30,9,20,PAV058
27,4,33,1,143.996365,97.89573333,33,1,27,4,33,1,5,15,60,9,10,100,10,-1,2,1.8688093,409,0.843480828,0.559028124,5.00607668,7.80607668,27,1,0.0323221,1,1,15,60,9,10,PAV058
27,4,34,1,148.346294,101.5054333,34,0,27,4,34,1,5,15,50,7.5,10,100,10,-2.5,1,1.3551224,419,0.95368968,1.110828078,1.527670932,7.127670932,60,1,0.0373671,1,1,15,50,7.5,0,PAV058
27,4,35,1,152.863135,104.3809,35,0,27,4,35,1,5,10,100,10,15,80,12,-2,2,0.9408906,429,0.629813768,0.616726878,6.324223181,9.524223181,30,1,0.0349319,1,2,15,80,12,30,PAV058
27,4,36,1,156.146513,106.0298,36,0,27,4,36,1,5,10,100,10,15,60,9,1,2,1.4088804,439,0.716656772,0.968140226,1.776400517,6.776400517,52,1,0.0348003,1,2,15,60,9,10,PAV058
27,4,37,1,160.346543,109.1300667,37,1,27,4,37,1,5,15,90,13.5,10,100,10,3.5,2,2.09768,454,0.652967044,0.798938265,3.497350235,7.497350235,41,1,0.0353454,1,1,15,90,13.5,40,PAV058
27,4,38,1,164.979953,111.9282,38,1,27,4,38,1,5,10,100,10,12,80,9.6,0.4,1,1.3902945,466,0.815085852,0.698976562,3.053098807,6.653098807,35,1,0.0371656,1,2,12,80,9.6,30,PAV058
27,4,39,1,168.980005,113.5657333,39,0,27,4,39,1,5,10,100,10,20,50,10,0,2,1.1714514,476,0.937281971,0.794457877,5.892859436,9.892859436,41,1,0.0451436,1,2,20,50,10,0,PAV058
27,4,40,1,172.979989,116.6857667,40,0,27,4,40,1,5,12,40,4.8,10,100,10,-5.2,1,1.2634867,486,0.757669298,0.685166955,2.684227895,6.284227895,35,1,0.0349875,1,1,12,40,4.8,10,PAV058
27,4,41,1,176.780111,119.6003667,41,1,27,4,41,1,5,10,100,10,20,80,16,-6,1,1.3060771,506,0.589603421,0.708343329,2.444365069,6.044365069,36,1,0.0340449,1,2,20,80,16,30,PAV058
27,4,42,1,180.480156,121.5979,42,0,27,4,42,1,5,10,100,10,25,40,10,0,2,0.891987,516,0.93407915,0.902093544,4.274156255,8.874156255,48,1,0.0368357,1,2,25,40,10,10,PAV058
27,4,43,1,184.313524,124.8452,43,0,27,4,43,1,5,10,100,10,25,30,7.5,2.5,2,0.6281068,526,0.749623781,1.098147226,4.053173966,9.653173966,59,1,0.0390039,1,2,25,30,7.5,20,PAV058
27,4,44,1,187.880249,128.7543,44,0,27,4,44,1,5,10,100,10,25,40,10,0,2,1.090911,536,0.57466167,0.935249744,4.76808989,9.56808989,50,1,0.0388726,1,2,25,40,10,10,PAV058
27,4,45,1,191.580147,130.7633,45,0,27,4,45,1,5,10,100,10,30,50,15,-5,2,1.188343,546,0.646512595,1.094884636,1.085950774,6.685950774,59,1,0.0367239,1,2,30,50,15,0,PAV058
27,4,46,1,195.613707,134.5302,46,0,27,4,46,1,5,10,100,10,20,20,4,6,2,0.875619,556,0.89628265,0.698701569,3.836327828,7.436327828,35,1,0.0351477,1,2,20,20,4,30,PAV058
27,4,47,1,199.180383,137.6725333,47,0,27,4,47,1,5,12,30,3.6,10,100,10,-6.4,1,0.8600406,566,0.620454737,0.593971312,5.757940992,8.757940992,29,1,0.0349392,1,1,12,30,3.6,20,PAV058
27,4,48,1,202.347097,139.7632667,48,0,27,4,48,1,5,10,100,10,20,50,10,0,2,1.6938888,576,0.757051099,0.774275509,1.731377451,5.731377451,40,1,0.0343262,1,2,20,50,10,0,PAV058
27,4,49,1,206.663804,142.2962667,49,0,27,4,49,1,5,15,20,3,10,100,10,-7,1,0.7503063,586,0.518057088,0.825105382,1.217896746,5.417896746,43,1,0.0342387,1,1,15,20,3,30,PAV058
27,4,50,1,209.847187,145.8675,50,0,27,4,50,1,5,30,40,12,10,100,10,2,1,0.9063771,596,0.539603451,1.136735861,1.584705115,7.384705115,62,1,0.0390972,1,1,30,40,12,10,PAV058
6,1,1,1,15.318225,3.707033333,1,1,6,1,1,1,5,10,100,10,12,80,9.6,0.4,1,2.1971923,12,0.913415488,1.116725868,2.187243061,7.787243061,59,1,0.0584529,1,2,12,80,9.6,30,PAV068
6,1,2,1,20.718521,18.6972,2,1,6,1,2,1,5,20,80,16,10,100,10,6,2,1.7221871,32,0.621463997,1.183214699,1.296649417,7.296649417,63,1,0.0388591,1,1,20,80,16,30,PAV068
6,1,3,1,25.334673,20.92293333,3,1,6,1,3,1,5,10,100,10,30,70,21,-11,1,2.333167,62,0.504021175,0.905975766,0.931570769,5.531570769,48,1,0.0360143,1,2,30,70,21,20,PAV068
6,1,4,1,30.20153,24.83886667,4,0,6,1,4,1,5,30,30,9,10,100,10,-1,1,2.3161294,72,0.5182982,0.776273844,6.234379872,10.23437987,40,1,0.0342585,1,1,30,30,9,20,PAV068
6,1,5,1,34.918165,28.84283333,5,0,6,1,5,1,5,15,30,4.5,10,100,10,-5.5,1,1.9408573,82,0.581310165,0.759752469,3.392884382,7.192884382,39,1,0.0405722,1,1,15,30,4.5,20,PAV068
6,1,6,1,39.301763,30.82163333,6,0,6,1,6,1,5,10,100,10,12,30,3.6,6.4,2,1.8763815,92,0.933439488,0.757705903,3.443961109,7.243961109,39,1,0.0446433,1,2,12,30,3.6,20,PAV068
6,1,7,1,43.968202,34.50083333,7,1,6,1,7,1,5,10,100,10,25,80,20,-10,1,1.3868803,117,0.539902422,1.102617726,-0.563394988,5.036605012,60,1,0.0345386,1,2,25,80,20,30,PAV068
6,1,8,1,48.101939,38.03766667,8,1,6,1,8,1,5,20,60,12,10,100,10,2,2,1.5318923,137,0.531657692,0.950076304,0.754076526,5.554076526,51,1,0.03866,1,1,20,60,12,10,PAV068
6,1,9,1,52.217762,39.85286667,9,0,6,1,9,1,5,30,20,6,10,100,10,-4,1,1.2364547,147,0.79305655,1.019854335,4.370413305,9.570413305,55,1,0.0345058,1,1,30,20,6,30,PAV068
6,1,10,1,56.351757,43.16116667,10,1,6,1,10,1,5,10,100,10,25,90,22.5,-12.5,1,1.2606584,172,0.948570217,1.04019334,3.081040523,8.481040523,56,1,0.0351832,1,2,25,90,22.5,40,PAV068
6,1,11,1,60.701826,46.52316667,11,1,6,1,11,1,5,12,60,7.2,10,100,10,-2.8,2,1.9574827,184,0.942871589,1.008897023,0.582247354,5.782247354,54,1,0.0347435,1,1,12,60,7.2,10,PAV068
6,1,12,1,65.704279,48.70063333,12,0,6,1,12,1,5,15,40,6,10,100,10,-4,1,1.1975856,194,0.664479485,0.593358754,2.215963748,5.215963748,29,1,0.0339505,1,1,15,40,6,10,PAV068
6,1,13,1,69.26862,51.80536667,13,1,6,1,13,1,5,10,100,10,30,80,24,-14,1,1.2362273,224,0.598193047,0.829613763,1.930169244,6.130169244,43,1,0.0365019,1,2,30,80,24,30,PAV068
6,1,14,1,73.035276,54.61996667,14,0,6,1,14,1,5,15,60,9,10,100,10,-1,1,2.197806,234,0.536496389,1.086068579,4.663270132,10.26327013,59,1,0.0370669,1,1,15,60,9,10,PAV068
6,1,15,1,77.951937,56.7112,15,0,6,1,15,1,5,10,100,10,25,30,7.5,2.5,2,1.1798352,244,0.507985751,1.152800335,2.545580883,8.345580883,63,1,0.034573,1,2,25,30,7.5,20,PAV068
6,1,16,1,81.902348,59.8674,16,1,6,1,16,1,5,10,100,10,30,50,15,-5,1,1.5658375,274,0.91919983,0.831389461,1.162688564,5.362688564,43,1,0.0456108,1,2,30,50,15,0,PAV068
6,1,17,1,86.318795,63.82546667,17,1,6,1,17,1,5,20,90,18,10,100,10,8,2,1.2373765,294,0.838710102,0.662832241,6.604434339,10.00443434,33,1,0.0510931,1,1,20,90,18,40,PAV068
6,1,18,1,90.152255,65.90323333,18,0,6,1,18,1,5,10,100,10,25,50,12.5,-2.5,2,1.1769759,304,0.9722292,0.663221866,2.838853825,6.238853825,33,1,0.0437179,1,2,25,50,12.5,0,PAV068
6,1,19,1,94.052026,68.70143333,19,0,6,1,19,1,5,10,100,10,20,30,6,4,2,1.4067095,314,0.703637822,0.776576122,5.812280375,9.812280375,40,1,0.0352109,1,2,20,30,6,20,PAV068
6,1,20,1,98.021413,71.6754,20,1,6,1,20,1,5,10,100,10,20,70,14,-4,1,1.1830793,334,0.663326919,1.131990952,-0.318318334,5.481681666,61,1,0.0346073,1,2,20,70,14,20,PAV068
6,1,21,1,102.102456,73.56833333,21,0,6,1,21,1,5,10,100,10,25,40,10,0,2,1.1437195,344,0.565135753,0.845989228,0.688090055,5.088090055,44,1,0.0350406,1,2,25,40,10,10,PAV068
6,1,22,1,105.754425,77.53636667,22,1,6,1,22,1,5,10,100,10,15,90,13.5,-3.5,1,0.9216583,359,0.62410731,0.904408598,1.055851728,5.655851728,48,1,0.0438844,1,2,15,90,13.5,40,PAV068
6,1,23,1,109.302673,80.3068,23,0,6,1,23,1,5,10,100,10,25,40,10,0,2,1.132251,369,0.847198497,1.17145915,-0.995066658,5.004933342,63,1,0.0357392,1,2,25,40,10,10,PAV068
6,1,24,1,113.553421,82.53543333,24,1,6,1,24,1,5,15,50,7.5,10,100,10,-2.5,2,1.276976,384,0.975125644,0.852691977,2.180800626,6.580800626,45,1,0.0378518,1,1,15,50,7.5,0,PAV068
6,1,25,1,117.752268,85.52843333,25,0,6,1,25,1,5,10,100,10,30,60,18,-8,2,1.5613276,394,0.523986316,1.175596578,2.778784305,8.778784305,63,1,0.0433091,1,2,30,60,18,10,PAV068
6,1,26,1,122.102509,88.72413333,26,1,6,1,26,1,5,25,60,15,10,100,10,5,2,1.8225374,394,0.710832825,0.834382644,6.181697042,10.38169704,43,0,0.0346246,1,1,25,60,15,10,PAV068
6,1,27,1,126.570708,90.45103333,27,0,6,1,27,1,5,10,100,10,15,70,10.5,-0.5,2,1.5088415,404,0.69161571,1.192728475,1.503613036,7.503613036,65,1,0.0411986,1,2,15,70,10.5,20,PAV068
6,1,28,1,131.052698,93.21013333,28,1,6,1,28,1,5,20,50,10,10,100,10,0,2,1.536356,404,0.986708604,0.725877037,6.188479298,9.988479298,37,0,0.0349064,1,1,20,50,10,0,PAV068
6,1,29,1,135.386117,96.62336667,29,0,6,1,29,1,5,10,100,10,25,70,17.5,-7.5,2,1.7915464,414,0.785147228,0.793743554,1.365171965,5.365171965,41,1,0.0387791,1,2,25,70,17.5,20,PAV068
6,1,30,1,139.852743,98.46123333,30,1,6,1,30,1,5,12,70,8.4,10,100,10,-1.6,2,1.7046182,426,0.739053793,0.641802593,4.616353179,8.016353179,31,1,0.0355162,1,1,12,70,8.4,20,PAV068
6,1,31,1,144.036222,101.5525667,31,0,6,1,31,1,5,25,50,12.5,10,100,10,2.5,1,0.9306744,436,0.613137471,0.910146692,4.510055192,9.110055192,48,1,0.0345207,1,1,25,50,12.5,0,PAV068
6,1,32,1,147.586243,104.4135667,32,0,6,1,32,1,5,20,40,8,10,100,10,-2,1,0.9554394,446,0.987904284,0.974711242,3.253300348,8.253300348,52,1,0.0389029,1,1,20,40,8,10,PAV068
6,1,33,1,151.605742,106.3221,33,0,6,1,33,1,5,10,100,10,25,20,5,5,2,1.2094996,456,0.563153674,0.668060863,7.437816443,10.83781644,34,1,0.0370023,1,2,25,20,5,30,PAV068
6,1,34,1,155.186572,108.8114333,34,0,6,1,34,1,5,20,20,4,10,100,10,-6,1,1.1538935,466,0.669095923,0.524204612,5.014559464,7.814559464,25,1,0.0346772,1,1,20,20,4,30,PAV068
6,1,35,1,158.638203,111.6005667,35,0,6,1,35,1,5,10,100,10,12,40,4.8,5.2,2,1.2907622,476,0.884342702,0.900886383,5.320197156,9.920197156,48,1,0.0403508,1,2,12,40,4.8,10,PAV068
6,1,36,1,162.819759,113.8408667,36,0,6,1,36,1,5,10,100,10,12,20,2.4,7.6,2,1.2300933,486,0.844356761,0.863826076,1.999515187,6.399515187,44,1,0.0368798,1,2,12,20,2.4,30,PAV068
6,1,37,1,166.855139,116.9045,37,1,6,1,37,1,5,10,100,10,12,90,10.8,-0.8,1,1.280683,498,0.990939914,0.563733062,2.393644104,5.393644104,27,1,0.0368676,1,2,12,90,10.8,40,PAV068
6,1,38,1,170.786658,120.4869667,38,0,6,1,38,1,5,30,40,12,10,100,10,2,1,1.2757465,508,0.58429543,0.946681987,4.108113794,8.908113794,50,1,0.0342962,1,1,30,40,12,10,PAV068
6,1,39,1,174.686621,122.7174333,39,1,6,1,39,1,5,30,90,27,10,100,10,17,2,0.9067403,538,0.91098648,0.60812687,2.558296004,5.758296004,30,1,0.034674,1,1,30,90,27,40,PAV068
6,1,40,1,178.203542,125.9836667,40,1,6,1,40,1,5,10,100,10,15,80,12,-2,1,1.6799719,538,0.531017914,0.765555201,6.264591193,10.26459119,39,0,0.0423842,1,2,15,80,12,30,PAV068
6,1,41,1,182.269934,129.2488667,41,0,6,1,41,1,5,10,100,10,12,50,6,4,2,0.9504433,548,0.63274603,0.683614058,6.327708624,9.927708624,34,1,0.0346804,1,2,12,50,6,0,PAV068
6,1,42,1,185.636888,131.5008,42,0,6,1,42,1,5,20,50,10,10,100,10,0,1,1.2464404,558,0.843839389,0.546406192,2.436328462,5.236328462,26,1,0.034115,1,1,20,50,10,0,PAV068
6,1,43,1,189.353418,134.5171,43,1,6,1,43,1,5,25,60,15,10,100,10,5,2,2.1520865,583,0.533502505,0.843260843,1.562599562,5.962599562,44,1,0.0409586,1,1,25,60,15,10,PAV068
6,1,44,1,193.970074,138.3454333,44,0,6,1,44,1,5,10,100,10,30,40,12,-2,2,1.5468435,593,0.972838892,0.657358753,5.217542469,8.617542469,33,1,0.0374764,1,2,30,40,12,10,PAV068
6,1,45,1,198.236833,140.2168667,45,0,6,1,45,1,5,30,50,15,10,100,10,5,1,1.1501162,603,0.908691064,0.987910014,-0.051632581,4.948367419,53,1,0.0346521,1,1,30,50,15,0,PAV068
6,1,46,1,202.370155,143.4189333,46,0,6,1,46,1,5,25,50,12.5,10,100,10,2.5,1,1.1707923,613,0.692627513,0.881893729,2.170274792,6.770274792,46,1,0.0342416,1,1,25,50,12.5,0,PAV068
6,1,47,1,206.203742,146.1320333,47,0,6,1,47,1,5,20,50,10,10,100,10,0,1,1.3853534,623,0.571447747,1.121031157,2.679611132,8.479611132,61,1,0.035091,1,1,20,50,10,0,PAV068
6,1,48,1,210.370653,148.1189,48,1,6,1,48,1,5,15,60,9,10,100,10,-1,2,0.9706969,638,0.61611248,0.914361787,0.951945715,5.551945715,48,1,0.0438162,1,1,15,60,9,10,PAV068
6,1,49,1,213.953732,150.7405333,49,0,6,1,49,1,5,15,20,3,10,100,10,-7,1,1.0973646,648,0.927170703,0.782792378,5.10649725,9.10649725,39,1,0.0367027,1,1,15,20,3,30,PAV068
6,1,50,1,217.838135,153.9914667,50,1,6,1,50,1,5,10,100,10,20,50,10,0,1,1.9062824,648,0.602940224,0.915797902,4.324190103,8.924190103,48,0,0.0370176,1,2,20,50,10,0,PAV068
7,2,1,1,14.469369,2.6192,1,0,7,2,1,1,5,10,100,10,30,40,12,-2,2,1.6281891,10,0.806715174,0.647096769,3.316852831,6.716852831,31,1,0.040132,1,2,30,40,12,10,PAV068
7,2,2,1,18.686087,16.11186667,2,1,7,2,2,1,5,20,50,10,10,100,10,0,2,1.9298164,10,0.695705057,0.744235857,4.722580874,8.522580874,38,0,0.0336859,1,1,20,50,10,0,PAV068
7,2,3,1,23.171129,17.8393,3,1,7,2,3,1,5,10,100,10,25,80,20,-10,1,1.910002,35,0.690922885,1.126535665,1.816254888,7.616254888,61,1,0.0377036,1,2,25,80,20,30,PAV068
7,2,4,1,27.987625,21.42103333,4,1,7,2,4,1,5,15,80,12,10,100,10,2,2,1.1498033,50,0.860353205,0.798080429,4.490578791,8.490578791,42,1,0.0375513,1,1,15,80,12,30,PAV068
7,2,5,1,31.88576,25.0828,5,0,7,2,5,1,5,30,30,9,10,100,10,-1,1,1.0601596,60,0.698505031,0.60359622,3.568185149,6.768185149,30,1,0.0388333,1,1,30,30,9,20,PAV068
7,2,6,1,35.352379,27.2738,6,0,7,2,6,1,5,10,100,10,12,60,7.2,2.8,2,2.4386748,70,0.707629148,0.745325224,5.672358969,9.472358969,37,1,0.0391529,1,2,12,60,7.2,10,PAV068
7,2,7,1,40.336197,29.99103333,7,1,7,2,7,1,5,15,60,9,10,100,10,-1,2,1.4459265,70,0.973216766,0.971901218,4.500809866,9.500809866,52,0,0.035919,1,1,15,60,9,10,PAV068
7,2,8,1,44.822441,32.9503,8,0,7,2,8,1,5,30,20,6,10,100,10,-4,1,0.877941,80,0.597689664,0.65172656,1.648173269,5.048173269,33,1,0.0351634,1,1,30,20,6,30,PAV068
7,2,9,1,48.069821,34.6207,9,0,7,2,9,1,5,10,100,10,20,30,6,4,2,1.3834465,90,0.668251687,1.056515355,0.405512019,5.805512019,57,1,0.0351712,1,2,20,30,6,20,PAV068
7,2,10,1,52.269599,38.59173333,10,0,7,2,10,1,5,12,20,2.4,10,100,10,-7.6,1,1.2806265,100,0.696520533,0.913386758,3.204694006,7.804694006,47,1,0.0377325,1,1,12,20,2.4,30,PAV068
7,2,11,1,56.253176,41.7925,11,1,7,2,11,1,5,12,70,8.4,10,100,10,-1.6,2,1.0568094,112,0.760513126,0.791427764,4.934763318,8.934763318,41,1,0.0343804,1,1,12,70,8.4,20,PAV068
7,2,12,1,59.952484,43.8252,12,0,7,2,12,1,5,25,40,10,10,100,10,0,1,1.3065681,122,0.823361198,0.525951485,2.37318932,5.17318932,25,1,0.0351143,1,1,25,40,10,10,PAV068
7,2,13,1,63.703068,46.40446667,13,0,7,2,13,1,5,10,100,10,25,50,12.5,-2.5,2,1.4517486,132,0.835184882,1.057067859,2.267376464,7.667376464,57,1,0.034721,1,2,25,50,12.5,0,PAV068
7,2,14,1,68.13681,49.45503333,14,0,7,2,14,1,5,10,100,10,15,30,4.5,5.5,2,1.646727,142,0.79159246,0.888474527,4.329629546,8.929629546,47,1,0.0352112,1,2,15,30,4.5,20,PAV068
7,2,15,1,72.570116,51.55276667,15,1,7,2,15,1,5,10,100,10,25,50,12.5,-2.5,1,1.0698858,167,0.740705253,1.140600724,1.263520564,7.063520564,62,1,0.0463985,1,2,25,50,12.5,0,PAV068
7,2,16,1,76.603551,53.57716667,16,0,7,2,16,1,5,30,40,12,10,100,10,2,1,2.0006405,177,0.989251317,1.123292695,3.486359134,9.286359134,61,1,0.0364318,1,1,30,40,12,10,PAV068
7,2,17,1,81.80341,56.2645,17,1,7,2,17,1,5,10,100,10,25,70,17.5,-7.5,1,1.4855539,202,0.700347035,0.533168108,6.131420027,8.931420027,25,1,0.0351712,1,2,25,70,17.5,20,PAV068
7,2,18,1,85.603372,59.1524,18,0,7,2,18,1,5,10,100,10,15,40,6,4,2,1.422788,212,0.914974816,0.595764462,6.124394374,9.124394374,29,1,0.0367265,1,2,15,40,6,10,PAV068
7,2,19,1,89.636699,61.28773333,19,0,7,2,19,1,5,10,100,10,20,20,4,6,2,0.901773,222,0.568309165,0.579817394,2.035643347,5.035643347,28,1,0.0343319,1,2,20,20,4,30,PAV068
7,2,20,1,92.770119,63.7057,20,0,7,2,20,1,5,10,100,10,25,30,7.5,2.5,2,1.2777259,232,0.967569818,0.588398168,6.51703048,9.51703048,29,1,0.0349842,1,2,25,30,7.5,20,PAV068
7,2,21,1,96.703443,67.25196667,21,1,7,2,21,1,5,25,50,12.5,10,100,10,2.5,2,1.572495,257,0.796986721,1.165010756,1.313329856,7.313329856,63,1,0.0403233,1,1,25,50,12.5,0,PAV068
7,2,22,1,101.337055,69.80563333,22,1,7,2,22,1,5,15,50,7.5,10,100,10,-2.5,2,0.9521767,257,0.805441382,0.718752291,6.877592023,10.47759202,37,0,0.0350483,1,1,15,50,7.5,0,PAV068
7,2,23,1,104.903611,72.5728,23,1,7,2,23,1,5,12,50,6,10,100,10,-4,2,1.5504417,257,0.680703999,1.061077009,3.214792875,8.614792875,57,0,0.036547,1,1,12,50,6,0,PAV068
7,2,24,1,109.286727,75.8206,24,1,7,2,24,1,5,20,50,10,10,100,10,0,2,0.8606415,257,0.794441207,1.070538355,4.834316093,10.23431609,57,0,0.0351079,1,1,20,50,10,0,PAV068
7,2,25,1,113.12151,78.624,25,0,7,2,25,1,5,10,100,10,30,60,18,-8,2,1.8137186,267,0.593879504,0.669291144,2.875189299,6.275189299,34,1,0.0360592,1,2,30,60,18,10,PAV068
7,2,26,1,117.287231,81.80376667,26,1,7,2,26,1,5,12,90,10.8,10,100,10,0.8,2,1.1955904,279,0.653900629,0.942858279,2.761286752,7.561286752,50,1,0.03512,1,1,12,90,10.8,40,PAV068
7,2,27,1,121.170733,84.8538,27,0,7,2,27,1,5,10,100,10,30,50,15,-5,2,1.8139367,289,0.97124752,1.165441025,2.93133643,8.93133643,63,1,0.0362666,1,2,30,50,15,0,PAV068
7,2,28,1,126.204104,87.05866667,28,1,7,2,28,1,5,10,100,10,15,70,10.5,-0.5,1,0.9153476,289,0.507745448,1.127274119,3.958864146,9.758864146,61,0,0.0392568,1,2,15,70,10.5,20,PAV068
7,2,29,1,129.853828,89.63826667,29,0,7,2,29,1,5,10,100,10,25,40,10,0,2,0.8478178,299,0.964366918,1.055981604,0.062180255,5.462180255,57,1,0.0346873,1,2,25,40,10,10,PAV068
7,2,30,1,133.820597,92.1526,30,1,7,2,30,1,5,20,60,12,10,100,10,2,2,1.0793909,299,0.834938929,0.859289609,5.609753819,10.00975382,45,0,0.0382875,1,1,20,60,12,10,PAV068
7,2,31,1,137.687298,94.07066667,31,1,7,2,31,1,5,10,100,10,25,60,15,-5,1,1.5329142,324,0.767066576,0.849833553,2.952991701,7.352991701,44,1,0.0341576,1,2,25,60,15,10,PAV068
7,2,32,1,141.93733,96.7045,32,1,7,2,32,1,5,25,60,15,10,100,10,5,2,1.3463279,349,0.826559558,0.725408861,4.487874502,8.287874502,36,1,0.0405918,1,1,25,60,15,10,PAV068
7,2,33,1,145.921112,100.4861667,33,0,7,2,33,1,5,20,50,10,10,100,10,0,1,1.5286608,359,0.853577896,0.531644759,5.142943528,7.942943528,25,1,0.0353135,1,1,20,50,10,0,PAV068
7,2,34,1,149.921156,102.3069667,34,1,7,2,34,1,5,10,100,10,20,70,14,-4,1,1.4336073,379,0.558741956,1.124390285,-0.137370764,5.662629236,61,1,0.0347577,1,2,20,70,14,20,PAV068
7,2,35,1,154.120957,104.9068,35,1,7,2,35,1,5,20,80,16,10,100,10,6,2,1.2789089,399,0.620778101,0.839242277,4.22275044,8.42275044,44,1,0.0417537,1,1,20,80,16,30,PAV068
7,2,36,1,157.954227,108.5530667,36,0,7,2,36,1,5,20,40,8,10,100,10,-2,1,1.5048973,409,0.921384755,0.901496802,2.156306297,6.756306297,48,1,0.0347588,1,1,20,40,8,10,PAV068
7,2,37,1,162.387838,110.1791333,37,1,7,2,37,1,5,15,90,13.5,10,100,10,3.5,2,1.213506,409,0.879140303,0.956126666,5.750517523,10.55051752,51,0,0.0460185,1,1,15,90,13.5,40,PAV068
7,2,38,1,166.537654,113.1278,38,1,7,2,38,1,5,15,60,9,10,100,10,-1,2,1.5068572,424,0.806502136,0.74065733,2.654695886,6.454695886,38,1,0.0352738,1,1,15,60,9,10,PAV068
7,2,39,1,170.687524,116.6529333,39,0,7,2,39,1,5,10,100,10,15,20,3,7,2,1.4547689,434,0.793403686,0.644114787,6.858991498,10.2589915,32,1,0.0348607,1,2,15,20,3,30,PAV068
7,2,40,1,174.653943,118.5046667,40,0,7,2,40,1,5,10,100,10,12,40,4.8,5.2,2,1.0780764,444,0.72488495,1.013214853,5.17407059,10.37407059,54,1,0.0364585,1,2,12,40,4.8,10,PAV068
7,2,41,1,178.554561,121.1746667,41,1,7,2,41,1,5,10,100,10,30,90,27,-17,1,1.3180706,444,0.84161308,0.704469326,7.149550494,10.74955049,36,0,0.0347172,1,2,30,90,27,40,PAV068
7,2,42,1,182.504892,125.1851667,42,1,7,2,42,1,5,10,100,10,25,90,22.5,-12.5,1,1.1752421,469,0.567205033,1.102784958,4.354687971,9.954687971,60,1,0.044054,1,2,25,90,22.5,40,PAV068
7,2,43,1,186.455922,127.1579667,43,0,7,2,43,1,5,30,70,21,10,100,10,11,1,1.9402458,479,0.650934257,1.111883994,4.553208892,10.15320889,59,1,0.0354405,1,1,30,70,21,20,PAV068
7,2,44,1,191.256295,129.8539667,44,1,7,2,44,1,5,10,100,10,12,80,9.6,0.4,1,1.1989834,479,0.9523171,0.611704357,7.177564106,10.37756411,30,0,0.0348004,1,2,12,80,9.6,30,PAV068
7,2,45,1,195.104688,132.8027,45,0,7,2,45,1,5,12,30,3.6,10,100,10,-6.4,1,1.4478275,489,0.627313032,1.174761397,-0.251664323,5.748335677,64,1,0.0357772,1,1,12,30,3.6,20,PAV068
7,2,46,1,199.438385,134.9219,46,1,7,2,46,1,5,10,100,10,30,80,24,-14,1,1.353537,519,0.700749769,0.748539635,3.461139082,7.261139082,38,1,0.039642,1,2,30,80,24,30,PAV068
7,2,47,1,203.338204,137.6946333,47,0,7,2,47,1,5,20,50,10,10,100,10,0,1,1.9015383,529,0.916934367,0.612304243,4.456413402,7.656413402,30,1,0.0341552,1,1,20,50,10,0,PAV068
7,2,48,1,207.873747,141.1190333,48,0,7,2,48,1,5,10,100,10,25,20,5,5,2,1.4951499,539,0.816372585,0.759272877,2.644626512,6.444626512,39,1,0.0473422,1,2,25,20,5,30,PAV068
7,2,49,1,212.038569,143.324,49,1,7,2,49,1,5,10,100,10,20,90,18,-8,1,1.2365746,559,0.742237075,0.983865153,2.055254241,7.055254241,53,1,0.0436419,1,2,20,90,18,40,PAV068
7,2,50,1,216.105041,145.9240333,50,0,7,2,50,1,5,30,50,15,10,100,10,5,1,1.5394758,569,0.684930325,0.651334232,4.464024983,7.864024983,31,1,0.0396327,1,1,30,50,15,0,PAV068
13,3,1,1,14.302448,2.436866667,1,0,13,3,1,1,5,15,20,3,10,100,10,-7,1,1.204903,10,0.8481663,0.639291977,7.410444035,10.61044403,32,1,0.0446995,1,1,15,20,3,30,PAV068
13,3,2,1,18.118773,15.5155,2,1,13,3,2,1,5,12,70,8.4,10,100,10,-1.6,2,1.5968929,22,0.595403027,0.516676791,3.061916146,5.661916146,25,1,0.0370657,1,1,12,70,8.4,20,PAV068
13,3,3,1,21.935732,17.22046667,3,0,13,3,3,1,5,20,20,4,10,100,10,-6,1,1.1680577,32,0.614756101,1.148244373,4.559208495,10.35920849,62,1,0.0360669,1,1,20,20,4,30,PAV068
13,3,4,1,25.969205,20.28833333,4,0,13,3,4,1,5,10,100,10,25,40,10,0,2,1.3066909,42,0.662808799,0.969270757,2.315468978,7.315468978,52,1,0.0411123,1,2,25,40,10,10,PAV068
13,3,5,1,30.036166,23.10826667,5,0,13,3,5,1,5,10,100,10,30,40,12,-2,2,1.1775536,52,0.615946032,0.523386985,8.118455497,10.9184555,25,1,0.0407149,1,2,30,40,12,10,PAV068
13,3,6,1,33.452308,25.30313333,6,0,13,3,6,1,5,10,100,10,25,40,10,0,2,0.9375376,62,0.798070199,0.577945591,5.449034943,8.449034943,28,1,0.034649,1,2,25,40,10,10,PAV068
13,3,7,1,36.869263,28.30993333,7,0,13,3,7,1,5,15,30,4.5,10,100,10,-5.5,1,1.5383373,72,0.859300507,1.038796131,1.43945714,6.63945714,56,1,0.029197,1,1,15,30,4.5,20,PAV068
13,3,8,1,41.402648,31.21783333,8,0,13,3,8,1,5,10,100,10,20,40,8,2,2,1.5633521,82,0.935091541,0.638931606,5.446631201,8.646631201,32,1,0.0369139,1,2,20,40,8,10,PAV068
13,3,9,1,45.636295,32.80423333,9,0,13,3,9,1,5,10,100,10,12,40,4.8,5.2,2,1.7842307,92,0.824340689,0.776695144,5.249569854,9.249569854,40,1,0.0343584,1,2,12,40,4.8,10,PAV068
13,3,10,1,50.119695,35.01956667,10,1,13,3,10,1,5,10,100,10,25,50,12.5,-2.5,1,1.0231491,117,0.909436911,1.179275869,0.637474135,6.637474135,64,1,0.035039,1,2,25,50,12.5,0,PAV068
13,3,11,1,54.319497,38.40906667,11,1,13,3,11,1,5,10,100,10,20,80,16,-6,1,1.1140846,117,0.786441947,0.637280565,6.813800928,10.01380093,31,0,0.0436444,1,2,20,80,16,30,PAV068
13,3,12,1,57.952829,40.5197,12,1,13,3,12,1,5,15,80,12,10,100,10,2,2,1.2368693,132,0.901027401,1.013047811,0.730795868,5.930795868,54,1,0.0339736,1,1,15,80,12,30,PAV068
13,3,13,1,62.202982,43.65683333,13,1,13,3,13,1,5,25,60,15,10,100,10,5,2,1.4205439,157,0.685458496,0.929413494,0.883676473,5.683676473,49,1,0.0356744,1,1,25,60,15,10,PAV068
13,3,14,1,66.319704,47.4204,14,1,13,3,14,1,5,10,100,10,20,50,10,0,1,1.4864186,177,0.7317344,1.082350551,0.117804662,5.717804662,58,1,0.0345509,1,2,20,50,10,0,PAV068
13,3,15,1,70.702999,49.25276667,15,1,13,3,15,1,5,10,100,10,20,90,18,-8,1,1.6325358,197,0.884849855,1.012299114,2.154404807,7.354404807,54,1,0.0432117,1,2,20,90,18,40,PAV068
13,3,16,1,75.319734,52.3702,16,0,13,3,16,1,5,25,20,5,10,100,10,-5,1,1.351702,207,0.593651652,0.748900737,5.539143345,9.339143345,38,1,0.0380547,1,1,25,20,5,30,PAV068
13,3,17,1,79.103391,55.4345,17,1,13,3,17,1,5,20,60,12,10,100,10,2,2,1.3763545,207,0.609704285,0.512915201,7.685752773,10.28575277,24,0,0.0365794,1,1,20,60,12,10,PAV068
13,3,18,1,82.686692,57.1359,18,0,13,3,18,1,5,25,50,12.5,10,100,10,2.5,1,1.1597625,217,0.93625867,1.04526058,0.18714071,5.58714071,56,1,0.039461,1,1,25,50,12.5,0,PAV068
13,3,19,1,86.920166,60.25333333,19,0,13,3,19,1,5,25,30,7.5,10,100,10,-2.5,1,0.9526489,227,0.548041911,0.644822046,4.840092252,8.240092252,32,1,0.0396025,1,1,25,30,7.5,20,PAV068
13,3,20,1,90.153077,63.62543333,20,1,13,3,20,1,5,12,90,10.8,10,100,10,0.8,2,1.1183998,239,0.804386269,1.071524842,0.473961716,5.873961716,58,1,0.0344539,1,1,12,90,10.8,40,PAV068
13,3,21,1,94.236638,65.60406667,21,1,13,3,21,1,5,10,100,10,15,90,13.5,-3.5,1,1.1092617,254,0.652126302,0.596981995,2.191536244,5.191536244,29,1,0.0477359,1,2,15,90,13.5,40,PAV068
13,3,22,1,97.689706,68.9195,22,1,13,3,22,1,5,10,100,10,25,60,15,-5,1,1.6763155,279,0.799345942,0.806244387,1.407401241,5.607401241,42,1,0.0442522,1,2,25,60,15,10,PAV068
13,3,23,1,102.070092,72.33576667,23,1,13,3,23,1,5,10,100,10,12,80,9.6,0.4,1,1.0837144,291,0.640557279,0.907759348,3.710341853,8.310341853,48,1,0.044041,1,2,12,80,9.6,30,PAV068
13,3,24,1,105.786813,74.41486667,24,1,13,3,24,1,5,10,100,10,30,80,24,-14,1,1.2428198,321,0.836031435,0.621999772,1.861759653,5.061759653,31,1,0.0343684,1,2,30,80,24,30,PAV068
13,3,25,1,109.589096,77.47313333,25,0,13,3,25,1,5,30,40,12,10,100,10,2,1,1.3841842,331,0.995863136,0.99299944,1.099229957,6.099229957,52,1,0.0348773,1,1,30,40,12,10,PAV068
13,3,26,1,114.070126,80.48483333,26,0,13,3,26,1,5,12,30,3.6,10,100,10,-6.4,1,1.074897,341,0.818460792,0.589548546,6.473242317,9.473242317,29,1,0.0350202,1,1,12,30,3.6,20,PAV068
13,3,27,1,117.653907,82.0591,27,1,13,3,27,1,5,20,50,10,10,100,10,0,2,1.4009953,341,0.902807581,0.760816183,6.30782332,10.30782332,39,0,0.0411652,1,1,20,50,10,0,PAV068
13,3,28,1,121.803653,84.9415,28,1,13,3,28,1,5,15,60,9,10,100,10,-1,2,0.9503848,341,0.865368761,0.9524944,5.333087611,10.13308761,51,0,0.0348175,1,1,15,60,9,10,PAV068
13,3,29,1,125.670708,87.87353333,29,0,13,3,29,1,5,20,50,10,10,100,10,0,1,1.0010653,351,0.99591272,1.183501338,0.313992848,6.313992848,64,1,0.0346,1,1,20,50,10,0,PAV068
13,3,30,1,129.95594,89.56983333,30,1,13,3,30,1,5,10,100,10,20,50,10,0,1,1.5552858,351,0.623444349,1.129211093,3.377733862,9.177733862,61,0,0.0405973,1,2,20,50,10,0,PAV068
13,3,31,1,134.354558,92.38643333,31,1,13,3,31,1,5,25,80,20,10,100,10,10,2,1.3843778,376,0.590909387,0.622024354,3.646409031,6.846409031,30,1,0.0441464,1,1,25,80,20,30,PAV068
13,3,32,1,138.037628,95.3455,32,1,13,3,32,1,5,10,100,10,30,90,27,-17,1,1.4006122,406,0.608760609,0.60819667,2.008417804,5.208417804,30,1,0.034742,1,2,30,90,27,40,PAV068
13,3,33,1,141.753894,97.00416667,33,1,13,3,33,1,5,12,50,6,10,100,10,-4,2,2.1829349,418,0.896207854,0.544755262,4.244562444,7.044562444,26,1,0.0344609,1,1,12,50,6,0,PAV068
13,3,34,1,146.470741,100.2296,34,0,13,3,34,1,5,10,100,10,30,20,6,4,2,1.326916,428,0.605372829,0.625091149,4.279903328,7.479903328,31,1,0.041954,1,2,30,20,6,30,PAV068
13,3,35,1,150.120948,103.1534,35,1,13,3,35,1,5,15,60,9,10,100,10,-1,2,1.5112237,443,0.582554755,0.876068761,1.605839701,6.005839701,45,1,0.0361839,1,1,15,60,9,10,PAV068
13,3,36,1,154.188595,105.1203,36,1,13,3,36,1,5,10,100,10,25,90,22.5,-12.5,1,1.1397572,468,0.762473236,0.992573023,0.20508327,5.20508327,53,1,0.0354592,1,2,25,90,22.5,40,PAV068
13,3,37,1,158.189495,107.7024,37,1,13,3,37,1,5,10,100,10,20,70,14,-4,1,1.6693963,468,0.551893538,1.141100271,5.022212678,10.82221268,62,0,0.0345594,1,2,20,70,14,20,PAV068
13,3,38,1,162.654228,110.9765,38,1,13,3,38,1,5,10,100,10,30,70,21,-11,1,1.321934,498,0.9622499,1.092159815,1.305527658,6.905527658,59,1,0.034652,1,2,30,70,21,20,PAV068
13,3,39,1,167.104532,113.0366333,39,0,13,3,39,1,5,15,40,6,10,100,10,-4,1,1.5559515,508,0.584651785,1.009517828,1.620524531,6.820524531,54,1,0.0421152,1,1,15,40,6,10,PAV068
13,3,40,1,171.354252,115.7869,40,1,13,3,40,1,5,25,70,17.5,10,100,10,7.5,2,1.0655733,508,0.930393981,0.800914786,5.296309026,9.496309026,42,0,0.0346936,1,1,25,70,17.5,20,PAV068
13,3,41,1,175.270833,119.0547,41,0,13,3,41,1,5,12,60,7.2,10,100,10,-2.8,1,1.284096,518,0.993680642,1.133537647,2.910606896,8.710606896,62,1,0.0343785,1,1,12,60,7.2,10,PAV068
13,3,42,1,179.771124,120.8693333,42,1,13,3,42,1,5,10,100,10,30,50,15,-5,1,2.1998013,518,0.80611237,0.512072568,5.759285837,8.359285837,24,0,0.0380197,1,2,30,50,15,0,PAV068
13,3,43,1,184.371444,123.7540667,43,0,13,3,43,1,5,30,30,9,10,100,10,-1,1,0.9922432,528,0.658026218,0.644218121,3.033003145,6.433003145,32,1,0.0342004,1,1,30,30,9,20,PAV068
13,3,44,1,187.75453,126.6718,44,1,13,3,44,1,5,10,100,10,30,50,15,-5,1,1.7018176,558,0.566460134,1.051437145,2.031637166,7.431637166,57,1,0.0456016,1,2,30,50,15,0,PAV068
13,3,45,1,192.170954,128.9204333,45,0,13,3,45,1,5,20,30,6,10,100,10,-4,1,1.7622501,568,0.558768835,1.076645902,2.745116397,8.145116397,58,1,0.0351892,1,1,20,30,6,20,PAV068
13,3,46,1,196.65402,132.6930333,46,1,13,3,46,1,5,10,100,10,25,50,12.5,-2.5,1,1.4203449,568,0.922229626,1.172746747,2.645886994,8.645886994,64,0,0.0414843,1,2,25,50,12.5,0,PAV068
13,3,47,1,201.271395,135.7404,47,1,13,3,47,1,5,10,100,10,30,60,18,-8,1,1.2422734,598,0.767735751,0.707973369,3.97219517,7.57219517,36,1,0.035816,1,2,30,60,18,10,PAV068
13,3,48,1,205.088347,137.4201,48,1,13,3,48,1,5,10,100,10,15,70,10.5,-0.5,1,0.9242502,613,0.946036109,0.89850241,1.022391081,5.622391081,47,1,0.0349809,1,2,15,70,10.5,20,PAV068
13,3,49,1,208.956957,140.1033333,49,0,13,3,49,1,5,10,100,10,15,50,7.5,2.5,2,1.9599216,623,0.87812542,0.657287294,3.090753896,6.490753896,33,1,0.0342249,1,2,15,50,7.5,0,PAV068
13,3,50,1,213.538173,143.9358667,50,0,13,3,50,1,5,12,20,2.4,10,100,10,-7.6,1,1.1781584,633,0.603601234,0.603491553,7.040301991,10.24030199,30,1,0.0343181,1,1,12,20,2.4,30,PAV068
17,4,1,1,14.460208,2.576766667,1,0,17,4,1,1,5,10,100,10,20,50,10,0,2,3.329777,10,0.598797432,0.546268227,3.741969962,6.541969962,26,1,0.0348756,1,2,20,50,10,0,PAV068
17,4,2,1,20.043413,17.79423333,2,1,17,4,2,1,5,25,80,20,10,100,10,10,2,1.4310549,10,0.828123311,1.180799528,4.507258047,10.50725805,64,0,0.0385437,1,1,25,80,20,30,PAV068
17,4,3,1,24.593786,19.39626667,3,1,17,4,3,1,5,10,100,10,15,90,13.5,-3.5,1,1.687134,25,0.767249905,1.149050027,2.097685632,7.897685632,62,1,0.0454383,1,2,15,90,13.5,40,PAV068
17,4,4,1,29.293643,22.69823333,4,1,17,4,4,1,5,15,60,9,10,100,10,-1,2,1.4025508,40,0.738104474,1.137602367,1.58252346,7.38252346,62,1,0.0364833,1,1,15,60,9,10,PAV068
17,4,5,1,33.678865,26.28433333,5,0,17,4,5,1,5,30,40,12,10,100,10,2,1,1.244477,50,0.645747795,0.674601995,2.350677575,5.750677575,34,1,0.0363434,1,1,30,40,12,10,PAV068
17,4,6,1,37.362976,28.49393333,6,1,17,4,6,1,5,12,80,9.6,10,100,10,-0.4,2,1.0813635,50,0.654846295,0.642207935,7.325345336,10.72534534,32,0,0.033478,1,1,12,80,9.6,30,PAV068
17,4,7,1,40.826893,31.87916667,7,1,17,4,7,1,5,30,80,24,10,100,10,14,2,1.3088347,80,0.50217675,1.072771428,3.599973303,8.999973303,58,1,0.0419974,1,1,30,80,24,30,PAV068
17,4,8,1,44.827244,34.93786667,8,0,17,4,8,1,5,25,40,10,10,100,10,0,1,1.1545659,90,0.821557953,0.577243182,6.690228251,9.690228251,28,1,0.0397939,1,1,25,40,10,10,PAV068
17,4,9,1,48.477037,36.68013333,9,0,17,4,9,1,5,30,40,12,10,100,10,2,1,0.9939889,100,0.677529161,0.670884958,3.324858552,6.724858552,33,1,0.035901,1,1,30,40,12,10,PAV068
17,4,10,1,51.910185,39.12766667,10,1,17,4,10,1,5,10,100,10,30,50,15,-5,1,1.5207913,100,0.509916312,1.094688584,3.400800303,9.000800303,59,0,0.0350362,1,2,30,50,15,0,PAV068
17,4,11,1,56.127367,42.137,11,0,17,4,11,1,5,30,20,6,10,100,10,-4,1,1.1930642,110,0.788637734,0.673530701,4.181705325,7.581705325,34,1,0.041979,1,1,30,20,6,30,PAV068
17,4,12,1,59.878183,44.2784,12,1,17,4,12,1,5,10,100,10,20,50,10,0,1,1.2972681,110,0.77672691,0.96437265,5.623019543,10.62301954,51,0,0.0355107,1,2,20,50,10,0,PAV068
17,4,13,1,63.993753,46.61676667,13,1,17,4,13,1,5,10,100,10,30,50,15,-5,1,1.3489342,110,0.811392388,1.050177731,4.051571381,9.451571381,57,0,0.0353522,1,2,30,50,15,0,PAV068
17,4,14,1,68.293697,49.47143333,14,1,17,4,14,1,5,30,60,18,10,100,10,8,2,1.3133751,140,0.518937445,0.853895975,0.645377881,5.045377881,45,1,0.0465605,1,1,30,60,18,10,PAV068
17,4,15,1,72.080195,51.21153333,15,0,17,4,15,1,5,20,30,6,10,100,10,-4,1,1.1125087,150,0.677813894,0.936479947,3.292753908,8.092753908,50,1,0.0358356,1,1,20,30,6,20,PAV068
17,4,16,1,75.910707,54.57826667,16,1,17,4,16,1,5,15,70,10.5,10,100,10,0.5,2,0.9123086,150,0.607329996,0.626850312,7.266561302,10.4665613,30,0,0.0317243,1,1,15,70,10.5,20,PAV068
17,4,17,1,79.144056,57.32583333,17,0,17,4,17,1,5,10,100,10,15,40,6,4,2,1.8599877,160,0.64945096,1.061138397,5.255893711,10.65589371,57,1,0.0355651,1,2,15,40,6,10,PAV068
17,4,18,1,83.810771,59.06016667,18,1,17,4,18,1,5,25,70,17.5,10,100,10,7.5,2,1.2345392,160,0.781674858,0.586596201,7.26415988,10.26415988,29,0,0.039172,1,1,25,70,17.5,20,PAV068
17,4,19,1,87.527626,62.17826667,19,1,17,4,19,1,5,10,100,10,30,90,27,-17,1,1.7752244,160,0.896789303,0.824888689,6.400216969,10.60021697,43,0,0.0410755,1,2,30,90,27,40,PAV068
17,4,20,1,92.12848,65.34616667,20,1,17,4,20,1,5,12,90,10.8,10,100,10,0.8,2,1.1940915,172,0.73733015,1.149031274,1.795038321,7.595038321,62,1,0.0344061,1,1,12,90,10.8,40,PAV068
17,4,21,1,96.294276,67.46423333,21,0,17,4,21,1,5,10,100,10,12,40,4.8,5.2,2,1.5213347,182,0.944129078,0.631034112,6.212083493,9.412083493,31,1,0.0343471,1,2,12,40,4.8,10,PAV068
17,4,22,1,100.477788,70.52523333,22,1,17,4,22,1,5,10,100,10,25,50,12.5,-2.5,1,1.1724542,207,0.634491924,1.040036487,0.389000938,5.789000938,56,1,0.0372207,1,2,25,50,12.5,0,PAV068
17,4,23,1,104.427863,73.20633333,23,1,17,4,23,1,5,10,100,10,20,60,12,-2,1,1.012837,207,0.667616737,0.774773525,5.117772792,9.117772792,40,0,0.0353348,1,2,20,60,12,10,PAV068
17,4,24,1,107.980953,75.21383333,24,1,17,4,24,1,5,10,100,10,20,80,16,-6,1,1.2540097,207,0.659315172,1.023800163,5.065260657,10.26526066,55,0,0.0469906,1,2,20,80,16,30,PAV068
17,4,25,1,112.011454,77.49453333,25,0,17,4,25,1,5,12,30,3.6,10,100,10,-6.4,1,1.4082559,217,0.982564261,0.618617052,7.53076938,10.73076938,30,1,0.0345855,1,1,12,30,3.6,20,PAV068
17,4,26,1,116.144716,81.00723333,26,0,17,4,26,1,5,10,100,10,20,40,8,2,2,1.2859937,227,0.926624663,0.771288375,4.093160505,8.093160505,40,1,0.0370334,1,2,20,40,8,10,PAV068
17,4,27,1,120.2115,83.1291,27,0,17,4,27,1,5,30,30,9,10,100,10,-1,1,1.1763541,237,0.854941919,0.649959514,2.242066166,5.642066166,32,1,0.0357519,1,1,30,30,9,20,PAV068
17,4,28,1,123.979954,85.69963333,28,1,17,4,28,1,5,10,100,10,20,90,18,-8,1,1.5301845,237,0.919793174,1.155694321,4.825790637,10.62579064,62,0,0.0451673,1,2,20,90,18,40,PAV068
17,4,29,1,128.678326,89.31713333,29,1,17,4,29,1,5,10,100,10,25,90,22.5,-12.5,1,0.9146484,262,0.770032942,0.815354,3.798151438,7.998151438,42,1,0.0340315,1,2,25,90,22.5,40,PAV068
17,4,30,1,132.26111,91.19753333,30,1,17,4,30,1,5,15,80,12,10,100,10,2,2,1.3669631,277,0.562793284,0.564508584,5.211840976,8.211840976,27,1,0.0370416,1,1,15,80,12,30,PAV068
17,4,31,1,135.861724,94.51153333,31,1,17,4,31,1,5,20,50,10,10,100,10,0,2,1.2292495,297,0.864822507,0.813289417,0.838956154,5.038956154,42,1,0.034904,1,1,20,50,10,0,PAV068
17,4,32,1,139.861785,97.81536667,32,0,17,4,32,1,5,25,30,7.5,10,100,10,-2.5,1,1.0359887,307,0.628802792,0.833282807,1.988057768,6.188057768,43,1,0.0454214,1,1,25,30,7.5,20,PAV068
17,4,33,1,143.428214,99.51046667,33,0,17,4,33,1,5,10,100,10,12,20,2.4,7.6,2,1.2873045,317,0.784063211,0.988415478,4.130420258,9.130420258,52,1,0.0348372,1,2,12,20,2.4,30,PAV068
17,4,34,1,147.57825,102.7469333,34,0,17,4,34,1,5,10,100,10,15,20,3,7,2,1.4758373,327,0.939750251,0.749463944,3.583272349,7.383272349,38,1,0.0350103,1,2,15,20,3,30,PAV068
17,4,35,1,151.827674,105.448,35,0,17,4,35,1,5,25,40,10,10,100,10,0,1,1.5725278,337,0.635239669,1.145194111,5.048991991,10.84899199,62,1,0.0348884,1,1,25,40,10,10,PAV068
17,4,36,1,156.278576,107.2810667,36,1,17,4,36,1,5,10,100,10,20,70,14,-4,1,1.2603154,337,0.980713089,0.670972961,6.553948304,9.953948304,34,0,0.0364639,1,2,20,70,14,20,PAV068
17,4,37,1,160.296295,110.3230667,37,1,17,4,37,1,5,10,100,10,25,50,12.5,-2.5,1,1.0704439,362,0.894259046,0.933009005,2.60285039,7.40285039,49,1,0.0435254,1,2,25,50,12.5,0,PAV068
17,4,38,1,164.261881,113.4194667,38,0,17,4,38,1,5,10,100,10,25,20,5,5,2,0.9745319,372,0.769723719,1.115872735,4.76741143,10.36741143,60,1,0.0351213,1,2,25,20,5,30,PAV068
17,4,39,1,168.211933,115.1107,39,1,17,4,39,1,5,15,50,7.5,10,100,10,-2.5,2,1.2358292,387,0.835716724,0.549362911,4.232568399,7.032568399,25,1,0.0350243,1,1,15,50,7.5,0,PAV068
17,4,40,1,171.912258,118.247,40,1,17,4,40,1,5,10,100,10,25,60,15,-5,1,1.5242984,412,0.710190363,0.977231164,1.603906024,6.603906024,51,1,0.0359995,1,2,25,60,15,10,PAV068
17,4,41,1,176.228712,121.3879667,41,1,17,4,41,1,5,20,50,10,10,100,10,0,2,1.168018,432,0.881132971,0.640062386,1.673844549,5.073844549,32,1,0.034899,1,1,20,50,10,0,PAV068
17,4,42,1,180.03048,123.0939333,42,1,17,4,42,1,5,10,100,10,30,70,21,-11,1,1.2668205,462,0.618884846,0.763891242,2.566828711,6.566828711,38,1,0.0336944,1,2,30,70,21,20,PAV068
17,4,43,1,183.780122,126.7227,43,1,17,4,43,1,5,10,100,10,25,50,12.5,-2.5,1,1.2335508,462,0.849153886,0.992550371,5.05529045,10.05529045,53,0,0.0365414,1,2,25,50,12.5,0,PAV068
17,4,44,1,187.945469,129.5993,44,1,17,4,44,1,5,10,100,10,12,70,8.4,1.6,1,1.3003989,474,0.977899295,0.84499042,1.880475921,6.280475921,44,1,0.0346232,1,2,12,70,8.4,20,PAV068
17,4,45,1,192.145914,131.4619,45,1,17,4,45,1,5,25,60,15,10,100,10,5,2,1.3977105,499,0.733070573,1.021596809,1.482127722,6.682127722,54,1,0.0413227,1,1,25,60,15,10,PAV068
17,4,46,1,196.395499,134.2466,46,1,17,4,46,1,5,12,50,6,10,100,10,-4,2,1.4313017,499,0.730163386,0.902286516,4.264125695,8.864125695,47,0,0.0448812,1,1,12,50,6,0,PAV068
17,4,47,1,200.562595,137.0916,47,1,17,4,47,1,5,15,60,9,10,100,10,-1,2,0.9183486,514,0.588835118,0.831073142,2.496712239,6.696712239,42,1,0.0339262,1,1,15,60,9,10,PAV068
17,4,48,1,203.979015,138.9616667,48,0,17,4,48,1,5,10,100,10,20,20,4,6,2,1.3903008,524,0.625735319,0.60567216,5.389303308,8.589303308,30,1,0.0374684,1,2,20,20,4,30,PAV068
17,4,49,1,207.713535,141.7718667,49,1,17,4,49,1,5,10,100,10,12,60,7.2,2.8,1,1.1060841,536,0.787956175,1.099551883,1.25730503,6.85730503,59,1,0.0366336,1,2,12,60,7.2,10,PAV068
17,4,50,1,211.795175,144.7157333,50,0,17,4,50,1,5,15,30,4.5,10,100,10,-5.5,1,1.4680024,546,0.52132052,0.971175769,4.196133816,9.196133816,51,1,0.0440267,1,1,15,30,4.5,20,PAV068
5,1,1,1,69.562692,2.8864,1,1,5,1,1,1,5,30,70,21,10,100,10,11,2,2.5400155,30,0.970327538,0.708831183,3.627859921,7.227859921,35,1,0.0353656,1,1,30,70,21,20,PAV069
5,1,2,1,74.895797,72.28413333,2,0,5,1,2,1,5,15,40,6,10,100,10,-4,1,1.3246687,40,0.537838424,1.070618007,0.47889856,5.87889856,58,1,0.0387162,1,1,15,40,6,10,PAV069
5,1,3,1,78.932549,74.0569,3,0,5,1,3,1,5,12,70,8.4,10,100,10,-1.6,1,2.1599607,50,0.947215863,0.963997638,2.23475522,7.23475522,51,1,0.035151,1,1,12,70,8.4,20,PAV069
5,1,4,1,84.09619,77.5264,4,0,5,1,4,1,5,25,50,12.5,10,100,10,2.5,1,1.573836,60,0.544243746,1.184032283,2.298377279,8.298377279,65,1,0.0362619,1,1,25,50,12.5,0,PAV069
5,1,5,1,88.529619,81.26703333,5,0,5,1,5,1,5,10,100,10,25,30,7.5,2.5,2,2.0869642,70,0.618620028,0.874570087,6.198638593,10.59863859,46,1,0.0394823,1,2,25,30,7.5,20,PAV069
5,1,6,1,93.21298,83.28643333,6,1,5,1,6,1,5,25,60,15,10,100,10,5,2,1.582727,70,0.795101228,0.97130807,5.200098999,10.200099,52,0,0.0358643,1,1,25,60,15,10,PAV069
5,1,7,1,97.648745,87.08926667,7,0,5,1,7,1,5,25,20,5,10,100,10,-5,1,1.3709679,80,0.751907402,0.537628481,7.372265621,10.17226562,26,1,0.0343047,1,1,25,20,5,30,PAV069
5,1,8,1,101.413369,90.79706667,8,1,5,1,8,1,5,10,100,10,15,60,9,1,1,1.5968545,95,0.971245553,1.035539034,0.86732554,6.06732554,56,1,0.0350651,1,2,15,60,9,10,PAV069
5,1,9,1,106.113093,92.73896667,9,1,5,1,9,1,5,10,100,10,20,80,16,-6,1,1.9416,95,0.599223252,0.616482878,7.422486985,10.62248698,30,0,0.0339946,1,2,20,80,16,30,PAV069
5,1,10,1,110.362978,95.98803333,10,0,5,1,10,1,5,10,100,10,15,50,7.5,2.5,2,1.6830265,105,0.557715286,0.586185679,4.796693112,7.796693112,29,1,0.0388236,1,2,15,50,7.5,0,PAV069
5,1,11,1,114.282769,99.19513333,11,1,5,1,11,1,5,30,80,24,10,100,10,14,2,1.6663929,135,0.794689602,0.628670285,3.973735032,7.173735032,31,1,0.036794,1,1,30,80,24,30,PAV069
5,1,12,1,118.446903,100.8036333,12,0,5,1,12,1,5,10,100,10,12,80,9.6,0.4,2,1.5090004,145,0.812553183,0.697099417,1.35160225,4.95160225,35,1,0.0415468,1,2,12,80,9.6,30,PAV069
5,1,13,1,122.563645,104.2696333,13,0,5,1,13,1,5,10,100,10,12,30,3.6,6.4,2,1.2583874,155,0.741416727,0.914664558,1.489767532,6.089767532,48,1,0.0358514,1,2,12,30,3.6,20,PAV069
5,1,14,1,126.563695,108.2286333,14,0,5,1,14,1,5,20,50,10,10,100,10,0,1,1.322622,165,0.804924765,1.156777414,3.010863645,8.810863645,63,1,0.035166,1,1,20,50,10,0,PAV069
5,1,15,1,130.946773,109.9038,15,0,5,1,15,1,5,20,30,6,10,100,10,-4,1,0.8843572,175,0.511145885,0.877146199,1.502379334,5.902379334,46,1,0.0346875,1,1,20,30,6,20,PAV069
5,1,16,1,134.29685,112.8576333,16,0,5,1,16,1,5,30,50,15,10,100,10,5,1,1.0377027,185,0.766266054,0.8441553,6.101069864,10.50106986,44,1,0.0417989,1,1,30,50,15,0,PAV069
5,1,17,1,138.030259,116.1224667,17,1,5,1,17,1,5,10,100,10,15,80,12,-2,1,1.5749906,200,0.685875667,0.861189481,2.176803783,6.576803783,45,1,0.0344976,1,2,15,80,12,30,PAV069
5,1,18,1,142.249703,117.8047,18,1,5,1,18,1,5,25,80,20,10,100,10,10,2,1.5068426,225,0.719182418,0.876050303,2.652411449,7.052411449,46,1,0.0344972,1,1,25,80,20,30,PAV069
5,1,19,1,146.448944,120.8767667,19,0,5,1,19,1,5,20,40,8,10,100,10,-2,1,0.8696156,235,0.638981126,1.011273202,3.755512519,8.955512519,54,1,0.0371776,1,1,20,40,8,10,PAV069
5,1,20,1,150.063706,123.9958333,20,0,5,1,20,1,5,25,40,10,10,100,10,0,1,1.2540481,245,0.906003605,0.66975157,3.93832389,7.33832389,34,1,0.0337051,1,1,25,40,10,10,PAV069
5,1,21,1,153.997462,125.9703333,21,0,5,1,21,1,5,30,30,9,10,100,10,-1,1,1.3459162,255,0.535375485,1.107538667,3.853943739,9.453943739,60,1,0.0346274,1,1,30,30,9,20,PAV069
5,1,22,1,158.083067,129.2703667,22,0,5,1,22,1,5,10,100,10,15,20,3,7,2,1.1296169,265,0.989249225,0.712144069,6.871159073,10.47115907,36,1,0.034445,1,2,15,20,3,30,PAV069
5,1,23,1,161.997212,132.0058667,23,0,5,1,23,1,5,10,100,10,20,50,10,0,2,0.9931104,275,0.578320055,1.198423741,-0.279299714,5.720700286,65,1,0.0379573,1,2,20,50,10,0,PAV069
5,1,24,1,165.847121,133.9388667,24,0,5,1,24,1,5,10,100,10,12,20,2.4,7.6,2,1.582181,285,0.690627303,0.881883629,6.122935728,10.72293573,46,1,0.0395304,1,2,12,20,2.4,30,PAV069
5,1,25,1,170.080617,136.3938333,25,1,5,1,25,1,5,10,100,10,20,60,12,-2,,,285,0.616693056,1.078314867,,,,,,,2,20,60,12,10,PAV069
5,1,26,1,176.14783,137.4035667,26,0,5,1,26,1,5,10,100,10,20,50,10,0,2,1.5829241,295,0.876216821,0.978086236,4.950023011,9.950023011,52,1,0.0318153,1,2,20,50,10,0,PAV069
5,1,27,1,180.664138,140.6871,27,1,5,1,27,1,5,30,90,27,10,100,10,17,2,1.6104323,325,0.934443972,0.593306432,5.415248233,8.415248233,29,1,0.0373688,1,1,30,90,27,40,PAV069
5,1,28,1,184.899299,143.9354333,28,1,5,1,28,1,5,10,100,10,25,70,17.5,-7.5,1,1.7676969,325,0.53804864,0.656135382,6.807614047,10.20761405,33,0,0.0345755,1,2,25,70,17.5,20,PAV069
5,1,29,1,188.947534,145.8745,29,0,5,1,29,1,5,30,40,12,10,100,10,2,1,1.6633082,335,0.801410601,0.822383447,3.723645851,7.923645851,43,1,0.0347719,1,1,30,40,12,10,PAV069
5,1,30,1,193.332973,148.5560667,30,0,5,1,30,1,5,10,100,10,20,20,4,6,2,1.259001,345,0.558493624,0.743133795,5.050846607,8.850846607,38,1,0.035013,1,2,20,20,4,30,PAV069
5,1,31,1,196.981249,151.4972333,31,0,5,1,31,1,5,25,60,15,10,100,10,5,1,2.3724347,355,0.835064723,1.090969011,3.964525474,9.564525474,59,1,0.0356911,1,1,25,60,15,10,PAV069
5,1,32,1,202.381335,153.2372667,32,1,5,1,32,1,5,10,100,10,25,90,22.5,-12.5,1,2.7156688,380,0.971091363,0.939567145,2.350586149,7.150586149,50,1,0.0425747,1,2,25,90,22.5,40,PAV069
5,1,33,1,208.09751,156.6702333,33,0,5,1,33,1,5,10,100,10,30,20,6,4,2,1.3506971,390,0.787441309,0.717317233,4.581036776,8.181036776,36,1,0.0344887,1,2,30,20,6,30,PAV069
5,1,34,1,212.050672,159.3851333,34,0,5,1,34,1,5,30,60,18,10,100,10,8,1,2.2911595,400,0.556732911,1.193501597,4.150103091,10.15010309,65,1,0.0338676,1,1,30,60,18,10,PAV069
5,1,35,1,217.181264,161.1548667,35,0,5,1,35,1,5,20,50,10,10,100,10,0,1,1.1935615,410,0.522502286,0.800491755,1.856045743,6.056045743,42,1,0.0350471,1,1,20,50,10,0,PAV069
5,1,36,1,220.798048,164.4062333,36,0,5,1,36,1,5,10,100,10,15,30,4.5,5.5,2,1.1894092,420,0.776125581,0.752193836,3.982972635,7.782972635,39,1,0.035087,1,2,15,30,4.5,20,PAV069
5,1,37,1,224.614957,167.6021,37,1,5,1,37,1,5,10,100,10,12,90,10.8,-0.8,1,1.9579455,432,0.692570232,0.589648696,4.088931208,7.088931208,29,1,0.0337202,1,2,12,90,10.8,40,PAV069
5,1,38,1,228.94886,169.5370333,38,1,5,1,38,1,5,10,100,10,15,60,9,1,1,2.6676602,432,0.551820958,0.929504174,4.219778201,9.019778201,49,0,0.0354181,1,2,15,60,9,10,PAV069
5,1,39,1,234.183975,175.6532333,39,0,5,1,39,1,5,12,50,6,10,100,10,-4,1,1.6199623,442,0.880239075,0.774058789,2.969500673,6.969500673,40,1,0.0348903,1,1,12,50,6,0,PAV069
5,1,40,1,238.548185,177.9219333,40,1,5,1,40,1,5,10,100,10,15,70,10.5,-0.5,1,2.659689,457,0.700507829,0.64697931,5.555821038,8.955821038,32,1,0.0356779,1,2,15,70,10.5,20,PAV069
5,1,41,1,243.664965,180.8368333,41,0,5,1,41,1,5,10,100,10,25,50,12.5,-2.5,2,1.0752261,467,0.719034447,0.762670513,1.034832276,5.034832276,39,1,0.0325764,1,2,25,50,12.5,0,PAV069
5,1,42,1,247.317266,184.0872,42,1,5,1,42,1,5,20,70,14,10,100,10,4,2,1.5342353,487,0.537581522,1.189555937,2.889758874,8.889758874,65,1,0.037331,1,1,20,70,14,20,PAV069
5,1,43,1,251.665261,186.8569667,43,1,5,1,43,1,5,10,100,10,20,90,18,-8,1,1.8955723,507,0.72107979,1.149006472,3.988439685,9.788439685,62,1,0.0359446,1,2,20,90,18,40,PAV069
5,1,44,1,256.514612,189.1201333,44,0,5,1,44,1,5,25,50,12.5,10,100,10,2.5,1,1.818618,517,0.966993601,0.969136937,1.760654682,6.760654682,52,1,0.034985,1,1,25,50,12.5,0,PAV069
5,1,45,1,261.365072,192.6519667,45,0,5,1,45,1,5,30,50,15,10,100,10,5,1,0.8501764,527,0.552661905,0.792721796,1.077764162,5.077764162,41,1,0.0439069,1,1,30,50,15,0,PAV069
5,1,46,1,264.650266,194.7877,46,0,5,1,46,1,5,10,100,10,12,60,7.2,2.8,2,1.7762782,537,0.989628365,1.10399535,-0.550304637,5.049695363,60,1,0.0336904,1,2,12,60,7.2,10,PAV069
5,1,47,1,269.615,197.1549333,47,1,5,1,47,1,5,15,90,13.5,10,100,10,3.5,2,2.6154332,552,0.909029867,0.811256939,4.596323962,8.796323962,42,1,0.0345369,1,1,15,90,13.5,40,PAV069
5,1,48,1,275.034603,201.6692,48,0,5,1,48,1,5,10,100,10,25,40,10,0,2,1.7103461,562,0.732507676,1.123295083,2.624762761,8.424762761,61,1,0.0346421,1,2,25,40,10,10,PAV069
5,1,49,1,279.698962,205.2887667,49,0,5,1,49,1,5,10,100,10,30,40,12,-2,2,2.2982672,572,0.517308619,0.823180293,1.114577595,5.314577595,43,1,0.0351776,1,2,30,40,12,10,PAV069
5,1,50,1,284.432073,208.2694333,50,0,5,1,50,1,5,12,40,4.8,10,100,10,-5.2,1,2.0298838,582,0.581444237,1.093325111,2.650273048,8.250273048,59,1,0.0354854,1,1,12,40,4.8,10,PAV069
6,2,1,1,14.335505,2.486366667,1,1,6,2,1,1,5,10,100,10,20,80,16,-6,1,2.7172697,20,0.983603186,1.144220658,0.709281844,6.509281844,61,1,0.0540485,1,2,20,80,16,30,PAV069
6,2,2,1,20.318278,17.0596,2,0,6,2,2,1,5,20,50,10,10,100,10,0,1,1.4043092,30,0.509711732,0.777313135,3.664928522,7.664928522,40,1,0.0350764,1,1,20,50,10,0,PAV069
6,2,3,1,24.084719,19.30413333,3,0,6,2,3,1,5,25,20,5,10,100,10,-5,1,1.2591371,40,0.661999892,0.925125017,5.730524403,10.5305244,49,1,0.0357832,1,1,25,20,5,30,PAV069
6,2,4,1,28.038049,22.54313333,4,0,6,2,4,1,5,10,100,10,30,20,6,4,2,1.1194805,50,0.953537936,1.188520857,4.670177556,10.67017756,65,1,0.0332963,1,2,30,20,6,30,PAV069
6,2,5,1,32.402353,25.3458,5,1,6,2,5,1,5,30,70,21,10,100,10,11,2,2.4369505,80,0.94474549,0.763429878,2.015893063,6.015893063,39,1,0.038022,1,1,30,70,21,20,PAV069
6,2,6,1,37.635552,27.33693333,6,0,6,2,6,1,5,10,100,10,30,40,12,-2,2,1.2453528,90,0.885578806,0.617656471,4.101375503,7.301375503,31,1,0.0354724,1,2,30,40,12,10,PAV069
6,2,7,1,41.485427,30.404,7,0,6,2,7,1,5,10,100,10,25,50,12.5,-2.5,2,0.9285585,100,0.885997106,0.714563399,2.279849462,5.879849462,36,1,0.0346519,1,2,25,50,12.5,0,PAV069
6,2,8,1,45.102418,34.84183333,8,1,6,2,8,1,5,25,90,22.5,10,100,10,12.5,2,1.4995283,125,0.567078532,1.127963036,-0.030088462,5.769911538,61,1,0.0379138,1,1,25,90,22.5,40,PAV069
6,2,9,1,49.387427,36.65666667,9,0,6,2,9,1,5,30,40,12,10,100,10,2,1,1.033525,135,0.817592244,1.000183205,1.782593294,6.982593294,54,1,0.0351126,1,1,30,40,12,10,PAV069
6,2,10,1,53.33588,39.55456667,10,1,6,2,10,1,5,25,80,20,10,100,10,10,2,2.1626223,135,0.650381519,0.702129576,6.758786075,10.35878608,36,0,0.0345288,1,1,25,80,20,30,PAV069
6,2,11,1,57.952314,42.41476667,11,0,6,2,11,1,5,15,60,9,10,100,10,-1,1,1.4197746,145,0.943013564,0.960618257,3.415638472,8.415638472,51,1,0.0392499,1,1,15,60,9,10,PAV069
6,2,12,1,62.352662,44.18776667,12,0,6,2,12,1,5,10,100,10,20,70,14,-4,2,1.3986136,155,0.661823302,0.537982245,5.384516223,8.184516223,26,1,0.0357317,1,2,20,70,14,20,PAV069
6,2,13,1,66.035878,47.7733,13,0,6,2,13,1,5,30,30,9,10,100,10,-1,1,1.5483333,165,0.651336745,0.976968321,2.717406683,7.717406683,51,1,0.0340511,1,1,30,30,9,20,PAV069
6,2,14,1,70.302583,50.42176667,14,0,6,2,14,1,5,10,100,10,15,70,10.5,-0.5,2,1.7437649,175,0.953912427,0.818659505,3.440044393,7.640044393,43,1,0.0344698,1,2,15,70,10.5,20,PAV069
6,2,15,1,74.921275,52.48696667,15,0,6,2,15,1,5,10,100,10,20,50,10,0,2,1.2329943,185,0.952423805,0.679613591,3.867003825,7.267003825,34,1,0.0347741,1,2,20,50,10,0,PAV069
6,2,16,1,78.869339,56.2535,16,0,6,2,16,1,5,15,40,6,10,100,10,-4,1,2.0963271,195,0.693129015,0.651760585,7.117028386,10.51702839,33,1,0.034536,1,1,15,40,6,10,PAV069
6,2,17,1,83.402894,59.37296667,17,0,6,2,17,1,5,25,60,15,10,100,10,5,1,2.2837285,205,0.59893827,1.037229761,-0.083383008,5.116616992,55,1,0.0350572,1,1,25,60,15,10,PAV069
6,2,18,1,88.419844,61.38623333,18,1,6,2,18,1,5,25,70,17.5,10,100,10,7.5,2,2.4577683,230,0.983999209,0.771285026,2.665517724,6.665517724,40,1,0.0439106,1,1,25,70,17.5,20,PAV069
6,2,19,1,93.736111,64.33703333,19,1,6,2,19,1,5,30,90,27,10,100,10,17,2,1.7362851,260,0.529838595,0.629781499,3.579787147,6.779787147,31,1,0.033972,1,1,30,90,27,40,PAV069
6,2,20,1,97.719621,67.58856667,20,1,6,2,20,1,5,10,100,10,12,90,10.8,-0.8,1,1.7884831,272,0.996372902,0.848069477,3.752669179,8.152669179,44,1,0.0339456,1,2,12,90,10.8,40,PAV069
6,2,21,1,102.453788,69.6244,21,0,6,2,21,1,5,10,100,10,12,30,3.6,6.4,2,2.8257658,282,0.981541361,1.120419906,4.329827121,10.12982712,61,1,0.0343087,1,2,12,30,3.6,20,PAV069
6,2,22,1,108.489345,72.92,22,0,6,2,22,1,5,15,50,7.5,10,100,10,-2.5,1,1.4748828,292,0.973151541,0.711017655,4.686168648,8.286168648,36,1,0.0352943,1,1,15,50,7.5,0,PAV069
6,2,23,1,112.736645,76.15526667,23,1,6,2,23,1,5,30,80,24,10,100,10,14,2,1.6733595,322,0.778632069,1.113276974,3.842923896,9.442923896,60,1,0.0370575,1,1,30,80,24,30,PAV069
6,2,24,1,117.386715,77.8914,24,0,6,2,24,1,5,10,100,10,20,20,4,6,2,1.1880038,332,0.808130799,0.774660734,4.820337767,8.820337767,40,1,0.0341576,1,2,20,20,4,30,PAV069
6,2,25,1,121.252894,80.9875,25,0,6,2,25,1,5,10,100,10,25,50,12.5,-2.5,2,1.1359187,342,0.642908338,0.736022327,4.040021606,7.840021606,38,1,0.0375013,1,2,25,50,12.5,0,PAV069
6,2,26,1,124.853258,83.40233333,26,0,6,2,26,1,5,10,100,10,20,50,10,0,2,0.8649354,352,0.617751643,0.613813685,5.319679583,8.519679583,30,1,0.0344357,1,2,20,50,10,0,PAV069
6,2,27,1,128.036928,87.7685,27,1,6,2,27,1,5,10,100,10,15,90,13.5,-3.5,1,1.5984579,367,0.693587723,1.194421795,4.059439401,10.0594394,65,1,0.0349276,1,2,15,90,13.5,40,PAV069
6,2,28,1,132.60325,90.90453333,28,0,6,2,28,1,5,15,20,3,10,100,10,-7,1,1.2440796,377,0.964790544,0.949956501,0.18757535,4.98757535,50,1,0.0360204,1,1,15,20,3,30,PAV069
6,2,29,1,136.852872,93.7366,29,1,6,2,29,1,5,12,70,8.4,10,100,10,-1.6,2,2.4817737,389,0.572020515,0.869994698,3.408848458,7.808848458,45,1,0.0370808,1,1,12,70,8.4,20,PAV069
6,2,30,1,141.870421,97.1346,30,1,6,2,30,1,5,10,100,10,20,90,18,-8,1,1.1222203,409,0.825293871,0.57151554,3.397799044,6.397799044,28,1,0.0349424,1,2,20,90,18,40,PAV069
6,2,31,1,145.487035,99.54096667,31,0,6,2,31,1,5,10,100,10,20,60,12,-2,2,1.6175326,419,0.82323204,0.793719898,5.298667745,9.298667745,41,1,0.0434984,1,2,20,60,12,10,PAV069
6,2,32,1,149.803799,102.4549667,32,0,6,2,32,1,5,20,50,10,10,100,10,0,1,1.474,429,0.805339193,0.860821833,4.378020095,8.778020095,45,1,0.0394381,1,1,20,50,10,0,PAV069
6,2,33,1,154.039049,107.4511333,33,0,6,2,33,1,5,30,50,15,10,100,10,5,1,0.8653368,439,0.749668348,0.695055946,4.182508948,7.782508948,35,1,0.0401278,1,1,30,50,15,0,PAV069
6,2,34,1,157.436933,109.9872667,34,0,6,2,34,1,5,30,60,18,10,100,10,8,1,1.3336176,449,0.748718136,0.567899052,4.103635485,7.103635485,28,1,0.0352166,1,1,30,60,18,10,PAV069
6,2,35,1,161.187049,112.7373667,35,0,6,2,35,1,5,20,30,6,10,100,10,-4,1,0.9769978,459,0.889152885,0.761862224,4.677113533,8.677113533,39,1,0.0367446,1,1,20,30,6,20,PAV069
6,2,36,1,164.903968,116.5700333,36,1,6,2,36,1,5,10,100,10,15,80,12,-2,1,1.934576,474,0.62137544,0.937221986,4.433131509,9.233131509,50,1,0.0344824,1,2,15,80,12,30,PAV069
6,2,37,1,169.48716,118.6043667,37,0,6,2,37,1,5,12,40,4.8,10,100,10,-5.2,1,1.1929017,484,0.901187285,0.807715998,4.68558933,8.88558933,42,1,0.0350171,1,1,12,40,4.8,10,PAV069
6,2,38,1,173.487383,121.2542333,38,0,6,2,38,1,5,10,100,10,25,30,7.5,2.5,2,1.3227094,494,0.769335965,0.803839608,5.324963131,9.524963131,42,1,0.0346879,1,2,25,30,7.5,20,PAV069
6,2,39,1,177.470529,124.1687333,39,0,6,2,39,1,5,12,60,7.2,10,100,10,-2.8,1,1.9740128,504,0.88208487,0.874263027,4.574220186,8.974220186,46,1,0.038571,1,1,12,60,7.2,10,PAV069
6,2,40,1,182.306096,125.7379,40,0,6,2,40,1,5,10,100,10,15,30,4.5,5.5,2,1.0083238,514,0.523168458,1.101984581,3.058504984,8.658504984,60,1,0.0353855,1,2,15,30,4.5,20,PAV069
6,2,41,1,186.037392,128.0377333,41,0,6,2,41,1,5,10,100,10,25,40,10,0,2,2.6943195,524,0.674477686,1.047030814,4.940145311,10.34014531,56,1,0.0418432,1,2,25,40,10,10,PAV069
6,2,42,1,191.537544,131.8683333,42,0,6,2,42,1,5,30,50,15,10,100,10,5,1,1.6691625,534,0.834417953,1.140073618,-0.146049187,5.653950813,62,1,0.0345277,1,1,30,50,15,0,PAV069
6,2,43,1,196.271151,133.8692333,43,0,6,2,43,1,5,10,100,10,12,50,6,4,2,1.7666762,544,0.627330425,0.672917507,6.384238665,9.784238665,34,1,0.034381,1,2,12,50,6,0,PAV069
6,2,44,1,200.421197,136.8522,44,0,6,2,44,1,5,10,100,10,25,40,10,0,2,1.8691057,554,0.943400732,1.076202788,-0.329597049,5.070402951,58,1,0.0344349,1,2,25,40,10,10,PAV069
6,2,45,1,205.387846,140.2719333,45,1,6,2,45,1,5,10,100,10,15,60,9,1,1,4.1664929,554,0.850921714,0.563138584,5.966348007,8.966348007,27,0,0.0346461,1,2,15,60,9,10,PAV069
6,2,46,1,212.05572,143.001,46,1,6,2,46,1,5,10,100,10,12,80,9.6,0.4,1,1.70582,554,0.518997908,0.504869107,7.499536846,10.09953685,24,0,0.0376951,1,2,12,80,9.6,30,PAV069
6,2,47,1,215.887722,144.6359333,47,0,6,2,47,1,5,10,100,10,25,60,15,-5,2,1.4599341,564,0.840127903,0.796531802,6.359629707,10.35962971,41,1,0.034303,1,2,25,60,15,10,PAV069
6,2,48,1,220.07109,147.9452667,48,0,6,2,48,1,5,20,40,8,10,100,10,-2,1,1.1163268,574,0.577226475,1.073829923,0.96358417,6.36358417,58,1,0.0347321,1,1,20,40,8,10,PAV069
6,2,49,1,223.920899,151.2776333,49,0,6,2,49,1,5,10,100,10,12,20,2.4,7.6,2,1.0694229,584,0.873289171,0.893881857,1.72449115,6.32449115,47,1,0.0340262,1,2,12,20,2.4,30,PAV069
6,2,50,1,227.838144,153.2029667,50,0,6,2,50,1,5,25,50,12.5,10,100,10,2.5,1,0.8751085,594,0.765862777,0.817747086,5.359341463,9.559341463,43,1,0.0339945,1,1,25,50,12.5,0,PAV069
18,3,1,1,14.572986,2.6768,1,0,18,3,1,1,5,30,20,6,10,100,10,-4,1,1.6853042,10,0.569502774,0.845449949,6.052379729,10.45237973,44,1,0.0385875,1,1,30,20,6,30,PAV069
18,3,2,1,18.790009,16.26273333,2,1,18,3,2,1,5,10,100,10,25,90,22.5,-12.5,1,1.5475969,35,0.619512577,0.698872894,4.541603803,8.141603803,35,1,0.0345197,1,2,25,90,22.5,40,PAV069
18,3,3,1,22.773175,18.1765,3,0,18,3,3,1,5,15,60,9,10,100,10,-1,1,1.5761244,45,0.935047403,0.715595668,3.469528648,7.069528648,36,1,0.0351401,1,1,15,60,9,10,PAV069
18,3,4,1,27.089259,21.09156667,4,0,18,3,4,1,5,10,100,10,25,40,10,0,2,1.2996281,55,0.933954958,0.67419301,5.192099536,8.592099536,33,1,0.0416753,1,2,25,40,10,10,PAV069
18,3,5,1,31.140161,24.3539,5,0,18,3,5,1,5,25,30,7.5,10,100,10,-2.5,1,1.0652794,65,0.613826141,0.632024361,3.927604349,7.127604349,31,1,0.0394525,1,1,25,30,7.5,20,PAV069
18,3,6,1,34.573479,26.1258,6,0,18,3,6,1,5,12,20,2.4,10,100,10,-7.6,1,0.9565779,75,0.546119639,0.710366226,4.868046951,8.468046951,36,1,0.0356859,1,1,12,20,2.4,30,PAV069
18,3,7,1,37.890009,29.11483333,7,1,18,3,7,1,5,12,60,7.2,10,100,10,-2.8,2,1.001589,87,0.730359772,0.899547581,1.755567658,6.355567658,47,1,0.0347658,1,1,12,60,7.2,10,PAV069
18,3,8,1,41.606676,32.20946667,8,1,18,3,8,1,5,10,100,10,30,70,21,-11,1,0.9343186,117,0.988386722,1.070257905,2.395768733,7.795768733,58,1,0.0342263,1,2,30,70,21,20,PAV069
18,3,9,1,45.706452,33.9261,9,1,18,3,9,1,5,10,100,10,15,80,12,-2,1,0.7549465,132,0.89034411,0.99719384,1.96902308,6.96902308,53,1,0.0345695,1,2,15,80,12,30,PAV069
18,3,10,1,49.42376,36.2921,10,1,18,3,10,1,5,25,70,17.5,10,100,10,7.5,2,0.9893116,157,0.782514148,0.926969489,1.094075186,5.894075186,49,1,0.0347821,1,1,25,70,17.5,20,PAV069
18,3,11,1,53.206576,38.89623333,11,1,18,3,11,1,5,20,90,18,10,100,10,8,2,0.9690609,177,0.973541771,0.743936014,6.128581106,9.928581106,37,1,0.0350647,1,1,20,90,18,40,PAV069
18,3,12,1,56.990503,40.851,12,1,18,3,12,1,5,30,90,27,10,100,10,17,2,0.6140033,207,0.627383807,0.73978475,1.738881934,5.538881934,38,1,0.0358177,1,1,30,90,27,40,PAV069
18,3,13,1,60.056925,43.6738,13,0,18,3,13,1,5,20,40,8,10,100,10,-2,1,0.9429749,217,0.780371847,1.120435945,1.70976619,7.50976619,61,1,0.0362379,1,1,20,40,8,10,PAV069
18,3,14,1,64.006985,46.46333333,14,1,18,3,14,1,5,10,100,10,12,80,9.6,0.4,1,1.271453,229,0.638697201,1.057896439,2.221354871,7.621354871,57,1,0.0432843,1,2,12,80,9.6,30,PAV069
18,3,15,1,68.058486,48.5074,15,1,18,3,15,1,5,10,100,10,20,60,12,-2,1,1.1077879,249,0.860560253,0.890194457,3.386666391,7.986666391,46,1,0.0323522,1,2,20,60,12,10,PAV069
18,3,16,1,72.007102,51.37586667,16,0,18,3,16,1,5,10,100,10,12,30,3.6,6.4,2,0.9450414,259,0.898464264,0.577042833,7.868675886,10.86867589,27,1,0.0428602,1,2,12,30,3.6,20,PAV069
18,3,17,1,75.524053,54.183,17,0,18,3,17,1,5,10,100,10,20,50,10,0,2,1.021712,269,0.547295725,0.756151684,3.102793097,6.902793097,39,1,0.0350291,1,2,20,50,10,0,PAV069
18,3,18,1,78.957462,55.99676667,18,0,18,3,18,1,5,10,100,10,15,30,4.5,5.5,2,0.9501654,279,0.810640347,1.080751111,5.091250714,10.69125071,58,1,0.0385866,1,2,15,30,4.5,20,PAV069
18,3,19,1,82.873979,58.39293333,19,1,18,3,19,1,5,20,80,16,10,100,10,6,2,1.072235,279,0.789155355,0.714368764,6.94767385,10.54767385,35,0,0.0368097,1,1,20,80,16,30,PAV069
18,3,20,1,86.540862,61.00163333,20,0,18,3,20,1,5,20,20,4,10,100,10,-6,1,1.2059641,289,0.534885552,0.747383494,6.192017971,9.992017971,38,1,0.0343633,1,1,20,20,4,30,PAV069
18,3,21,1,90.126151,63.19766667,21,0,18,3,21,1,5,10,100,10,30,30,9,1,2,0.8745154,299,0.851272233,0.509907323,5.058360013,7.658360013,24,1,0.0349307,1,2,30,30,9,20,PAV069
18,3,22,1,93.457388,66.3835,22,0,18,3,22,1,5,10,100,10,15,40,6,4,2,0.6506774,309,0.678996617,0.551728507,5.273239949,8.073239949,27,1,0.0328931,1,2,15,40,6,10,PAV069
18,3,23,1,96.44106,69.16766667,23,1,18,3,23,1,5,10,100,10,20,70,14,-4,1,0.7719855,329,0.978824384,0.622730389,2.935189708,6.135189708,31,1,0.039863,1,2,20,70,14,20,PAV069
18,3,24,1,99.89163,71.1246,24,0,18,3,24,1,5,25,40,10,10,100,10,0,1,1.0167662,339,0.857076259,0.725013874,1.427820854,5.227820854,37,1,0.0286349,1,1,25,40,10,10,PAV069
18,3,25,1,103.574422,73.58336667,25,0,18,3,25,1,5,10,100,10,12,50,6,4,2,0.7291813,349,0.83313315,1.044627461,1.691836565,7.091836565,56,1,0.0339332,1,2,12,50,6,0,PAV069
18,3,26,1,107.274531,76.55236667,26,0,18,3,26,1,5,10,100,10,25,50,12.5,-2.5,2,1.0245151,359,0.624574055,0.867227555,5.904286956,10.30428696,46,1,0.0341234,1,2,25,50,12.5,0,PAV069
18,3,27,1,110.891142,78.37726667,27,0,18,3,27,1,5,10,100,10,30,50,15,-5,2,0.7249647,369,0.774371774,1.11144337,3.769576015,9.369576015,60,1,0.0338772,1,2,30,50,15,0,PAV069
18,3,28,1,114.591221,81.02906667,28,1,18,3,28,1,5,15,60,9,10,100,10,-1,2,1.160312,384,0.721691073,0.932971796,2.725427153,7.525427153,49,1,0.0348643,1,1,15,60,9,10,PAV069
18,3,29,1,118.491303,83.94726667,29,0,18,3,29,1,5,15,20,3,10,100,10,-7,1,0.8157807,394,0.538694589,1.139735965,4.146703386,9.946703386,62,1,0.0353264,1,1,15,20,3,30,PAV069
18,3,30,1,122.076345,85.7236,30,0,18,3,30,1,5,20,50,10,10,100,10,0,1,0.8338356,404,0.876221023,0.841257336,5.731952113,10.13195211,44,1,0.0342021,1,1,20,50,10,0,PAV069
18,3,31,1,125.708066,88.54046667,31,1,18,3,31,1,5,15,70,10.5,10,100,10,0.5,2,0.6373939,419,0.503334874,1.123394585,-0.225887255,5.574112745,61,1,0.0346045,1,1,15,70,10.5,20,PAV069
18,3,32,1,129.061175,91.0026,32,0,18,3,32,1,5,10,100,10,20,50,10,0,2,0.9387507,429,0.651230548,1.159030548,4.977171906,10.77717191,63,1,0.0342581,1,2,20,50,10,0,PAV069
18,3,33,1,132.908117,92.58273333,33,1,18,3,33,1,5,10,100,10,15,90,13.5,-3.5,1,0.748222,444,0.738683867,0.717650913,3.082671061,6.682671061,37,1,0.0343188,1,2,15,90,13.5,40,PAV069
18,3,34,1,136.208085,94.70863333,34,0,18,3,34,1,5,10,100,10,25,50,12.5,-2.5,2,1.0496445,454,0.537159995,1.048149168,4.751292388,10.15129239,55,1,0.0341016,1,2,25,50,12.5,0,PAV069
18,3,35,1,139.924878,97.21296667,35,0,18,3,35,1,5,30,40,12,10,100,10,2,1,1.0811025,464,0.823394327,0.678104013,4.216960148,7.616960148,34,1,0.0341801,1,1,30,40,12,10,PAV069
18,3,36,1,143.591583,98.89073333,36,0,18,3,36,1,5,30,40,12,10,100,10,2,1,1.2458725,474,0.720628345,0.815165826,4.751596029,8.951596029,43,1,0.0346159,1,1,30,40,12,10,PAV069
18,3,37,1,147.475425,101.6742,37,1,18,3,37,1,5,10,100,10,12,70,8.4,1.6,1,1.3518435,486,0.738904818,0.995525077,2.99321728,7.99321728,52,1,0.0345039,1,2,12,70,8.4,20,PAV069
18,3,38,1,151.641469,104.3111,38,0,18,3,38,1,5,10,100,10,30,60,18,-8,2,0.5369476,496,0.556324563,0.568303192,7.541812531,10.54181253,28,1,0.0351498,1,2,30,60,18,10,PAV069
18,3,39,1,154.393335,106.4077,39,1,18,3,39,1,5,10,100,10,30,80,24,-14,1,0.7984874,496,0.505042798,0.661496783,7.111029286,10.51102929,32,0,0.0344209,1,2,30,80,24,30,PAV069
18,3,40,1,157.441505,109.2236,40,0,18,3,40,1,5,25,50,12.5,10,100,10,2.5,1,1.0731629,506,0.548664314,0.612607539,1.776152284,4.976152284,30,1,0.0336278,1,1,25,50,12.5,0,PAV069
18,3,41,1,160.774644,111.6168667,41,0,18,3,41,1,5,25,20,5,10,100,10,-5,1,0.9168715,516,0.796022725,1.13158815,4.746252947,10.54625295,61,1,0.034857,1,1,25,20,5,30,PAV069
18,3,42,1,164.708241,113.8007333,42,0,18,3,42,1,5,10,100,10,30,50,15,-5,2,1.0258252,526,0.783537781,0.879762986,1.726233603,6.126233603,46,1,0.0348467,1,2,30,50,15,0,PAV069
18,3,43,1,168.491649,116.7246,43,1,18,3,43,1,5,12,90,10.8,10,100,10,0.8,2,1.0922551,538,0.995924284,1.023564284,3.24216732,8.44216732,55,1,0.0409578,1,1,12,90,10.8,40,PAV069
18,3,44,1,172.708366,119.3117333,44,0,18,3,44,1,5,10,100,10,20,50,10,0,2,1.0882265,548,0.65473278,0.528743437,4.727496695,7.527496695,25,1,0.0407307,1,2,20,50,10,0,PAV069
18,3,45,1,176.075338,121.5079667,45,1,18,3,45,1,5,25,80,20,10,100,10,10,2,0.9669566,573,0.610590012,0.848567284,1.977356136,6.377356136,44,1,0.0375047,1,1,25,80,20,30,PAV069
18,3,46,1,179.575289,123.7920667,46,0,18,3,46,1,5,10,100,10,20,30,6,4,2,0.9612714,583,0.751399377,0.594392329,3.345452184,6.345452184,29,1,0.0354361,1,2,20,30,6,20,PAV069
18,3,47,1,182.977912,126.3454,47,0,18,3,47,1,5,15,50,7.5,10,100,10,-2.5,1,0.9153557,593,0.897253181,0.703475374,2.459449086,6.059449086,36,1,0.0342833,1,1,15,50,7.5,0,PAV069
18,3,48,1,186.592104,128.5245333,48,1,18,3,48,1,5,25,60,15,10,100,10,5,2,0.914247,618,0.558417769,0.705238786,4.204615144,7.804615144,36,1,0.0347395,1,1,25,60,15,10,PAV069
18,3,49,1,189.858864,131.2079667,49,0,18,3,49,1,5,10,100,10,12,40,4.8,5.2,2,1.1100015,628,0.751945694,1.174200541,4.87963942,10.87963942,64,1,0.0347157,1,2,12,40,4.8,10,PAV069
18,3,50,1,193.994084,133.6575,50,1,18,3,50,1,5,25,60,15,10,100,10,5,2,0.9555813,653,0.840382811,1.099298749,2.048207315,7.648207315,59,1,0.0406986,1,1,25,60,15,10,PAV069
21,4,1,1,14.498097,2.650866667,1,1,21,4,1,1,5,15,60,9,10,100,10,-1,2,0.9330585,0,0.747169598,1.062986369,5.126980509,10.52698051,56,0,0.0356843,1,1,15,60,9,10,PAV069
21,4,2,1,18.348293,15.43783333,2,1,21,4,2,1,5,12,80,9.6,10,100,10,-0.4,2,0.5998659,12,0.691173116,0.592718897,2.961651596,5.961651596,29,1,0.0392854,1,1,12,80,9.6,30,PAV069
21,4,3,1,21.315211,17.57823333,3,0,21,4,3,1,5,20,20,4,10,100,10,-6,1,0.8407657,22,0.755901932,0.649555648,4.103611508,7.503611508,32,1,0.0372983,1,1,20,20,4,30,PAV069
21,4,4,1,24.648395,19.588,4,1,21,4,4,1,5,20,70,14,10,100,10,4,2,0.708811,42,0.760068922,0.745761788,4.530269156,8.330269156,38,1,0.0386234,1,1,20,70,14,20,PAV069
21,4,5,1,27.94873,22.1582,5,1,21,4,5,1,5,10,100,10,30,60,18,-8,1,1.0713719,72,0.833833077,0.645253913,4.621841555,8.021841555,32,1,0.0472844,1,2,30,60,18,10,PAV069
21,4,6,1,31.581806,23.87443333,6,1,21,4,6,1,5,30,70,21,10,100,10,11,2,0.8311984,102,0.966712313,0.66211816,2.297637955,5.697637955,33,1,0.0350573,1,1,30,70,21,20,PAV069
21,4,7,1,35.13213,26.15403333,7,1,21,4,7,1,5,10,100,10,30,50,15,-5,1,1.1674241,132,0.90350691,0.843803247,3.12112295,7.52112295,44,1,0.0357208,1,2,30,50,15,0,PAV069
21,4,8,1,39.133925,29.0224,8,1,21,4,8,1,5,10,100,10,20,60,12,-2,1,1.0497832,152,0.886936661,1.01078335,1.563942887,6.763942887,54,1,0.0378277,1,2,20,60,12,10,PAV069
21,4,9,1,43.165569,30.71663333,9,0,21,4,9,1,5,12,30,3.6,10,100,10,-6.4,1,0.9546732,162,0.826131764,0.907662718,0.595519698,5.195519698,48,1,0.0365615,1,1,12,30,3.6,20,PAV069
21,4,10,1,46.948934,33.11663333,10,0,21,4,10,1,5,30,40,12,10,100,10,2,1,1.2045644,172,0.501676827,0.56402762,2.704943869,5.704943869,26,1,0.0347898,1,1,30,40,12,10,PAV069
21,4,11,1,50.299005,36.30093333,11,1,21,4,11,1,5,25,50,12.5,10,100,10,2.5,2,1.1453546,172,0.945937298,0.957941019,3.96818093,8.76818093,51,0,0.0359037,1,1,25,50,12.5,0,PAV069
21,4,12,1,54.450228,38.20003333,12,0,21,4,12,1,5,25,40,10,10,100,10,0,1,0.7064262,182,0.787798001,1.132332103,1.824699231,7.624699231,60,1,0.0348692,1,1,25,40,10,10,PAV069
21,4,13,1,58.165613,41.23603333,13,1,21,4,13,1,5,30,80,24,10,100,10,14,2,0.7601398,212,0.746227483,1.011405423,4.023004055,9.223004055,54,1,0.0340073,1,1,30,80,24,30,PAV069
21,4,14,1,61.782172,44.12306667,14,0,21,4,14,1,5,25,20,5,10,100,10,-5,1,0.9004619,222,0.885534885,0.741657084,4.638141326,8.438141326,38,1,0.0338216,1,1,25,20,5,30,PAV069
21,4,15,1,65.399204,46.0994,15,1,21,4,15,1,5,20,50,10,10,100,10,0,2,0.9661814,222,0.62554877,0.911507189,3.519399962,8.119399962,48,0,0.0352162,1,1,20,50,10,0,PAV069
21,4,16,1,68.982314,48.74933333,16,0,21,4,16,1,5,20,50,10,10,100,10,0,1,0.6819817,232,0.933069943,0.574128941,4.509382285,7.509382285,28,1,0.0358679,1,1,20,50,10,0,PAV069
21,4,17,1,72.268622,51.44613333,17,1,21,4,17,1,5,10,100,10,25,60,15,-5,1,1.5068238,257,0.607121409,0.993888452,1.553234583,6.553234583,52,1,0.0347399,1,2,25,60,15,10,PAV069
21,4,18,1,76.465816,53.4676,18,1,21,4,18,1,5,10,100,10,25,60,15,-5,1,0.9624291,282,0.645404575,0.792715218,4.134525681,8.134525681,41,1,0.0343438,1,2,25,60,15,10,PAV069
21,4,19,1,79.949399,56.33343333,19,1,21,4,19,1,5,10,100,10,20,80,16,-6,1,0.7615772,282,0.857072344,0.559852885,7.856333112,10.65633311,26,0,0.0347579,1,2,20,80,16,30,PAV069
21,4,20,1,83.216759,58.92683333,20,0,21,4,20,1,5,15,40,6,10,100,10,-4,1,1.2392135,292,0.553857314,1.119338141,3.557013951,9.157013951,61,1,0.0355536,1,1,15,40,6,10,PAV069
21,4,21,1,87.232782,61.0093,21,0,21,4,21,1,5,15,30,4.5,10,100,10,-5.5,1,0.7970512,302,0.557189242,0.877912592,3.764303277,8.164303277,46,1,0.0371733,1,1,15,30,4.5,20,PAV069
21,4,22,1,90.549508,63.46566667,22,1,21,4,22,1,5,10,100,10,25,90,22.5,-12.5,1,0.914162,327,0.970035535,0.812830797,2.494462335,6.694462335,42,1,0.035683,1,2,25,90,22.5,40,PAV069
21,4,23,1,94.349543,66.36683333,23,1,21,4,23,1,5,10,100,10,25,80,20,-10,1,0.9179148,327,0.90899936,1.005015512,5.511115505,10.71111551,54,0,0.0364892,1,2,25,80,20,30,PAV069
21,4,24,1,98.266238,68.33616667,24,0,21,4,24,1,5,10,100,10,12,40,4.8,5.2,2,0.92742,337,0.898529163,0.617351542,5.884755935,9.084755935,31,1,0.0354886,1,2,12,40,4.8,10,PAV069
21,4,25,1,101.818186,70.2842,25,0,21,4,25,1,5,12,50,6,10,100,10,-4,1,0.7661079,347,0.815131728,0.757451685,3.791756551,7.591756551,38,1,0.0349012,1,1,12,50,6,0,PAV069
21,4,26,1,105.266095,73.77613333,26,0,21,4,26,1,5,25,30,7.5,10,100,10,-2.5,1,1.0810721,357,0.684643082,0.563051796,7.6459685,10.6459685,27,1,0.0384907,1,1,25,30,7.5,20,PAV069
21,4,27,1,108.682856,75.83296667,27,0,21,4,27,1,5,10,100,10,25,50,12.5,-2.5,2,1.3126048,367,0.83686227,0.783122037,6.844365365,10.84436537,41,1,0.0350583,1,2,25,50,12.5,0,PAV069
21,4,28,1,112.716249,78.26753333,28,1,21,4,28,1,5,10,100,10,15,60,9,1,1,0.8966613,367,0.774764807,0.621087423,7.02451084,10.22451084,31,0,0.0427546,1,2,15,60,9,10,PAV069
21,4,29,1,116.099337,80.71113333,29,1,21,4,29,1,5,10,100,10,15,90,13.5,-3.5,1,0.8313022,382,0.691252884,0.687507664,3.435118074,7.035118074,35,1,0.0404907,1,2,15,90,13.5,40,PAV069
21,4,30,1,119.400022,82.33363333,30,1,21,4,30,1,5,20,50,10,10,100,10,0,2,1.016503,382,0.816889205,0.593079183,6.134651003,9.134651003,29,0,0.0406923,1,1,20,50,10,0,PAV069
21,4,31,1,122.916008,85.63563333,31,0,21,4,31,1,5,10,100,10,25,40,10,0,2,0.9047464,392,0.767765984,0.598334859,6.144472449,9.144472449,30,1,0.0505717,1,2,25,40,10,10,PAV069
21,4,32,1,126.283301,88.03606667,32,0,21,4,32,1,5,10,100,10,15,50,7.5,2.5,2,1.447111,402,0.526706686,0.709831458,2.804676005,6.404676005,35,1,0.0362939,1,2,15,50,7.5,0,PAV069
21,4,33,1,130.049717,89.96633333,33,0,21,4,33,1,5,10,100,10,12,70,8.4,1.6,2,1.7182901,412,0.582630126,1.136283301,4.502232494,10.30223249,62,1,0.0372898,1,2,12,70,8.4,20,PAV069
21,4,34,1,134.584451,92.33603333,34,0,21,4,34,1,5,10,100,10,30,40,12,-2,2,2.7923946,422,0.850614896,0.539171349,7.025636062,9.825636062,26,1,0.034358,1,2,30,40,12,10,PAV069
21,4,35,1,139.884352,95.27093333,35,0,21,4,35,1,5,10,100,10,30,50,15,-5,2,1.1282979,432,0.510909763,0.54055344,7.306827848,10.10682785,26,1,0.032204,1,2,30,50,15,0,PAV069
21,4,36,1,143.149851,97.333,36,0,21,4,36,1,5,10,100,10,15,20,3,7,2,0.9124873,442,0.828058232,0.965055407,2.366937821,7.366937821,51,1,0.0343042,1,2,15,20,3,30,PAV069
21,4,37,1,146.933567,99.8667,37,0,21,4,37,1,5,10,100,10,30,30,9,1,2,0.78422,452,0.889638451,1.031842646,3.879415635,9.079415635,55,1,0.0342596,1,2,30,30,9,20,PAV069
21,4,38,1,150.716934,102.5963,38,0,21,4,38,1,5,20,50,10,10,100,10,0,1,1.2129057,462,0.86672501,0.611355055,4.667373524,7.867373524,30,1,0.0415557,1,1,20,50,10,0,PAV069
21,4,39,1,154.501541,104.4161333,39,1,21,4,39,1,5,12,90,10.8,10,100,10,0.8,2,2.6870105,474,0.986572775,1.082240894,4.535353259,10.13535326,58,1,0.0345912,1,1,12,90,10.8,40,PAV069
21,4,40,1,160.333753,106.9532667,40,1,21,4,40,1,5,12,60,7.2,10,100,10,-2.8,2,1.5517248,474,0.534710769,0.940435525,4.478033598,9.278033598,49,0,0.0354773,1,1,12,60,7.2,10,PAV069
21,4,41,1,164.450499,110.0053,41,0,21,4,41,1,5,10,100,10,20,30,6,4,2,0.9786072,484,0.895864059,0.90547713,3.150776163,7.750776163,48,1,0.0429826,1,2,20,30,6,20,PAV069
21,4,42,1,168.333508,111.8488667,42,1,21,4,42,1,5,20,90,18,10,100,10,8,2,0.8725948,504,0.855294853,0.833616118,3.458140952,7.658140952,44,1,0.0351912,1,1,20,90,18,40,PAV069
21,4,43,1,172.000518,114.2906,43,1,21,4,43,1,5,25,70,17.5,10,100,10,7.5,2,0.8416371,529,0.821068587,0.501159171,4.614799047,7.214799047,24,1,0.0345724,1,1,25,70,17.5,20,PAV069
21,4,44,1,175.266921,116.9308333,44,1,21,4,44,1,5,10,100,10,15,70,10.5,-0.5,1,1.4139241,544,0.606865308,0.637626453,2.591374186,5.791374186,32,1,0.035019,1,2,15,70,10.5,20,PAV069
21,4,45,1,179.017083,118.6822667,45,0,21,4,45,1,5,20,40,8,10,100,10,-2,1,1.0044856,554,0.815655088,0.970429571,3.578642494,8.578642494,51,1,0.0345403,1,1,20,40,8,10,PAV069
21,4,46,1,182.916772,121.0560667,46,1,21,4,46,1,5,15,80,12,10,100,10,2,2,0.8563998,569,0.513951392,0.981089107,3.037867712,8.037867712,52,1,0.0340677,1,1,15,80,12,30,PAV069
21,4,47,1,186.369379,123.8200333,47,0,21,4,47,1,5,10,100,10,30,20,6,4,2,1.1151438,579,0.569581483,1.01812481,4.061465885,9.261465885,55,1,0.0341434,1,2,30,20,6,30,PAV069
21,4,48,1,190.184094,125.4825333,48,1,21,4,48,1,5,10,100,10,30,90,27,-17,1,0.8389527,609,0.985729686,1.040427185,0.536171599,5.936171599,55,1,0.0355602,1,2,30,90,27,40,PAV069
21,4,49,1,194.150511,128.4844333,49,0,21,4,49,1,5,10,100,10,25,50,12.5,-2.5,2,1.0583823,619,0.976499598,0.986035499,5.457493584,10.45749358,53,1,0.0364114,1,2,25,50,12.5,0,PAV069
21,4,50,1,198.267542,131.7686333,50,0,21,4,50,1,5,10,100,10,12,20,2.4,7.6,2,0.7412621,629,0.814190489,0.687549825,3.035580434,6.635580434,35,1,0.0353089,1,2,12,20,2.4,30,PAV069
15,1,1,1,15.149055,3.2397,1,1,15,1,1,1,5,10,100,10,15,90,13.5,-3.5,1,2.0143087,15,0.742842788,0.848758257,3.216739335,7.616739335,44,1,0.0341638,1,2,15,90,13.5,40,PAV070
15,1,2,1,19.849116,17.1687,2,0,15,1,2,1,5,12,40,4.8,10,100,10,-5.2,1,1.7567404,25,0.992884615,0.677594564,3.256284653,6.656284653,33,1,0.0378395,1,1,12,40,4.8,10,PAV070
15,1,3,1,24.382502,19.06866667,3,0,15,1,3,1,5,15,20,3,10,100,10,-7,1,2.3231269,35,0.953800186,0.736619302,3.998671542,7.798671542,38,1,0.0505018,1,1,15,20,3,30,PAV070
15,1,4,1,29.515889,22.33723333,4,1,15,1,4,1,5,20,50,10,10,100,10,0,2,1.4610634,35,0.704068029,0.736727109,5.1619361,8.9619361,38,0,0.0331716,1,1,20,50,10,0,PAV070
15,1,5,1,33.532613,26.71133333,5,1,15,1,5,1,5,25,70,17.5,10,100,10,7.5,2,1.9072785,60,0.849952131,1.111982023,0.907085394,6.507085394,60,1,0.035833,1,1,25,70,17.5,20,PAV070
15,1,6,1,38.499218,28.51856667,6,0,15,1,6,1,5,30,20,6,10,100,10,-4,1,1.3934558,70,0.913234519,0.829300766,3.218235553,7.418235553,43,1,0.0364005,1,1,30,20,6,30,PAV070
15,1,7,1,42.732677,31.7674,7,1,15,1,7,1,5,10,100,10,12,60,7.2,2.8,1,1.6954066,82,0.74914683,0.925392666,3.652193167,8.452193167,49,1,0.0355839,1,2,12,60,7.2,10,PAV070
15,1,8,1,47.199435,35.45223333,8,1,15,1,8,1,5,10,100,10,20,90,18,-8,1,1.4142281,82,0.774685159,0.525506976,8.157000374,10.95700037,25,0,0.0389375,1,2,20,90,18,40,PAV070
15,1,9,1,50.999483,37.61946667,9,0,15,1,9,1,5,15,70,10.5,10,100,10,0.5,1,1.8011514,92,0.77349,0.725171403,5.78315201,9.58315201,37,1,0.0390137,1,1,15,70,10.5,20,PAV070
15,1,10,1,55.382869,40.76916667,10,0,15,1,10,1,5,10,100,10,12,80,9.6,0.4,2,2.3089105,102,0.538284121,0.60568509,3.609889657,6.809889657,30,1,0.0368442,1,2,12,80,9.6,30,PAV070
15,1,11,1,59.932915,44.43083333,11,0,15,1,11,1,5,10,100,10,30,40,12,-2,2,2.6594125,112,0.659945015,1.05639283,1.808977622,7.208977622,56,1,0.0353945,1,2,30,40,12,10,PAV070
15,1,12,1,65.399669,46.41813333,12,1,15,1,12,1,5,20,70,14,10,100,10,4,2,1.7474484,132,0.72585531,1.077332407,0.130483869,5.530483869,58,1,0.0349557,1,1,20,70,14,20,PAV070
15,1,13,1,70.032577,49.1888,13,1,15,1,13,1,5,25,90,22.5,10,100,10,12.5,2,0.8083336,132,0.845061099,0.573948817,7.730531089,10.73053109,28,0,0.0350532,1,1,25,90,22.5,40,PAV070
15,1,14,1,73.366406,51.0015,14,1,15,1,14,1,5,10,100,10,25,40,10,0,1,1.9210685,157,0.921465025,1.160364291,-0.108193147,5.891806853,63,1,0.0361059,1,2,25,40,10,10,PAV070
15,1,15,1,78.466494,54.56556667,15,1,15,1,15,1,5,30,80,24,10,100,10,14,2,2.3048696,187,0.584958901,1.104295313,-0.614767664,4.985232336,60,1,0.0337446,1,1,30,80,24,30,PAV070
15,1,16,1,83.566544,57.71723333,16,1,15,1,16,1,5,30,40,12,10,100,10,2,2,1.4473887,187,0.590861437,0.791601748,4.289210356,8.289210356,41,0,0.0342287,1,1,30,40,12,10,PAV070
15,1,17,1,87.483263,59.9352,17,1,15,1,17,1,5,25,60,15,10,100,10,5,2,0.874299,212,0.967434974,0.851593875,0.94250793,5.34250793,44,1,0.0349845,1,1,25,60,15,10,PAV070
15,1,18,1,91.266653,64.6987,18,0,15,1,18,1,5,15,60,9,10,100,10,-1,1,1.1290605,222,0.930295155,0.546895181,3.300900939,6.100900939,26,1,0.0349457,1,1,15,60,9,10,PAV070
15,1,19,1,94.966704,67.17103333,19,0,15,1,19,1,5,10,100,10,12,70,8.4,1.6,2,0.889766,232,0.820351947,0.642148552,6.543940848,9.943940848,32,1,0.0346813,1,2,12,70,8.4,20,PAV070
15,1,20,1,98.416666,70.0329,20,1,15,1,20,1,5,10,100,10,25,80,20,-10,1,1.6544047,257,0.996483268,0.544569898,4.688640725,7.488640725,26,1,0.0421387,1,2,25,80,20,30,PAV070
15,1,21,1,102.699967,72.465,21,0,15,1,21,1,5,10,100,10,25,40,10,0,2,1.429576,267,0.980521003,0.987626598,2.23668944,7.23668944,53,1,0.0340859,1,2,25,40,10,10,PAV070
15,1,22,1,107.200167,75.31996667,22,1,15,1,22,1,5,10,100,10,15,50,7.5,2.5,1,1.3173419,267,0.782623801,0.720071743,7.178746594,10.97874659,37,0,0.0346984,1,2,15,50,7.5,0,PAV070
15,1,23,1,111.116908,78.46956667,23,1,15,1,23,1,5,10,100,10,20,60,12,-2,1,1.4367456,267,0.517709398,0.722269252,6.546251441,10.34625144,37,0,0.0390867,1,2,20,60,12,10,PAV070
15,1,24,1,114.883591,82.93206667,24,0,15,1,24,1,5,10,100,10,20,20,4,6,2,1.7172949,277,0.71232474,0.950354715,2.660064126,7.460064126,50,1,0.0356908,1,2,20,20,4,30,PAV070
15,1,25,1,119.350308,85.03813333,25,0,15,1,25,1,5,15,60,9,10,100,10,-1,1,2.0766864,287,0.511058345,0.512790555,2.922368623,5.522368623,24,1,0.0387637,1,1,15,60,9,10,PAV070
15,1,26,1,123.533453,87.48733333,26,0,15,1,26,1,5,12,20,2.4,10,100,10,-7.6,1,1.338934,297,0.876673134,0.995282615,3.27094551,8.27094551,53,1,0.0347755,1,1,12,20,2.4,30,PAV070
15,1,27,1,127.816613,90.25003333,27,0,15,1,27,1,5,10,100,10,15,40,6,4,2,2.0757684,307,0.503509252,1.094958514,4.772662142,10.37266214,59,1,0.0343111,1,2,15,40,6,10,PAV070
15,1,28,1,132.583724,92.41756667,28,0,15,1,28,1,5,15,30,4.5,10,100,10,-5.5,1,2.4417019,317,0.500478769,0.566897595,2.660080325,5.660080325,26,1,0.0345742,1,1,15,30,4.5,20,PAV070
15,1,29,1,137.18382,94.96743333,29,1,15,1,29,1,5,20,50,10,10,100,10,0,2,1.1676062,317,0.794780079,0.603811854,6.696429325,9.896429325,30,0,0.036993,1,1,20,50,10,0,PAV070
15,1,30,1,140.833898,97.54856667,30,1,15,1,30,1,5,12,90,10.8,10,100,10,0.8,2,0.7494382,317,0.550808889,0.517532878,8.017375253,10.61737525,23,0,0.0358438,1,1,12,90,10.8,40,PAV070
15,1,31,1,143.733946,100.0842667,31,0,15,1,31,1,5,25,30,7.5,10,100,10,-2.5,1,1.5393616,327,0.666116205,1.049648186,4.854473456,10.25447346,55,1,0.0352375,1,1,25,30,7.5,20,PAV070
15,1,32,1,148.083996,102.7,32,0,15,1,32,1,5,10,100,10,30,50,15,-5,2,1.7319851,337,0.507461705,0.962416553,0.748623007,5.748623007,51,1,0.0359921,1,2,30,50,15,0,PAV070
15,1,33,1,152.367385,106.1648,33,0,15,1,33,1,5,12,30,3.6,10,100,10,-6.4,1,1.5895962,347,0.662049894,0.666242054,4.036085546,7.436085546,33,1,0.0346266,1,1,12,30,3.6,20,PAV070
15,1,34,1,156.384101,108.5346667,34,0,15,1,34,1,5,12,50,6,10,100,10,-4,1,2.1240003,357,0.524789795,0.907963351,4.027667488,8.627667488,48,1,0.0346969,1,1,12,50,6,0,PAV070
15,1,35,1,161.034085,111.1171667,35,0,15,1,35,1,5,10,100,10,30,60,18,-8,2,2.2883672,367,0.880473961,0.842549466,2.086590091,6.486590091,44,1,0.0346718,1,2,30,60,18,10,PAV070
15,1,36,1,166.1508,114.3162333,36,1,15,1,36,1,5,10,100,10,30,90,27,-17,1,0.9372626,397,0.677218251,0.725841755,3.129499931,6.929499931,37,1,0.0368633,1,2,30,90,27,40,PAV070
15,1,37,1,169.584143,116.6165,37,1,15,1,37,1,5,15,80,12,10,100,10,2,2,1.1642285,412,0.953185453,0.719043227,3.026927836,6.626927836,37,1,0.0346929,1,1,15,80,12,30,PAV070
15,1,38,1,173.517636,119.3517,38,1,15,1,38,1,5,20,80,16,10,100,10,6,2,1.3909317,432,0.888872629,0.533686067,5.559775244,8.359775244,25,1,0.0370096,1,1,20,80,16,30,PAV070
15,1,39,1,177.417692,122.9820333,39,0,15,1,39,1,5,20,40,8,10,100,10,-2,1,1.4397055,442,0.992339867,0.701963282,6.305472028,9.905472028,36,1,0.0348167,1,1,20,40,8,10,PAV070
15,1,40,1,181.651077,124.8875667,40,0,15,1,40,1,5,10,100,10,25,50,12.5,-2.5,2,1.805084,452,0.530982176,0.55445713,2.374359519,5.174359519,27,1,0.0369267,1,2,25,50,12.5,0,PAV070
15,1,41,1,185.651083,127.8172,41,0,15,1,41,1,5,10,100,10,20,30,6,4,2,1.6539578,462,0.633688733,0.682971043,6.7281445,10.3281445,34,1,0.0367189,1,2,20,30,6,20,PAV070
15,1,42,1,189.701175,132.0322333,42,0,15,1,42,1,5,10,100,10,30,70,21,-11,2,1.9518275,472,0.960510009,1.128708752,3.409473811,9.209473811,61,1,0.0348553,1,2,30,70,21,20,PAV070
15,1,43,1,194.817903,135.0640667,43,0,15,1,43,1,5,10,100,10,20,50,10,0,2,2.0315855,482,0.595467939,1.027560393,2.297904796,7.497904796,55,1,0.0359851,1,2,20,50,10,0,PAV070
15,1,44,1,199.567956,137.186,44,1,15,1,44,1,5,30,50,15,10,100,10,5,2,1.6085759,512,0.606005608,1.060579248,0.400352254,5.800352254,57,1,0.0374071,1,1,30,50,15,0,PAV070
15,1,45,1,203.934471,139.9990333,45,0,15,1,45,1,5,10,100,10,25,20,5,5,2,1.5644578,522,0.704061123,0.77563559,5.618437016,9.618437016,40,1,0.0371047,1,2,25,20,5,30,PAV070
15,1,46,1,208.068047,141.6065,46,0,15,1,46,1,5,10,100,10,25,50,12.5,-2.5,2,1.4805189,532,0.731566232,0.837942557,3.080464484,7.280464484,43,1,0.0364008,1,2,25,50,12.5,0,PAV070
15,1,47,1,212.218008,143.7338333,47,0,15,1,47,1,5,10,100,10,30,30,9,1,2,1.1282771,542,0.640014803,1.111467412,2.895736002,8.495736002,60,1,0.0383104,1,2,30,30,9,20,PAV070
15,1,48,1,216.184816,147.3661667,48,0,15,1,48,1,5,10,100,10,25,50,12.5,-2.5,2,1.8008009,552,0.911409146,1.060598764,0.78342796,6.18342796,57,1,0.034193,1,2,25,50,12.5,0,PAV070
15,1,49,1,221.051554,149.8343667,49,0,15,1,49,1,5,10,100,10,20,50,10,0,2,1.6394476,562,0.599895283,0.787265135,4.924208417,8.924208417,41,1,0.0389798,1,2,20,50,10,0,PAV070
15,1,50,1,225.201595,152.3669,50,1,15,1,50,1,5,25,60,15,10,100,10,5,2,1.2799147,587,0.632606382,1.0890186,-0.320635314,5.279364686,59,1,0.0353942,1,1,25,60,15,10,PAV070
16,2,1,1,14.91243,3.0706,1,1,16,2,1,1,5,10,100,10,25,80,20,-10,1,1.2551323,25,0.800190097,0.848192879,5.274680874,9.674680874,43,1,0.0416645,1,2,25,80,20,30,PAV070
16,2,2,1,18.912479,16.17476667,2,0,16,2,2,1,5,10,100,10,12,20,2.4,7.6,2,0.5939341,35,0.627295688,1.158893424,3.447438855,9.247438855,63,1,0.0366057,1,2,12,20,2.4,30,PAV070
16,2,3,1,22.37919,18.08253333,3,0,16,2,3,1,5,10,100,10,20,20,4,6,2,1.1874622,45,0.823455989,0.763400874,6.742235084,10.74223508,39,1,0.0359742,1,2,20,20,4,30,PAV070
16,2,4,1,26.229236,20.71653333,4,0,16,2,4,1,5,15,50,7.5,10,100,10,-2.5,1,1.3117822,55,0.921120466,0.528899399,7.525085437,10.32508544,25,1,0.0315896,1,1,15,50,7.5,0,PAV070
16,2,5,1,30.079214,23.56846667,5,0,16,2,5,1,5,30,50,15,10,100,10,5,1,1.887413,65,0.540667333,0.827390404,2.631306516,6.831306516,43,1,0.0346458,1,1,30,50,15,0,PAV070
16,2,6,1,34.429172,25.3815,6,0,16,2,6,1,5,25,40,10,10,100,10,0,1,1.0366782,75,0.888244585,0.696493264,7.246455989,10.84645599,35,1,0.0369432,1,1,25,40,10,10,PAV070
16,2,7,1,38.129387,28.11386667,7,0,16,2,7,1,5,10,100,10,30,50,15,-5,2,1.7128588,85,0.981432799,1.102721558,3.67753492,9.27753492,60,1,0.0333256,1,2,30,50,15,0,PAV070
16,2,8,1,43.029441,31.97183333,8,0,16,2,8,1,5,15,20,3,10,100,10,-7,1,1.0513556,95,0.612202516,0.911124918,4.4104783,9.0104783,48,1,0.0348077,1,1,15,20,3,30,PAV070
16,2,9,1,46.679473,33.8647,9,1,16,2,9,1,5,10,100,10,30,60,18,-8,1,2.2502708,95,0.941671147,1.075789374,5.039835537,10.43983554,57,0,0.0318551,1,2,30,60,18,10,PAV070
16,2,10,1,52.029429,36.20006667,10,0,16,2,10,1,5,10,100,10,15,30,4.5,5.5,2,1.1000358,105,0.568000995,0.803128255,3.323734189,7.523734189,42,1,0.034097,1,2,15,30,4.5,20,PAV070
16,2,11,1,55.596177,39.84523333,11,1,16,2,11,1,5,10,100,10,12,70,8.4,1.6,1,1.6912758,105,0.573896087,0.672852028,6.2282062,9.6282062,34,0,0.0369706,1,2,12,70,8.4,20,PAV070
16,2,12,1,59.646307,42.0148,12,1,16,2,12,1,5,20,50,10,10,100,10,0,2,2.0963906,105,0.850879241,0.814014279,5.468009657,9.668009657,42,0,0.0345233,1,1,20,50,10,0,PAV070
16,2,13,1,64.496345,45.03093333,13,0,16,2,13,1,5,30,70,21,10,100,10,11,1,2.0692183,115,0.580304268,0.739272674,5.01893286,8.81893286,38,1,0.0344192,1,1,30,70,21,20,PAV070
16,2,14,1,68.979589,48.9311,14,0,16,2,14,1,5,10,100,10,25,70,17.5,-7.5,2,0.7989193,125,0.95851498,0.601762574,4.395359322,7.595359322,30,1,0.0347061,1,2,25,70,17.5,20,PAV070
16,2,15,1,72.429758,51.06446667,15,0,16,2,15,1,5,10,100,10,15,60,9,1,2,0.6357234,135,0.641596456,0.966431012,3.749098029,8.749098029,51,1,0.035618,1,2,15,60,9,10,PAV070
16,2,16,1,75.746459,53.9803,16,0,16,2,16,1,5,10,100,10,20,50,10,0,2,1.014683,145,0.600822736,0.689496395,4.961142006,8.561142006,34,1,0.0348806,1,2,20,50,10,0,PAV070
16,2,17,1,79.146513,57.2941,17,1,16,2,17,1,5,20,40,8,10,100,10,-2,2,1.3994333,165,0.96487219,0.549114208,3.227865527,6.027865527,25,1,0.0388616,1,1,20,40,8,10,PAV070
16,2,18,1,83.146551,59.03393333,18,0,16,2,18,1,5,20,30,6,10,100,10,-4,1,1.2330187,175,0.506111853,0.687030664,6.830470825,10.43047083,35,1,0.0345082,1,1,20,30,6,20,PAV070
16,2,19,1,86.66327,62.59853333,19,1,16,2,19,1,5,15,60,9,10,100,10,-1,2,1.3674483,190,0.968865929,0.922506275,3.058580583,7.858580583,48,1,0.0364628,1,1,15,60,9,10,PAV070
16,2,20,1,91.030024,66.56696667,20,0,16,2,20,1,5,10,100,10,20,80,16,-6,2,2.7498177,200,0.561435481,0.935116597,3.721605229,8.521605229,48,1,0.0356637,1,2,20,80,16,30,PAV070
16,2,21,1,96.363414,68.3645,21,0,16,2,21,1,5,25,60,15,10,100,10,5,1,1.6544584,210,0.771921491,0.94095047,3.858119786,8.658119786,49,1,0.0377358,1,1,25,60,15,10,PAV070
16,2,22,1,100.813477,70.43073333,22,1,16,2,22,1,5,10,100,10,12,80,9.6,0.4,1,1.4324076,222,0.683133956,0.821684217,1.974898214,6.174898214,43,1,0.0356222,1,2,12,80,9.6,30,PAV070
16,2,23,1,104.846643,73.06753333,23,0,16,2,23,1,5,10,100,10,15,80,12,-2,2,1.7680073,232,0.913940196,0.739296505,6.288976596,10.0889766,38,1,0.0382523,1,2,15,80,12,30,PAV070
16,2,24,1,109.363582,75.08133333,24,1,16,2,24,1,5,10,100,10,25,50,12.5,-2.5,1,2.1417194,257,0.765226841,0.880226282,1.26228313,5.86228313,45,1,0.0360627,1,2,25,50,12.5,0,PAV070
16,2,25,1,114.246992,77.498,25,1,16,2,25,1,5,10,100,10,30,90,27,-17,1,2.0208493,287,0.552157238,1.148991769,0.559550692,6.359550692,61,1,0.0342237,1,2,30,90,27,40,PAV070
16,2,26,1,119.047021,80.54976667,26,0,16,2,26,1,5,10,100,10,12,50,6,4,2,1.3382842,297,0.664279565,0.881301315,6.000163388,10.60016339,46,1,0.0347727,1,2,12,50,6,0,PAV070
16,2,27,1,123.030316,82.14893333,27,0,16,2,27,1,5,20,60,12,10,100,10,2,1,0.9255541,307,0.523520806,0.592117193,6.080016598,9.080016598,29,1,0.0395873,1,1,20,60,12,10,PAV070
16,2,28,1,126.163783,85.1144,28,0,16,2,28,1,5,25,30,7.5,10,100,10,-2.5,1,1.4861202,317,0.803498498,1.109866255,0.394087107,5.994087107,60,1,0.0380031,1,1,25,30,7.5,20,PAV070
16,2,29,1,130.647169,88.03646667,29,0,16,2,29,1,5,30,20,6,10,100,10,-4,1,2.4351148,327,0.994971808,0.52653254,5.425048648,8.225048648,24,1,0.0399882,1,1,30,20,6,30,PAV070
16,2,30,1,135.680568,90.03143333,30,1,16,2,30,1,5,30,40,12,10,100,10,2,2,1.0327781,327,0.997123207,1.065780879,5.112398292,10.51239829,57,0,0.034086,1,1,30,40,12,10,PAV070
16,2,31,1,139.880615,94.76526667,31,0,16,2,31,1,5,30,30,9,10,100,10,-1,1,1.3393692,337,0.747144832,0.946782887,1.230410649,6.030410649,50,1,0.0346261,1,1,30,30,9,20,PAV070
16,2,32,1,144.013855,98.0197,32,0,16,2,32,1,5,30,40,12,10,100,10,2,1,1.3975839,347,0.658520525,1.142712731,3.183893864,8.983893864,62,1,0.0359948,1,1,30,40,12,10,PAV070
16,2,33,1,148.297385,100.0137667,33,1,16,2,33,1,5,10,100,10,25,60,15,-5,1,1.5641184,347,0.764399749,0.761877226,5.863466501,9.863466501,39,0,0.0350114,1,2,25,60,15,10,PAV070
16,2,34,1,152.480759,103.1152667,34,1,16,2,34,1,5,20,70,14,10,100,10,4,2,1.6903269,347,0.686506224,1.133022198,4.900890371,10.70089037,61,0,0.0347118,1,1,20,70,14,20,PAV070
16,2,35,1,157.080671,106.6151333,35,0,16,2,35,1,5,10,100,10,15,40,6,4,2,0.8933097,357,0.976712773,0.63003948,5.832549475,9.032549475,31,1,0.0356248,1,2,15,40,6,10,PAV070
16,2,36,1,160.664205,108.4155,36,0,16,2,36,1,5,12,60,7.2,10,100,10,-2.8,1,1.5498391,367,0.807444668,0.927800083,5.997575849,10.79757585,49,1,0.0367554,1,1,12,60,7.2,10,PAV070
16,2,37,1,165.03091,112.4324667,37,1,16,2,37,1,5,20,50,10,10,100,10,0,2,1.1142954,367,0.580990681,0.74560244,6.304459915,10.10445991,38,0,0.0382489,1,1,20,50,10,0,PAV070
16,2,38,1,168.564278,116.2696,38,0,16,2,38,1,5,30,80,24,10,100,10,14,1,1.1839528,377,0.78541173,0.618053658,3.271455407,6.471455407,31,1,0.0361745,1,1,30,80,24,30,PAV070
16,2,39,1,172.247668,118.4658333,39,0,16,2,39,1,5,10,100,10,12,30,3.6,6.4,2,1.0277412,387,0.916784193,0.774580983,1.117095543,5.117095543,40,1,0.0396154,1,2,12,30,3.6,20,PAV070
16,2,40,1,176.064403,121.3142333,40,1,16,2,40,1,5,12,90,10.8,10,100,10,0.8,2,1.1817191,399,0.74038767,0.894484695,0.397792715,4.997792715,47,1,0.0350671,1,1,12,90,10.8,40,PAV070
16,2,41,1,179.964416,123.9590667,41,1,16,2,41,1,5,10,100,10,15,70,10.5,-0.5,1,1.6304706,414,0.979676142,0.508864777,2.681714254,5.281714254,24,1,0.0346423,1,2,15,70,10.5,20,PAV070
16,2,42,1,184.18105,125.6147333,42,1,16,2,42,1,5,10,100,10,25,40,10,0,1,2.2932553,439,0.80199722,1.188282176,0.638445297,6.638445297,65,1,0.0335237,1,2,25,40,10,10,PAV070
16,2,43,1,189.564408,128.8014,43,1,16,2,43,1,5,10,100,10,25,50,12.5,-2.5,1,2.0076854,439,0.692974515,0.730568899,7.182207399,10.9822074,37,0,0.0310004,1,2,25,50,12.5,0,PAV070
16,2,44,1,194.081271,133.0830333,44,0,16,2,44,1,5,20,50,10,10,100,10,0,1,1.6297529,449,0.750593414,0.961534744,1.093452419,6.093452419,50,1,0.0361094,1,1,20,50,10,0,PAV070
16,2,45,1,198.514665,134.6640667,45,0,16,2,45,1,5,12,40,4.8,10,100,10,-5.2,1,2.0862356,459,0.512776176,0.821688908,1.919310073,6.119310073,43,1,0.0346994,1,1,12,40,4.8,10,PAV070
16,2,46,1,203.030857,137.8141667,46,0,16,2,46,1,5,25,20,5,10,100,10,-5,1,1.4762004,469,0.852942374,0.91901891,5.777030441,10.37703044,49,1,0.034181,1,1,25,20,5,30,PAV070
16,2,47,1,207.398097,141.2222,47,1,16,2,47,1,5,10,100,10,15,90,13.5,-3.5,1,1.2024181,484,0.598690559,0.93165711,4.115763974,8.915763974,48,1,0.0390558,1,2,15,90,13.5,40,PAV070
16,2,48,1,211.231473,143.2319333,48,1,16,2,48,1,5,10,100,10,25,50,12.5,-2.5,1,1.5816135,509,0.954988519,0.75651704,2.313083614,6.113083614,38,1,0.0353356,1,2,25,50,12.5,0,PAV070
16,2,49,1,215.614402,146.599,49,1,16,2,49,1,5,10,100,10,20,90,18,-8,1,0.9403251,529,0.637061067,1.155729111,0.721081905,6.521081905,63,1,0.0430974,1,2,20,90,18,40,PAV070
16,2,50,1,219.448149,149.8620667,50,1,16,2,50,1,5,25,90,22.5,10,100,10,12.5,2,1.0925151,554,0.722852988,0.880255092,3.012608019,7.612608019,46,1,0.0355375,1,1,25,90,22.5,40,PAV070
29,4,1,1,15.053761,3.2013,1,0,29,4,1,1,5,30,30,9,10,100,10,-1,1,1.8801394,10,0.541607497,1.03661441,2.093996989,7.293996989,54,1,0.043915,1,1,30,30,9,20,PAV070
29,4,2,1,19.620493,16.949,2,1,29,4,2,1,5,10,100,10,20,70,14,-4,1,1.8639202,30,0.927262575,0.680733221,4.544118831,8.144118831,34,1,0.0397167,1,2,20,70,14,20,PAV070
29,4,3,1,24.170022,19.0573,3,1,29,4,3,1,5,10,100,10,12,90,10.8,-0.8,1,3.4525599,42,0.636951902,1.132263152,1.581845735,7.381845735,61,1,0.0346494,1,2,12,90,10.8,40,PAV070
29,4,4,1,30.470561,22.21043333,4,0,29,4,4,1,5,25,20,5,10,100,10,-5,1,3.437463,52,0.992901288,0.709139912,6.043659788,9.643659788,36,1,0.0336491,1,1,25,20,5,30,PAV070
29,4,5,1,36.687375,27.62673333,5,0,29,4,5,1,5,10,100,10,12,50,6,4,2,2.5435004,62,0.732281122,0.905082982,3.772748676,8.372748676,47,1,0.0394791,1,2,12,50,6,0,PAV070
29,4,6,1,41.970758,29.80976667,6,0,29,4,6,1,5,30,40,12,10,100,10,2,1,1.3679824,72,0.925873576,0.514318968,3.493905445,6.093905445,24,1,0.0352115,1,1,30,40,12,10,PAV070
29,4,7,1,45.85414,34.65603333,7,0,29,4,7,1,5,10,100,10,30,50,15,-5,2,2.8852808,82,0.745881094,0.718345084,4.542727977,8.142727977,36,1,0.0344879,1,2,30,50,15,0,PAV070
29,4,8,1,51.337539,39.23316667,8,1,29,4,8,1,5,15,70,10.5,10,100,10,0.5,2,1.4785311,97,0.573629924,1.110658516,1.008073232,6.608073232,58,1,0.0365237,1,1,15,70,10.5,20,PAV070
29,4,9,1,55.5876,41.20496667,9,1,29,4,9,1,5,12,60,7.2,10,100,10,-2.8,2,2.300216,97,0.706584006,0.658140712,6.064444017,9.464444017,33,0,0.0376047,1,1,12,60,7.2,10,PAV070
29,4,10,1,60.337568,43.8888,10,1,29,4,10,1,5,10,100,10,25,60,15,-5,1,1.0683041,122,0.793267025,0.712789066,3.854526375,7.454526375,36,1,0.0346419,1,2,25,60,15,10,PAV070
29,4,11,1,63.987699,48.74666667,11,0,29,4,11,1,5,10,100,10,20,30,6,4,2,1.5771161,132,0.964158315,1.08338105,3.832811488,9.432811488,57,1,0.0366304,1,2,20,30,6,20,PAV070
29,4,12,1,68.704427,50.53903333,12,0,29,4,12,1,5,10,100,10,15,30,4.5,5.5,2,2.3487554,142,0.703453312,0.69796502,6.295249933,9.895249933,35,1,0.0386991,1,2,15,30,4.5,20,PAV070
29,4,13,1,73.537815,53.97346667,13,1,29,4,13,1,5,12,70,8.4,10,100,10,-1.6,2,1.8764192,154,0.776160957,0.560338297,2.184918896,5.184918896,26,1,0.039437,1,1,12,70,8.4,20,PAV070
29,4,14,1,77.837671,57.88933333,14,0,29,4,14,1,5,10,100,10,25,40,10,0,2,1.3923257,164,0.848538099,1.107172411,2.885782604,8.485782604,60,1,0.034994,1,2,25,40,10,10,PAV070
29,4,15,1,82.287911,59.60493333,15,1,29,4,15,1,5,20,50,10,10,100,10,0,2,1.1574951,164,0.769837756,0.983968925,4.736883565,9.736883565,53,0,0.0434047,1,1,20,50,10,0,PAV070
29,4,16,1,86.304639,62.15503333,16,0,29,4,16,1,5,30,70,21,10,100,10,11,1,4.275264,174,0.719310282,1.027858331,5.159726496,10.3597265,55,1,0.0514144,1,1,30,70,21,20,PAV070
29,4,17,1,93.438063,65.56556667,17,1,29,4,17,1,5,25,80,20,10,100,10,10,,,174,0.730685252,1.142040264,,,,,,,1,25,80,20,30,PAV070
29,4,18,1,99.62147,66.6901,18,1,29,4,18,1,5,10,100,10,25,60,15,-5,,,174,0.926443088,1.129573919,,,,,,,2,25,60,15,10,PAV070
29,4,19,1,105.9882,67.71493333,19,1,29,4,19,1,5,20,50,10,10,100,10,0,2,1.9140701,194,0.835446678,0.648162514,2.218592528,5.618592528,32,1,0.0434484,1,1,20,50,10,0,PAV070
29,4,20,1,110.471432,71.79286667,20,0,29,4,20,1,5,10,100,10,20,90,18,-8,2,0.7914346,204,0.726367948,0.997266068,2.590961221,7.590961221,53,1,0.0383676,1,2,20,90,18,40,PAV070
29,4,21,1,114.071653,75.41423333,21,1,29,4,21,1,5,30,60,18,10,100,10,8,2,1.0013185,204,0.860773935,0.580924549,5.960274156,8.960274156,28,0,0.0388709,1,1,30,60,18,10,PAV070
29,4,22,1,117.587909,77.0348,22,1,29,4,22,1,5,15,90,13.5,10,100,10,3.5,2,0.7901007,219,0.988820884,1.074418077,0.7019764,6.1019764,58,1,0.0349782,1,1,15,90,13.5,40,PAV070
29,4,23,1,121.521764,79.256,23,1,29,4,23,1,5,10,100,10,25,50,12.5,-2.5,1,1.1200803,219,0.871724507,0.99821994,3.643402096,8.643402096,53,0,0.0363448,1,2,25,50,12.5,0,PAV070
29,4,24,1,125.60513,82.28836667,24,0,29,4,24,1,5,10,100,10,15,40,6,4,2,1.4125784,229,0.718645197,0.591268752,2.897226499,5.897226499,29,1,0.036186,1,2,15,40,6,10,PAV070
29,4,25,1,129.421845,85.48733333,25,1,29,4,25,1,5,12,80,9.6,10,100,10,-0.4,2,0.8750633,241,0.991536599,0.899489234,1.884955176,6.484955176,47,1,0.0427652,1,1,12,80,9.6,30,PAV070
29,4,26,1,133.271881,90.6056,26,1,29,4,26,1,5,10,100,10,30,90,27,-17,1,0.8680514,271,0.917075795,0.632702495,2.477741015,5.677741015,30,1,0.0349615,1,2,30,90,27,40,PAV070
29,4,27,1,136.771919,93.44116667,27,0,29,4,27,1,5,12,20,2.4,10,100,10,-7.6,1,1.6372402,281,0.883629594,0.531455584,6.419091219,9.219091219,25,1,0.0376273,1,1,12,20,2.4,30,PAV070
29,4,28,1,140.921986,98.8558,28,0,29,4,28,1,5,10,100,10,12,40,4.8,5.2,2,1.2100572,291,0.521806866,0.524222262,7.213795612,10.01379561,25,1,0.0349981,1,2,12,40,4.8,10,PAV070
29,4,29,1,144.271953,105.0184667,29,0,29,4,29,1,5,25,30,7.5,10,100,10,-2.5,1,1.8203664,301,0.844376462,0.74030027,6.23414897,10.03414897,38,1,0.0390746,1,1,25,30,7.5,20,PAV070
29,4,30,1,148.77194,107.9214667,30,0,29,4,30,1,5,10,100,10,20,50,10,0,2,1.743035,311,0.878405328,0.725866112,6.218204051,10.01820405,36,1,0.0343942,1,2,20,50,10,0,PAV070
29,4,31,1,153.205244,110.4763667,31,1,29,4,31,1,5,10,100,10,25,40,10,0,1,1.4439919,311,0.726400542,0.530238086,4.872367557,7.672367557,25,0,0.0374369,1,2,25,40,10,10,PAV070
29,4,32,1,156.988691,113.3031333,32,0,29,4,32,1,5,10,100,10,15,50,7.5,2.5,2,2.9330378,321,0.738141741,0.692560601,5.872661539,9.472661539,35,1,0.0363762,1,2,15,50,7.5,0,PAV070
29,4,33,1,162.438907,115.0919,33,1,29,4,33,1,5,10,100,10,20,20,4,6,1,1.5612018,341,0.869401885,1.102882708,-0.587078001,5.012921999,60,1,0.0374302,1,2,20,20,4,30,PAV070
29,4,34,1,167.072309,117.5879,34,1,29,4,34,1,5,25,50,12.5,10,100,10,2.5,2,1.346572,341,0.832602198,0.96870166,4.562002036,9.562002036,50,0,0.0347887,1,1,25,50,12.5,0,PAV070
29,4,35,1,171.30567,120.4867333,35,1,29,4,35,1,5,20,80,16,10,100,10,6,2,1.4918096,361,0.977939043,0.97036634,0.096655492,5.096655492,51,1,0.0349202,1,1,20,80,16,30,PAV070
29,4,36,1,175.838932,122.673,36,0,29,4,36,1,5,10,100,10,20,50,10,0,2,1.4647911,371,0.588194208,0.53377166,2.547341759,5.347341759,25,1,0.0346372,1,2,20,50,10,0,PAV070
29,4,37,1,179.522413,125.6115,37,0,29,4,37,1,5,12,30,3.6,10,100,10,-6.4,1,1.8439628,381,0.763048348,1.107381478,1.171698071,6.771698071,60,1,0.0349785,1,1,12,30,3.6,20,PAV070
29,4,38,1,184.339087,128.6530333,38,0,29,4,38,1,5,10,100,10,15,20,3,7,2,1.1042737,391,0.757834888,0.502060175,3.187315521,5.787315521,24,1,0.0353656,1,2,15,20,3,30,PAV070
29,4,39,1,187.805388,130.3213,39,1,29,4,39,1,5,10,100,10,25,90,22.5,-12.5,1,1.0372739,416,0.621375593,0.685404451,6.352357733,9.952357733,35,1,0.03868,1,2,25,90,22.5,40,PAV070
29,4,40,1,191.255932,133.2714333,40,1,29,4,40,1,5,15,80,12,10,100,10,2,2,1.0355817,431,0.818278379,0.755040364,1.820588703,5.620588703,39,1,0.0346694,1,1,15,80,12,30,PAV070
29,4,41,1,194.955899,135.8035667,41,0,29,4,41,1,5,10,100,10,25,50,12.5,-2.5,2,1.2284176,441,0.75592413,0.914025986,5.38347063,9.98347063,48,1,0.0366154,1,2,25,50,12.5,0,PAV070
29,4,42,1,198.939369,138.4411,42,0,29,4,42,1,5,20,60,12,10,100,10,2,1,1.4683827,451,0.665595636,0.887654358,1.572662101,6.172662101,47,1,0.0356839,1,1,20,60,12,10,PAV070
29,4,43,1,203.056049,140.9295333,43,1,29,4,43,1,5,30,80,24,10,100,10,14,2,2.6788811,481,0.554545838,0.882712306,4.414925831,9.014925831,46,1,0.0349232,1,1,30,80,24,30,PAV070
29,4,44,1,208.256046,143.7029,44,1,29,4,44,1,5,25,70,17.5,10,100,10,7.5,2,0.7755965,506,0.934023084,0.87961105,2.732897526,7.132897526,46,1,0.0343852,1,1,25,70,17.5,20,PAV070
29,4,45,1,211.939541,146.1234333,45,0,29,4,45,1,5,10,100,10,30,20,6,4,2,1.2013542,516,0.566990666,0.933026217,0.453971911,5.253971911,49,1,0.043827,1,2,30,20,6,30,PAV070
29,4,46,1,215.722847,148.7724667,46,0,29,4,46,1,5,10,100,10,20,40,8,2,2,1.1283254,526,0.563789807,1.055969876,4.582883483,9.982883483,57,1,0.0428437,1,2,20,40,8,10,PAV070
29,4,47,1,219.572927,152.2863333,47,0,29,4,47,1,5,30,40,12,10,100,10,2,1,1.1538977,536,0.724428788,0.689992079,3.141997845,6.741997845,35,1,0.0354463,1,1,30,40,12,10,PAV070
29,4,48,1,223.239671,154.6751,48,1,29,4,48,1,5,15,60,9,10,100,10,-1,2,3.5877462,536,0.644175397,0.525388894,6.267629346,9.067629346,24,0,0.0348443,1,1,15,60,9,10,PAV070
29,4,49,1,229.073091,156.9876333,49,0,29,4,49,1,5,10,100,10,30,50,15,-5,2,1.1680164,546,0.891751946,0.927555196,3.138450431,7.938450431,49,1,0.033995,1,2,30,50,15,0,PAV070
29,4,50,1,233.139781,161.6536333,50,1,29,4,50,1,5,15,60,9,10,100,10,-1,2,0.9659953,546,0.886905929,1.143342215,3.398107937,9.198107937,62,0,0.0348748,1,1,15,60,9,10,PAV070
30,5,1,1,15.013091,3.151533333,1,0,30,5,1,1,5,10,100,10,15,20,3,7,2,1.3329299,10,0.87608863,0.897001195,1.684845871,6.284845871,46,1,0.0376232,1,2,15,20,3,30,PAV070
30,5,2,1,19.213133,16.35983333,2,0,30,5,2,1,5,15,60,9,10,100,10,-1,1,1.4246949,20,0.94094796,1.126937379,3.59627458,9.39627458,61,1,0.0453115,1,1,15,60,9,10,PAV070
30,5,3,1,23.796308,18.317,3,0,30,5,3,1,5,10,100,10,20,50,10,0,2,0.9904649,30,0.95302653,0.755813506,5.229285784,9.029285784,38,1,0.0346677,1,2,20,50,10,0,PAV070
30,5,4,1,27.596568,21.82533333,4,1,30,5,4,1,5,12,90,10.8,10,100,10,0.8,2,1.340067,42,0.977116479,0.63639449,5.942023008,9.142023008,31,1,0.0350968,1,1,12,90,10.8,40,PAV070
30,5,5,1,31.646133,24.7916,5,1,30,5,5,1,5,10,100,10,30,60,18,-8,1,1.1217148,42,0.739161594,0.784329635,4.796958774,8.796958774,40,0,0.041825,1,2,30,60,18,10,PAV070
30,5,6,1,35.3963,26.6166,6,0,30,5,6,1,5,30,40,12,10,100,10,2,1,1.8709221,52,0.974352709,0.714322666,1.959180007,5.559180007,36,1,0.0343755,1,1,30,40,12,10,PAV070
30,5,7,1,40.046729,29.63126667,7,0,30,5,7,1,5,10,100,10,30,90,27,-17,2,0.6841634,62,0.621436223,0.73744199,5.642568768,9.442568768,37,1,0.0360385,1,2,30,90,27,40,PAV070
30,5,8,1,43.179609,32.7702,8,1,30,5,8,1,5,30,50,15,10,100,10,5,2,1.4389443,62,0.804496475,0.666420196,5.191018416,8.591018416,33,0,0.0340155,1,1,30,50,15,0,PAV070
30,5,9,1,47.163361,34.6308,9,1,30,5,9,1,5,10,100,10,15,60,9,1,1,1.3914719,77,0.532579212,0.881005474,0.818161071,5.418161071,46,1,0.033674,1,2,15,60,9,10,PAV070
30,5,10,1,51.063551,38.03126667,10,0,30,5,10,1,5,10,100,10,30,80,24,-14,2,0.9704566,87,0.56926599,0.513465525,4.100383774,6.700383774,24,1,0.0363227,1,2,30,80,24,30,PAV070
30,5,11,1,54.19691,40.73233333,11,0,30,5,11,1,5,10,100,10,25,40,10,0,2,1.539936,97,0.522498116,0.758509086,1.398631106,5.198631106,39,1,0.0346831,1,2,25,40,10,10,PAV070
30,5,12,1,58.113499,42.5328,12,0,30,5,12,1,5,15,30,4.5,10,100,10,-5.5,1,1.2142903,107,0.73162017,0.641705757,2.082670005,5.482670005,32,1,0.0347066,1,1,15,30,4.5,20,PAV070
30,5,13,1,61.813614,45.31443333,13,0,30,5,13,1,5,30,30,9,10,100,10,-1,1,1.1306622,117,0.600366364,0.650765079,6.70046916,10.10046916,32,1,0.0389595,1,1,30,30,9,20,PAV070
30,5,14,1,65.297054,48.55973333,14,0,30,5,14,1,5,10,100,10,20,40,8,2,2,0.6949871,127,0.640117724,0.953983486,4.986428019,9.786428019,51,1,0.0370338,1,2,20,40,8,10,PAV070
30,5,15,1,68.680411,50.50453333,15,1,30,5,15,1,5,10,100,10,25,50,12.5,-2.5,1,1.5761033,127,0.688646928,0.784236418,6.308148756,10.30814876,41,0,0.0369387,1,2,25,50,12.5,0,PAV070
30,5,16,1,72.83027,52.58276667,16,1,30,5,16,1,5,25,50,12.5,10,100,10,2.5,2,1.0671928,127,0.998282446,0.817326379,5.363338814,9.563338814,43,0,0.0396672,1,1,25,50,12.5,0,PAV070
30,5,17,1,76.81386,55.7378,17,1,30,5,17,1,5,20,80,16,10,100,10,6,2,1.4754724,147,0.50192669,0.755907748,3.402264665,7.202264665,39,1,0.0361093,1,1,20,80,16,30,PAV070
30,5,18,1,80.647219,57.56406667,18,0,30,5,18,1,5,10,100,10,30,70,21,-11,2,1.4893491,157,0.528163033,1.018573823,3.304765756,8.504765756,55,1,0.0353773,1,2,30,70,21,20,PAV070
30,5,19,1,84.780448,60.03133333,19,1,30,5,19,1,5,25,60,15,10,100,10,5,2,1.3460918,182,0.786273041,0.812424808,3.458239158,7.658239158,42,1,0.0341955,1,1,25,60,15,10,PAV070
30,5,20,1,88.814005,62.9478,20,1,30,5,20,1,5,12,80,9.6,10,100,10,-0.4,2,0.8237431,194,0.627632559,1.108504686,3.489969943,9.089969943,60,1,0.0347165,1,1,12,80,9.6,30,PAV070
30,5,21,1,92.46405,64.66536667,21,0,30,5,21,1,5,20,70,14,10,100,10,4,1,1.5810712,204,0.860323378,0.942368604,1.063452398,5.863452398,50,1,0.0377839,1,1,20,70,14,20,PAV070
30,5,22,1,96.930799,66.99993333,22,1,30,5,22,1,5,12,70,8.4,10,100,10,-1.6,2,1.1733177,204,0.600978114,0.61702643,6.910510247,10.11051025,31,0,0.0370798,1,1,12,70,8.4,20,PAV070
30,5,23,1,100.430816,70.25753333,23,0,30,5,23,1,5,20,60,12,10,100,10,2,1,2.052122,214,0.983875514,0.557748829,7.101932693,9.901932693,27,1,0.0369551,1,1,20,60,12,10,PAV070
30,5,24,1,105.114201,72.11526667,24,1,30,5,24,1,5,10,100,10,15,50,7.5,2.5,1,1.61322,214,0.878543128,1.180748905,4.810942458,10.81094246,64,0,0.0345995,1,2,15,50,7.5,0,PAV070
30,5,25,1,109.864277,74.76986667,25,0,30,5,25,1,5,10,100,10,25,90,22.5,-12.5,2,3.2476768,224,0.865844756,0.563900835,6.043825587,9.043825587,26,1,0.0342674,1,2,25,90,22.5,40,PAV070
30,5,26,1,115.630985,78.29036667,26,0,30,5,26,1,5,10,100,10,20,30,6,4,2,1.2471571,234,0.655337562,0.604773769,2.968305831,6.168305831,30,1,0.038343,1,2,20,30,6,20,PAV070
30,5,27,1,119.231042,80.11523333,27,0,30,5,27,1,5,10,100,10,25,60,15,-5,2,2.1926482,244,0.613074748,0.988243091,0.621679469,5.621679469,53,1,0.0352266,1,2,25,60,15,10,PAV070
30,5,28,1,124.131041,83.2151,28,0,30,5,28,1,5,10,100,10,20,50,10,0,2,1.2682001,254,0.543581106,0.736879184,3.967137013,7.767137013,37,1,0.0371238,1,2,20,50,10,0,PAV070
30,5,29,1,127.764485,86.13286667,29,0,30,5,29,1,5,30,50,15,10,100,10,5,1,1.6842341,264,0.581036175,1.021797367,0.430880058,5.630880058,55,1,0.0352096,1,1,30,50,15,0,PAV070
30,5,30,1,132.147882,88.00536667,30,1,30,5,30,1,5,25,70,17.5,10,100,10,7.5,2,3.5890007,264,0.642863052,0.915156717,5.031670176,9.631670176,48,0,0.0396723,1,1,25,70,17.5,20,PAV070
30,5,31,1,138.381276,90.7977,31,0,30,5,31,1,5,25,40,10,10,100,10,0,1,1.2874182,274,0.785259359,0.530990258,7.652934706,10.45293471,25,1,0.0347562,1,1,25,40,10,10,PAV070
30,5,32,1,142.064658,94.04603333,32,1,30,5,32,1,5,15,90,13.5,10,100,10,3.5,2,1.4582184,289,0.827711355,0.660511414,4.878157267,8.278157267,33,1,0.038577,1,1,15,90,13.5,40,PAV070
30,5,33,1,146.09786,96.05496667,33,0,30,5,33,1,5,10,100,10,25,80,20,-10,2,0.8593313,299,0.749770395,0.909301295,5.382235762,9.982235762,47,1,0.0356233,1,2,25,80,20,30,PAV070
30,5,34,1,149.731249,98.78406667,34,1,30,5,34,1,5,20,90,18,10,100,10,8,2,1.2706263,319,0.864548513,1.089155982,3.683658055,9.283658055,59,1,0.034411,1,1,20,90,18,40,PAV070
30,5,35,1,154.064788,102.4843333,35,0,30,5,35,1,5,10,100,10,20,50,10,0,2,1.4721089,329,0.523586775,1.108646438,4.675423553,10.27542355,60,1,0.0343521,1,2,20,50,10,0,PAV070
30,5,36,1,158.248112,104.0975333,36,0,30,5,36,1,5,10,100,10,30,40,12,-2,2,1.2705696,339,0.825822036,0.726221186,7.056235168,10.85623517,37,1,0.0376599,1,2,30,40,12,10,PAV070
30,5,37,1,162.147736,107.9486,37,0,30,5,37,1,5,25,20,5,10,100,10,-5,1,1.8128956,349,0.854915522,0.580952157,5.191771799,8.191771799,28,1,0.0352484,1,1,25,20,5,30,PAV070
30,5,38,1,166.48163,113.113,38,0,30,5,38,1,5,20,50,10,10,100,10,0,1,1.2981394,359,0.896396493,1.096274064,-0.098647298,5.501352702,59,1,0.0479743,1,1,20,50,10,0,PAV070
30,5,39,1,170.865021,114.7311,39,0,30,5,39,1,5,10,100,10,12,50,6,4,2,1.3466008,369,0.627237103,0.953685011,2.77124686,7.57124686,51,1,0.0436759,1,2,12,50,6,0,PAV070
30,5,40,1,174.881729,117.5349,40,0,30,5,40,1,5,10,100,10,15,70,10.5,-0.5,2,0.9727102,379,0.930010619,1.123812602,3.133415859,8.933415859,61,1,0.0349843,1,2,15,70,10.5,20,PAV070
30,5,41,1,179.015026,121.4304667,41,0,30,5,41,1,5,15,40,6,10,100,10,-4,1,1.112893,389,0.675126968,0.812296133,0.851941035,5.051941035,42,1,0.0385085,1,1,15,40,6,10,PAV070
30,5,42,1,182.698487,123.4906667,42,0,30,5,42,1,5,10,100,10,20,20,4,6,2,1.4448697,399,0.609763663,0.897990383,2.970395393,7.570395393,47,1,0.0350296,1,2,20,20,4,30,PAV070
30,5,43,1,186.731357,126.1840333,43,0,30,5,43,1,5,10,100,10,12,30,3.6,6.4,2,1.0459917,409,0.690699386,1.197375729,2.513651472,8.513651472,65,1,0.0345507,1,2,12,30,3.6,20,PAV070
30,5,44,1,190.748513,129.4479333,44,0,30,5,44,1,5,10,100,10,25,30,7.5,2.5,2,1.44203,419,0.896624607,0.568837194,4.36655222,7.36655222,28,1,0.0367788,1,2,25,30,7.5,20,PAV070
30,5,45,1,194.765295,131.5331667,45,1,30,5,45,1,5,15,80,12,10,100,10,2,2,0.9316042,434,0.944774978,1.085756506,-0.367059861,5.232940139,59,1,0.036325,1,1,15,80,12,30,PAV070
30,5,46,1,198.815366,136.7042,46,0,30,5,46,1,5,12,40,4.8,10,100,10,-5.2,1,2.2346896,444,0.564996186,0.895026965,3.86431935,8.46431935,47,1,0.0368459,1,1,12,40,4.8,10,PAV070
30,5,47,1,203.61543,139.6695,47,0,30,5,47,1,5,10,100,10,12,60,7.2,2.8,2,2.0584103,454,0.598396344,0.639462932,3.776315341,6.976315341,32,1,0.0347686,1,2,12,60,7.2,10,PAV070
30,5,48,1,208.015485,141.2536667,48,1,30,5,48,1,5,10,100,10,25,50,12.5,-2.5,1,1.3945243,479,0.706298777,0.751152001,2.722505876,6.522505876,38,1,0.0406002,1,2,25,50,12.5,0,PAV070
30,5,49,1,211.965535,144.2357667,49,0,30,5,49,1,5,12,20,2.4,10,100,10,-7.6,1,2.4463854,489,0.975316774,1.054568644,4.045002823,9.445002823,56,1,0.0362988,1,1,12,20,2.4,30,PAV070
30,5,50,1,217.532272,146.9575333,50,0,30,5,50,1,5,30,20,6,10,100,10,-4,1,1.008397,499,0.761246442,0.71421292,7.10023131,10.70023131,36,1,0.0344616,1,1,30,20,6,30,PAV070
11,1,1,1,13.004506,123.8118,1,1,11,1,1,1,5,20,60,12,10,100,10,2,,,0,0.629066627,0.673977424,,,,,,,1,20,60,12,10,PAV071
11,1,2,1,19.089768,132.7113333,2,0,11,1,2,1,5,10,100,10,30,60,18,-8,2,1.9012037,10,0.726996322,0.687794951,2.032209244,5.632209244,35,1,0.0332708,1,2,30,60,18,10,PAV071
11,1,3,1,23.48798,140.0618333,3,0,11,1,3,1,5,12,70,8.4,10,100,10,-1.6,1,1.3904332,20,0.58272888,0.807380054,2.657294754,6.857294754,41,1,0.0327438,1,1,12,70,8.4,20,PAV071
11,1,4,1,27.371128,142.6628,4,0,11,1,4,1,5,15,40,6,10,100,10,-4,1,1.1349507,30,0.522844974,1.14341351,-0.253770951,5.546229049,61,1,0.0328336,1,1,15,40,6,10,PAV071
11,1,5,1,31.260826,145.1450333,5,0,11,1,5,1,5,20,30,6,10,100,10,-4,1,0.9962958,40,0.540670275,0.737389554,3.831746534,7.631746534,38,1,0.033207,1,1,20,30,6,20,PAV071
11,1,6,1,34.621105,148.3951667,6,0,11,1,6,1,5,10,100,10,15,60,9,1,2,0.5289536,50,0.767147862,0.50561188,5.181737629,7.781737629,24,1,0.0335458,1,2,15,60,9,10,PAV071
11,1,7,1,37.521238,150.1774,7,0,11,1,7,1,5,15,90,13.5,10,100,10,3.5,1,0.7092997,60,0.852299244,0.755496971,6.283275244,10.08327524,37,1,0.0495537,1,1,15,90,13.5,40,PAV071
11,1,8,1,40.938343,152.9170333,8,0,11,1,8,1,5,10,100,10,25,80,20,-10,2,0.6631943,70,0.831714016,0.647669763,7.169387177,10.56938718,32,1,0.0501401,1,2,25,80,20,30,PAV071
11,1,9,1,44.188229,155.6939,9,0,11,1,9,1,5,12,80,9.6,10,100,10,-0.4,1,1.3139578,80,0.638201911,0.585424074,5.284379841,8.284379841,29,1,0.0331532,1,1,12,80,9.6,30,PAV071
11,1,10,1,47.823569,156.8281667,10,1,11,1,10,1,5,30,70,21,10,100,10,11,2,1.0747323,110,0.89527239,0.660968668,4.459640332,7.859640332,33,1,0.0332093,1,1,30,70,21,20,PAV071
11,1,11,1,51.538006,159.1778,11,1,11,1,11,1,5,25,60,15,10,100,10,5,2,0.7606857,110,0.749661056,0.929216223,4.926785966,9.726785966,48,0,0.0320759,1,1,25,60,15,10,PAV071
11,1,12,1,55.071937,161.6938,12,0,11,1,12,1,5,15,30,4.5,10,100,10,-5.5,1,0.9883116,120,0.63409878,1.037974508,5.543425026,10.74342503,56,1,0.0494231,1,1,15,30,4.5,20,PAV071
11,1,13,1,58.838475,163.2768667,13,0,11,1,13,1,5,10,100,10,30,30,9,1,2,0.5837233,130,0.719999115,0.759898689,4.971404668,8.771404668,38,1,0.0329533,1,2,30,30,9,20,PAV071
11,1,14,1,61.988201,165.8455,14,1,11,1,14,1,5,10,100,10,30,50,15,-5,1,1.2182303,160,0.597663101,0.786468422,2.576040799,6.576040799,40,1,0.0331655,1,2,30,50,15,0,PAV071
11,1,15,1,65.721542,168.7939667,15,1,11,1,15,1,5,10,100,10,20,50,10,0,1,1.0672181,180,0.52588528,1.131944038,0.272778361,6.072778361,61,1,0.0304813,1,2,20,50,10,0,PAV071
11,1,16,1,69.52218,170.5788667,16,1,11,1,16,1,5,25,40,10,10,100,10,0,2,1.128285,180,0.668826314,0.959179927,3.407077567,8.207077567,47,0,0.0286992,1,1,25,40,10,10,PAV071
11,1,17,1,73.371944,173.1941333,17,0,11,1,17,1,5,10,100,10,20,40,8,2,2,0.715789,190,0.96360088,0.997210681,4.214028367,9.214028367,51,1,0.0310971,1,2,20,40,8,10,PAV071
11,1,18,1,77.138358,175.9273667,18,1,11,1,18,1,5,10,100,10,15,50,7.5,2.5,1,1.4057122,190,0.506041762,0.691896863,4.768165674,8.368165674,34,0,0.0334663,1,2,15,50,7.5,0,PAV071
11,1,19,1,80.821465,177.7278333,19,0,11,1,19,1,5,10,100,10,30,80,24,-14,2,0.6221968,200,0.898727122,0.947897183,1.163783617,5.963783617,49,1,0.0323063,1,2,30,80,24,30,PAV071
11,1,20,1,84.372182,180.4953333,20,0,11,1,20,1,5,10,100,10,12,20,2.4,7.6,2,0.6585712,210,0.975313833,0.715181962,2.176966387,5.776966387,35,1,0.0329387,1,2,12,20,2.4,30,PAV071
11,1,21,1,87.804885,182.8775333,21,0,11,1,21,1,5,30,90,27,10,100,10,17,1,0.7379812,220,0.761978057,0.531035215,7.496077607,10.29607761,25,1,0.0501043,1,1,30,90,27,40,PAV071
11,1,22,1,90.938417,184.9118,22,0,11,1,22,1,5,10,100,10,12,30,3.6,6.4,2,0.9428241,230,0.69991698,0.593119777,2.68284449,5.68284449,29,1,0.0318118,1,2,12,30,3.6,20,PAV071
11,1,23,1,94.271911,187.3778667,23,1,11,1,23,1,5,20,90,18,10,100,10,8,2,1.0635396,250,0.943402295,0.513532156,3.678812683,6.278812683,24,1,0.0329723,1,1,20,90,18,40,PAV071
11,1,24,1,97.87215,190.6108667,24,0,11,1,24,1,5,15,20,3,10,100,10,-7,1,1.7334493,260,0.993184439,0.646148399,2.214868408,5.614868408,32,1,0.0335174,1,1,15,20,3,30,PAV071
11,1,25,1,102.322234,192.3358,25,1,11,1,25,1,5,25,40,10,10,100,10,0,2,0.7177548,285,0.549534783,0.830272921,1.963676306,6.163676306,42,1,0.0337404,1,1,25,40,10,10,PAV071
11,1,26,1,105.505379,195.0283333,26,1,11,1,26,1,5,25,90,22.5,10,100,10,12.5,2,0.7405596,310,0.707678043,0.58381686,2.114013426,5.114013426,28,1,0.0334798,1,1,25,90,22.5,40,PAV071
11,1,27,1,108.6391,197.7776333,27,1,11,1,27,1,5,12,90,10.8,10,100,10,0.8,2,0.6949974,322,0.982689803,1.172689258,3.233898195,9.233898195,62,1,0.0329552,1,1,12,90,10.8,40,PAV071
11,1,28,1,112.588794,200.2108333,28,1,11,1,28,1,5,10,100,10,12,40,4.8,5.2,1,0.9574993,322,0.753029322,0.703482161,4.3739493,7.9739493,35,0,0.0352742,1,2,12,40,4.8,10,PAV071
11,1,29,1,116.088878,202.4778667,29,1,11,1,29,1,5,10,100,10,25,20,5,5,1,1.4055706,322,0.573217915,0.919673786,2.5757251,7.1757251,46,0,0.03333,1,2,25,20,5,30,PAV071
11,1,30,1,120.072139,205.0776333,30,0,11,1,30,1,5,10,100,10,15,60,9,1,2,0.5247347,332,0.52832449,0.83477044,4.303557989,8.503557989,43,1,0.0332396,1,2,15,60,9,10,PAV071
11,1,31,1,123.038868,206.7105,31,1,11,1,31,1,5,10,100,10,25,50,12.5,-2.5,1,1.0181208,357,0.612303205,1.121617349,1.773350365,7.573350365,59,1,0.0330778,1,2,25,50,12.5,0,PAV071
11,1,32,1,126.890088,209.4610333,32,1,11,1,32,1,5,20,50,10,10,100,10,0,2,0.877701,357,0.691864996,1.18765149,4.299998465,10.29999847,64,0,0.0323814,1,1,20,50,10,0,PAV071
11,1,33,1,130.738437,211.7776667,33,0,11,1,33,1,5,10,100,10,30,20,6,4,2,0.5834041,367,0.906349698,0.678746004,3.411616979,6.811616979,33,1,0.0315289,1,2,30,20,6,30,PAV071
11,1,34,1,134.005966,213.5608,34,1,11,1,34,1,5,10,100,10,15,80,12,-2,1,0.6845228,367,0.625177227,0.634420084,6.718209107,9.918209107,29,0,0.0333491,1,2,15,80,12,30,PAV071
11,1,35,1,137.056026,215.9278667,35,0,11,1,35,1,5,10,100,10,20,50,10,0,2,1.1795359,377,0.571890168,0.989888004,3.450872015,8.450872015,53,1,0.0334877,1,2,20,50,10,0,PAV071
11,1,36,1,140.889084,218.5438,36,1,11,1,36,1,5,30,50,15,10,100,10,5,2,1.0071367,407,0.530031784,1.132807335,1.107550346,6.907550346,59,1,0.03289,1,1,30,50,15,0,PAV071
11,1,37,1,144.65574,221.2767667,37,1,11,1,37,1,5,12,60,7.2,10,100,10,-2.8,2,1.1679259,419,0.888974776,0.960786736,1.046289711,6.046289711,51,1,0.0333897,1,1,12,60,7.2,10,PAV071
11,1,38,1,148.772638,223.9778333,38,1,11,1,38,1,5,20,70,14,10,100,10,4,2,0.7517878,439,0.991875357,0.968142228,1.369220021,6.369220021,50,1,0.0326189,1,1,20,70,14,20,PAV071
11,1,39,1,152.589512,226.5616,39,1,11,1,39,1,5,30,40,12,10,100,10,2,2,1.4132465,439,0.518157092,0.628764182,4.635933285,7.835933285,31,0,0.0334465,1,1,30,40,12,10,PAV071
11,1,40,1,156.241545,227.9108,40,0,11,1,40,1,5,10,100,10,25,70,17.5,-7.5,2,0.6911926,449,0.959198721,0.605778003,6.613364085,9.813364085,30,1,0.0330503,1,2,25,70,17.5,20,PAV071
11,1,41,1,159.589052,230.2946,41,1,11,1,41,1,5,10,100,10,20,50,10,0,1,1.0902753,469,0.918902199,0.667585173,1.631053536,5.031053536,33,1,0.0334595,1,2,20,50,10,0,PAV071
11,1,42,1,163.38942,233.2106,42,1,11,1,42,1,5,10,100,10,20,80,16,-6,1,1.0643158,489,0.51226083,0.889300738,1.490502594,6.090502594,46,1,0.0335516,1,2,20,80,16,30,PAV071
11,1,43,1,166.956107,235.2109333,43,0,11,1,43,1,5,12,50,6,10,100,10,-4,1,0.7974141,499,0.998778714,0.908741866,0.443672331,5.043672331,47,1,0.0332252,1,1,12,50,6,0,PAV071
11,1,44,1,170.757642,237.7441667,44,1,11,1,44,1,5,10,100,10,25,50,12.5,-2.5,1,1.0439063,524,0.877842796,0.796602171,2.892138729,6.892138729,39,1,0.0331738,1,2,25,50,12.5,0,PAV071
11,1,45,1,174.574397,241.1114333,45,1,11,1,45,1,5,10,100,10,25,50,12.5,-2.5,1,1.2191687,549,0.744200847,0.720382864,2.113225587,5.913225587,36,1,0.0325447,1,2,25,50,12.5,0,PAV071
11,1,46,1,178.356513,242.2611,46,0,11,1,46,1,5,25,30,7.5,10,100,10,-2.5,1,1.8009375,559,0.58973246,0.973163912,0.158532382,5.158532382,52,1,0.0341486,1,1,25,30,7.5,20,PAV071
11,1,47,1,182.806374,244.694,47,1,11,1,47,1,5,10,100,10,15,70,10.5,-0.5,1,1.804312,574,0.608383502,1.017972149,1.689318589,6.889318589,55,1,0.0329703,1,2,15,70,10.5,20,PAV071
11,1,48,1,187.323345,247.8778667,48,1,11,1,48,1,5,25,60,15,10,100,10,5,2,1.1549102,599,0.957648251,0.544982258,4.517271872,7.317271872,25,1,0.0330417,1,1,25,60,15,10,PAV071
11,1,49,1,191.05694,249.4445333,49,1,11,1,49,1,5,20,20,4,10,100,10,-6,2,0.6629702,599,0.787896615,0.688583898,6.531675623,10.13167562,34,0,0.0325994,1,1,20,20,4,30,PAV071
11,1,50,1,194.306656,252.3934,50,1,11,1,50,1,5,10,100,10,30,40,12,-2,1,1.0744419,599,0.913407219,0.849366828,3.2320615,7.6320615,43,0,0.0331888,1,2,30,40,12,10,PAV071
12,2,1,1,12.99628,2.131833333,1,1,12,2,1,1,5,10,100,10,20,60,12,-2,1,1.0501389,20,0.725564824,1.035152995,1.424951028,6.624951028,53,1,0.0505278,1,2,20,60,12,10,PAV071
12,2,2,1,16.912837,14.04836667,2,1,12,2,2,1,5,10,100,10,30,50,15,-5,1,1.045618,50,0.543850059,1.126946829,1.315390537,7.115390537,58,1,0.0332192,1,2,30,50,15,0,PAV071
12,2,3,1,20.711528,16.16106667,3,1,12,2,3,1,5,10,100,10,15,80,12,-2,1,1.0963117,65,0.654708674,1.116341648,2.763099679,8.363099679,57,1,0.0334919,1,2,15,80,12,30,PAV071
12,2,4,1,24.66301,19.12793333,4,1,12,2,4,1,5,25,40,10,10,100,10,0,2,1.6624872,65,0.855099197,1.032570203,5.103560874,10.30356087,53,0,0.0335977,1,1,25,40,10,10,PAV071
12,2,5,1,29.29578,21.80736667,5,1,12,2,5,1,5,25,50,12.5,10,100,10,2.5,2,1.4960723,65,0.559226792,0.761751897,6.299865049,10.29986505,39,0,0.0330922,1,1,25,50,12.5,0,PAV071
12,2,6,1,33.194523,23.97763333,6,1,12,2,6,1,5,10,100,10,20,30,6,4,1,2.0313644,65,0.646780045,0.6938522,6.609033664,10.20903366,35,0,0.033005,1,2,20,30,6,20,PAV071
12,2,7,1,37.661475,27.39536667,7,1,12,2,7,1,5,25,50,12.5,10,100,10,2.5,2,1.0824111,65,0.969659755,0.500378059,6.115734757,8.715734757,23,0,0.0332253,1,1,25,50,12.5,0,PAV071
12,2,8,1,41.31181,30.79303333,8,0,12,2,8,1,5,25,60,15,10,100,10,5,1,1.0066678,75,0.814485436,0.593137081,5.261744997,8.261744997,29,1,0.0355555,1,1,25,60,15,10,PAV071
12,2,9,1,44.811527,32.61166667,9,1,12,2,9,1,5,12,50,6,10,100,10,-4,2,0.879003,87,0.574120474,0.58396706,4.356772214,7.356772214,27,1,0.0351015,1,1,12,50,6,0,PAV071
12,2,10,1,47.945613,35.96163333,10,1,12,2,10,1,5,12,90,10.8,10,100,10,0.8,2,1.1713386,99,0.627697687,0.968616405,0.148725158,5.148725158,52,1,0.0329944,1,1,12,90,10.8,40,PAV071
12,2,11,1,51.79518,38.74436667,11,1,12,2,11,1,5,25,70,17.5,10,100,10,7.5,2,0.9415914,124,0.787553625,1.057546555,2.462781267,7.862781267,57,1,0.0475557,1,1,25,70,17.5,20,PAV071
12,2,12,1,55.695346,40.3117,12,0,12,2,12,1,5,10,100,10,25,90,22.5,-12.5,2,1.0875448,134,0.876220731,0.876514293,4.742454739,9.142454739,43,1,0.0331055,1,2,25,90,22.5,40,PAV071
12,2,13,1,59.612724,42.9473,13,0,12,2,13,1,5,10,100,10,15,20,3,7,2,1.2371518,144,0.935814075,0.978119827,1.002693959,6.002693959,50,1,0.0357704,1,2,15,20,3,30,PAV071
12,2,14,1,63.846546,45.6904,14,1,12,2,14,1,5,10,100,10,25,30,7.5,2.5,1,0.7694792,144,0.608985689,1.136359399,1.384478441,7.184478441,61,0,0.0321739,1,2,25,30,7.5,20,PAV071
12,2,15,1,67.445135,47.3445,15,1,12,2,15,1,5,20,70,14,10,100,10,4,2,0.8806915,164,0.596310878,0.966974542,3.303525051,8.303525051,52,1,0.0327291,1,1,20,70,14,20,PAV071
12,2,16,1,70.99524,50.12863333,16,1,12,2,16,1,5,30,50,15,10,100,10,5,2,0.8765589,164,0.516863281,0.651737999,6.604602184,10.00460218,32,0,0.0335386,1,1,30,50,15,0,PAV071
12,2,17,1,74.145519,52.7369,17,0,12,2,17,1,5,15,30,4.5,10,100,10,-5.5,1,0.941692,174,0.684551637,1.059716297,-0.249508674,5.150491326,55,1,0.0329715,1,1,15,30,4.5,20,PAV071
12,2,18,1,77.928906,54.8786,18,1,12,2,18,1,5,10,100,10,20,20,4,6,1,1.4539271,174,0.572917917,0.862412114,6.470597938,10.87059794,44,0,0.0327488,1,2,20,20,4,30,PAV071
12,2,19,1,81.896158,57.6947,19,1,12,2,19,1,5,10,100,10,15,60,9,1,1,1.1082884,174,0.989408794,0.801987386,5.748633959,9.948633959,41,0,0.049653,1,2,15,60,9,10,PAV071
12,2,20,1,85.912114,60.85,20,0,12,2,20,1,5,10,100,10,15,90,13.5,-3.5,2,0.9647009,184,0.89015457,0.672132596,4.184809746,7.584809746,33,1,0.0324963,1,2,15,90,13.5,40,PAV071
12,2,21,1,89.529084,62.877,21,1,12,2,21,1,5,10,100,10,20,50,10,0,1,0.8097046,184,0.541189797,0.964402092,4.530586467,9.530586467,52,0,0.0327548,1,2,20,50,10,0,PAV071
12,2,22,1,92.945774,65.79406667,22,0,12,2,22,1,5,25,50,12.5,10,100,10,2.5,1,0.5856884,194,0.517525225,0.678893362,3.459604593,6.859604593,34,1,0.032152,1,1,25,50,12.5,0,PAV071
12,2,23,1,95.812201,68.3261,23,0,12,2,23,1,5,10,100,10,20,50,10,0,2,0.3500468,204,0.653898036,0.713697766,1.328711252,4.928711252,34,1,0.0392838,1,2,20,50,10,0,PAV071
12,2,24,1,98.61217,70.36143333,24,0,12,2,24,1,5,15,50,7.5,10,100,10,-2.5,1,1.0755985,214,0.963204436,1.128258654,4.000336903,9.800336903,61,1,0.0329548,1,1,15,50,7.5,0,PAV071
12,2,25,1,102.879186,72.5783,25,0,12,2,25,1,5,10,100,10,12,70,8.4,1.6,2,0.6686704,224,0.643615778,1.199881857,0.352839481,6.352839481,63,1,0.033169,1,2,12,70,8.4,20,PAV071
12,2,26,1,106.477201,75.0858,26,1,12,2,26,1,5,10,100,10,25,80,20,-10,1,0.5801055,249,0.575656587,1.123011964,-0.565310764,5.234689236,60,1,0.0352063,1,2,25,80,20,30,PAV071
12,2,27,1,109.848224,77.21086667,27,0,12,2,27,1,5,10,100,10,20,50,10,0,2,0.8175424,259,0.97251556,1.07876739,0.846474832,6.246474832,57,1,0.033071,1,2,20,50,10,0,PAV071
12,2,28,1,113.795999,80.27753333,28,1,12,2,28,1,5,25,40,10,10,100,10,0,2,0.8087944,259,0.789608229,0.673188819,5.067323457,8.467323457,32,0,0.0271498,1,1,25,40,10,10,PAV071
12,2,29,1,117.162478,83.0035,29,0,12,2,29,1,5,30,20,6,10,100,10,-4,1,0.9610463,269,0.930553406,0.800186333,2.026554045,6.226554045,40,1,0.0369875,1,1,30,20,6,30,PAV071
12,2,30,1,120.962524,84.89446667,30,1,12,2,30,1,5,20,50,10,10,100,10,0,2,0.542602,269,0.938999103,0.727920546,4.431275903,8.231275903,37,0,0.0329797,1,1,20,50,10,0,PAV071
12,2,31,1,124.264808,87.59406667,31,1,12,2,31,1,5,15,70,10.5,10,100,10,0.5,2,0.8140803,269,0.502814424,0.621323707,6.715644123,9.915644123,31,0,0.0316571,1,1,15,70,10.5,20,PAV071
12,2,32,1,127.295957,90.33736667,32,0,12,2,32,1,5,10,100,10,30,60,18,-8,2,0.9543344,279,0.571509077,1.120043312,3.779672095,9.579672095,61,1,0.0334561,1,2,30,60,18,10,PAV071
12,2,33,1,131.030257,92.37796667,33,0,12,2,33,1,5,25,20,5,10,100,10,-5,1,0.3611824,289,0.651248666,1.04224438,3.98661484,9.38661484,54,1,0.0326913,1,1,25,20,5,30,PAV071
12,2,34,1,134.179567,94.24403333,34,0,12,2,34,1,5,10,100,10,12,20,2.4,7.6,2,1.1580393,299,0.787159625,1.0100335,1.398893021,6.598893021,53,1,0.0356074,1,2,12,20,2.4,30,PAV071
12,2,35,1,138.229413,96.16113333,35,0,12,2,35,1,5,15,60,9,10,100,10,-1,1,0.6283654,309,0.633580927,0.575487442,5.786614234,8.786614234,28,1,0.0335408,1,1,15,60,9,10,PAV071
12,2,36,1,141.162832,97.93033333,36,0,12,2,36,1,5,12,30,3.6,10,100,10,-6.4,1,0.7777285,319,0.742708099,1.093111456,0.474790375,6.074790375,57,1,0.0345085,1,1,12,30,3.6,20,PAV071
12,2,37,1,144.874354,100.8607,37,0,12,2,37,1,5,10,100,10,30,30,9,1,2,1.2978476,329,0.793148156,0.784317581,3.625208608,7.625208608,38,1,0.0332606,1,2,30,30,9,20,PAV071
12,2,38,1,148.846184,103.5467667,38,0,12,2,38,1,5,10,100,10,30,90,27,-17,2,0.796677,339,0.516936037,0.667895611,7.21868679,10.61868679,34,1,0.0332223,1,2,30,90,27,40,PAV071
12,2,39,1,151.932414,105.7948,39,0,12,2,39,1,5,10,100,10,20,40,8,2,2,1.0110322,349,0.662990162,0.899276251,5.857685196,10.4576852,46,1,0.0337159,1,2,20,40,8,10,PAV071
12,2,40,1,155.613162,108.2293,40,1,12,2,40,1,5,25,60,15,10,100,10,5,2,0.7066192,374,0.786826916,0.551922316,3.471483402,6.271483402,27,1,0.033196,1,1,25,60,15,10,PAV071
12,2,41,1,158.762998,110.6650667,41,1,12,2,41,1,5,10,100,10,30,70,21,-11,1,1.0787555,404,0.509234567,1.078860189,-0.496664989,4.903335011,56,1,0.0331141,1,2,30,70,21,20,PAV071
12,2,42,1,162.514285,112.7938667,42,0,12,2,42,1,5,10,100,10,12,60,7.2,2.8,2,0.9154569,414,0.714941218,0.903860556,4.752555458,9.352555458,47,1,0.0369029,1,2,12,60,7.2,10,PAV071
12,2,43,1,166.161586,115.3278667,43,1,12,2,43,1,5,10,100,10,20,80,16,-6,1,0.806252,434,0.699973821,1.188354068,2.534428352,8.534428352,63,1,0.0351556,1,2,20,80,16,30,PAV071
12,2,44,1,169.946475,118.1220333,44,1,12,2,44,1,5,30,40,12,10,100,10,2,2,1.093193,434,0.819528827,0.972648427,3.396348427,8.396348427,52,0,0.0328237,1,1,30,40,12,10,PAV071
12,2,45,1,173.931162,119.9952667,45,1,12,2,45,1,5,20,90,18,10,100,10,8,2,0.9534127,454,0.639198582,0.652139631,5.310609775,8.710609775,33,1,0.0333912,1,1,20,90,18,40,PAV071
12,2,46,1,177.263171,122.2775333,46,1,12,2,46,1,5,10,100,10,12,80,9.6,0.4,1,1.227657,454,0.699604143,0.541485197,7.743896371,10.54389637,26,0,0.0329953,1,2,12,80,9.6,30,PAV071
12,2,47,1,180.829784,125.0778667,47,1,12,2,47,1,5,30,40,12,10,100,10,2,2,1.8040687,454,0.863615447,1.127460115,1.887070105,7.687070105,60,0,0.0501035,1,1,30,40,12,10,PAV071
12,2,48,1,185.713498,126.7610333,48,1,12,2,48,1,5,30,80,24,10,100,10,14,2,0.9359969,484,0.902148919,0.769432019,2.671703197,6.671703197,40,1,0.0331498,1,1,30,80,24,30,PAV071
12,2,49,1,189.413542,129.4110333,49,0,12,2,49,1,5,10,100,10,15,40,6,4,2,0.6182629,494,0.769412792,1.183838673,1.607519013,7.607519013,65,1,0.0332328,1,2,15,40,6,10,PAV071
12,2,50,1,193.096924,131.3908,50,0,12,2,50,1,5,12,40,4.8,10,100,10,-5.2,1,0.8387787,504,0.726972699,0.995944377,1.757911342,6.757911342,52,1,0.0503527,1,1,12,40,4.8,10,PAV071
3,1,1,1,14.836257,2.8802,1,0,3,1,1,1,5,15,50,7.5,10,100,10,-2.5,1,2.2995412,10,0.921230782,0.732348712,2.969749856,6.769749856,37,1,0.0520312,1,1,15,50,7.5,0,PAV075
3,1,2,1,19.919635,17.1681,2,1,3,1,2,1,5,10,100,10,20,50,10,0,,,10,0.914252877,0.666957821,,,,,,,2,20,50,10,0,PAV075
3,1,3,1,26.28639,17.96236667,3,1,3,1,3,1,5,10,100,10,30,80,24,-14,1,2.8938301,40,0.950076196,1.102051596,3.403195712,9.003195712,60,1,0.035415,1,2,30,80,24,30,PAV075
3,1,4,1,32.336469,24.4653,4,0,3,1,4,1,5,30,40,12,10,100,10,2,1,2.881465,50,0.531372672,1.09090004,4.00338948,9.60338948,59,1,0.0353052,1,1,30,40,12,10,PAV075
3,1,5,1,37.953194,26.31493333,5,0,3,1,5,1,5,10,100,10,15,30,4.5,5.5,2,1.745506,60,0.537740998,1.136334315,0.126941288,5.926941288,62,1,0.0558601,1,2,15,30,4.5,20,PAV075
3,1,6,1,42.486573,31.35966667,6,0,3,1,6,1,5,30,20,6,10,100,10,-4,1,2.0288636,70,0.948212201,0.526516717,4.480415203,7.280415203,25,1,0.036154,1,1,30,20,6,30,PAV075
3,1,7,1,47.086644,35.266,7,1,3,1,7,1,5,10,100,10,25,50,12.5,-2.5,1,2.0300142,70,0.535320567,0.638448023,6.379260743,9.579260743,32,0,0.0345513,1,2,25,50,12.5,0,PAV075
3,1,8,1,51.386689,37.98386667,8,1,3,1,8,1,5,15,90,13.5,10,100,10,3.5,2,1.7830957,85,0.699570538,1.005148696,3.868624192,9.068624192,54,1,0.0343265,1,1,15,90,13.5,40,PAV075
3,1,9,1,55.970077,41.9281,9,1,3,1,9,1,5,20,50,10,10,100,10,0,2,2.2429896,85,0.731928732,0.90038161,5.406528432,10.00652843,48,0,0.034774,1,1,20,50,10,0,PAV075
3,1,10,1,60.953361,44.56436667,10,1,3,1,10,1,5,20,70,14,10,100,10,4,2,1.6771267,105,0.662283089,0.611679786,5.320261024,8.520261024,30,1,0.0433558,1,1,20,70,14,20,PAV075
3,1,11,1,65.020198,47.11216667,11,1,3,1,11,1,5,10,100,10,25,60,15,-5,1,2.2757828,105,0.516680477,1.057380621,4.327430481,9.727430481,57,0,0.0343849,1,2,25,60,15,10,PAV075
3,1,12,1,69.970162,50.82623333,12,0,3,1,12,1,5,10,100,10,25,20,5,5,2,1.4840892,115,0.847286602,0.976226844,5.263683382,10.26368338,52,1,0.0386091,1,2,25,20,5,30,PAV075
3,1,13,1,74.370237,53.21343333,13,1,3,1,13,1,5,25,60,15,10,100,10,5,2,1.6974613,115,0.573432227,0.520490508,7.550190318,10.35019032,25,0,0.0374712,1,1,25,60,15,10,PAV075
3,1,14,1,78.25369,55.9956,14,0,3,1,14,1,5,10,100,10,20,50,10,0,2,1.8580623,125,0.958257941,0.717048435,3.460882327,7.060882327,37,1,0.0345695,1,2,20,50,10,0,PAV075
3,1,15,1,82.887088,60.19313333,15,0,3,1,15,1,5,12,80,9.6,10,100,10,-0.4,1,1.8593843,135,0.915244713,1.168601892,1.912898062,7.912898062,64,1,0.0356282,1,1,12,80,9.6,30,PAV075
3,1,16,1,87.936973,62.67906667,16,0,3,1,16,1,5,10,100,10,25,40,10,0,2,1.4983986,145,0.681803617,1.019365157,5.338842951,10.53884295,55,1,0.035471,1,2,25,40,10,10,PAV075
3,1,17,1,92.237131,65.0461,17,0,3,1,17,1,5,20,30,6,10,100,10,-4,1,1.6881756,155,0.923126216,0.67985684,6.123422695,9.523422695,34,1,0.0373727,1,1,20,30,6,20,PAV075
3,1,18,1,96.620364,69.427,18,1,3,1,18,1,5,10,100,10,20,90,18,-8,1,1.5553933,175,0.917179008,1.021774821,0.017942234,5.217942234,55,1,0.0349972,1,2,20,90,18,40,PAV075
3,1,19,1,101.203983,71.495,19,0,3,1,19,1,5,10,100,10,12,70,8.4,1.6,2,1.9165729,185,0.548592603,1.123124886,4.943117262,10.74311726,61,1,0.0341579,1,2,12,70,8.4,20,PAV075
3,1,20,1,105.887371,74.3988,20,0,3,1,20,1,5,10,100,10,20,50,10,0,2,2.0164055,195,0.853266905,0.732670285,5.834137029,9.634137029,37,1,0.0343966,1,2,20,50,10,0,PAV075
3,1,21,1,110.570763,77.65976667,21,1,3,1,21,1,5,25,90,22.5,10,100,10,12.5,2,1.9733453,220,0.651560572,0.855228245,0.620095116,5.020095116,45,1,0.0331759,1,1,25,90,22.5,40,PAV075
3,1,22,1,115.154024,80.1633,22,0,3,1,22,1,5,12,30,3.6,10,100,10,-6.4,1,1.8665656,230,0.705471438,0.777307862,1.643575891,5.643575891,40,1,0.03461,1,1,12,30,3.6,20,PAV075
3,1,23,1,119.587528,82.91276667,23,0,3,1,23,1,5,25,50,12.5,10,100,10,2.5,1,4.1514115,240,0.623262828,0.57830213,5.913195093,8.913195093,28,1,0.0351281,1,1,25,50,12.5,0,PAV075
3,1,24,1,126.020908,86.99353333,24,1,3,1,24,1,5,20,80,16,10,100,10,6,2,1.5263376,260,0.868851908,0.924471151,4.216805222,9.016805222,48,1,0.0347269,1,1,20,80,16,30,PAV075
3,1,25,1,130.437681,89.48066667,25,1,3,1,25,1,5,15,70,10.5,10,100,10,0.5,2,2.0130457,275,0.953906517,0.545317595,2.817563871,5.617563871,25,1,0.0347516,1,1,15,70,10.5,20,PAV075
3,1,26,1,135.037693,92.2646,26,0,3,1,26,1,5,10,100,10,30,40,12,-2,2,1.8527856,285,0.551797225,0.930931546,5.3914631,10.1914631,48,1,0.0345748,1,2,30,40,12,10,PAV075
3,1,27,1,139.471121,95.67676667,27,1,3,1,27,1,5,30,60,18,10,100,10,8,2,1.7780816,315,0.561024352,0.799551388,1.17940536,5.17940536,41,1,0.0347218,1,1,30,60,18,10,PAV075
3,1,28,1,143.687724,98.2118,28,1,3,1,28,1,5,10,100,10,25,70,17.5,-7.5,1,2.4504786,340,0.907135449,0.620540805,2.603082753,5.803082753,31,1,0.0452802,1,2,25,70,17.5,20,PAV075
3,1,29,1,148.754556,101.2286667,29,0,3,1,29,1,5,10,100,10,25,50,12.5,-2.5,2,1.8612428,350,0.892930587,0.556454368,3.990321296,6.790321296,27,1,0.0348103,1,2,25,50,12.5,0,PAV075
3,1,30,1,153.154624,105.3094333,30,1,3,1,30,1,5,30,50,15,10,100,10,5,2,3.130728,380,0.847070238,0.661726461,2.435874293,5.835874293,33,1,0.0346011,1,1,30,50,15,0,PAV075
3,1,31,1,158.888028,107.9495,31,0,3,1,31,1,5,12,20,2.4,10,100,10,-7.6,1,1.2562599,390,0.773296024,0.687976148,1.823082657,5.423082657,34,1,0.0341569,1,1,12,20,2.4,30,PAV075
3,1,32,1,162.704542,110.5952333,32,1,3,1,32,1,5,10,100,10,30,70,21,-11,1,1.7165766,390,0.914504197,0.85628869,5.109608711,9.509608711,45,0,0.0361788,1,2,30,70,21,20,PAV075
3,1,33,1,167.288133,114.4766667,33,1,3,1,33,1,5,10,100,10,30,90,27,-17,1,1.3653541,390,0.840485278,0.974298851,5.745338454,10.74533845,52,0,0.0352747,1,2,30,90,27,40,PAV075
3,1,34,1,171.554846,117.0631,34,1,3,1,34,1,5,10,100,10,12,90,10.8,-0.8,1,2.1992322,402,0.893319719,0.868877127,2.07987973,6.47987973,46,1,0.0360561,1,2,12,90,10.8,40,PAV075
3,1,35,1,176.604911,119.6135333,35,0,3,1,35,1,5,10,100,10,25,30,7.5,2.5,2,1.6042695,412,0.515098747,1.181526472,-0.186324216,5.813675784,63,1,0.0348275,1,2,25,30,7.5,20,PAV075
3,1,36,1,180.988294,125.377,36,0,3,1,36,1,5,10,100,10,25,40,10,0,2,2.0063668,422,0.620274117,0.968534797,2.640901654,7.640901654,51,1,0.036649,1,2,25,40,10,10,PAV075
3,1,37,1,185.688347,127.5956,37,0,3,1,37,1,5,10,100,10,15,60,9,1,2,2.3050969,432,0.842999642,1.193089323,4.441293717,10.44129372,65,1,0.0345887,1,2,15,60,9,10,PAV075
3,1,38,1,191.105092,130.4632,38,0,3,1,38,1,5,15,60,9,10,100,10,-1,1,2.005635,442,0.514542032,0.544430225,5.119663116,7.919663116,25,1,0.0346812,1,1,15,60,9,10,PAV075
3,1,39,1,195.255148,134.06,39,0,3,1,39,1,5,12,50,6,10,100,10,-4,1,1.9927891,452,0.945767993,0.791526547,5.191040016,9.191040016,41,1,0.0349323,1,1,12,50,6,0,PAV075
3,1,40,1,200.088497,136.9450333,40,0,3,1,40,1,5,10,100,10,12,60,7.2,2.8,2,2.5999665,462,0.858227048,0.765037039,4.450689814,8.450689814,38,1,0.0356022,1,2,12,60,7.2,10,PAV075
3,1,41,1,205.388461,139.4952333,41,1,3,1,41,1,5,10,100,10,25,80,20,-10,1,1.7594107,487,0.521382314,1.067329261,3.759564967,9.159564967,57,1,0.0353979,1,2,25,80,20,30,PAV075
3,1,42,1,209.838658,143.1099333,42,0,3,1,42,1,5,15,20,3,10,100,10,-7,1,2.5822164,497,0.958217323,0.707185064,6.50278628,10.10278628,35,1,0.0359844,1,1,15,20,3,30,PAV075
3,1,43,1,215.172062,146.1831,43,0,3,1,43,1,5,15,40,6,10,100,10,-4,1,1.4645542,507,0.569340445,0.937501351,5.227932831,10.02793283,50,1,0.0344501,1,1,15,40,6,10,PAV075
3,1,44,1,219.23877,148.7788667,44,0,3,1,44,1,5,10,100,10,30,30,9,1,2,1.6302033,517,0.762299934,0.792192358,6.781625195,10.7816252,41,1,0.0349387,1,2,30,30,9,20,PAV075
3,1,45,1,223.505078,152.2435,45,1,3,1,45,1,5,10,100,10,20,60,12,-2,1,3.6551615,517,0.552795549,0.909198894,5.024866993,9.624866993,48,0,0.0344218,1,2,20,60,12,10,PAV075
3,1,46,1,229.705572,156.3343667,46,0,3,1,46,1,5,12,40,4.8,10,100,10,-5.2,1,1.5433769,527,0.963139112,1.136036906,2.500162344,8.300162344,62,1,0.0355919,1,1,12,40,4.8,10,PAV075
3,1,47,1,234.455153,158.9123667,47,0,3,1,47,1,5,10,100,10,30,50,15,-5,2,3.1899603,537,0.737779049,0.8494491,6.542628456,10.94262846,44,1,0.0346955,1,2,30,50,15,0,PAV075
3,1,48,1,240.339041,161.91,48,1,3,1,48,1,5,15,80,12,10,100,10,2,2,2.925093,552,0.55754896,0.940404421,1.511904714,6.311904714,50,1,0.0344498,1,1,15,80,12,30,PAV075
3,1,49,1,245.855767,164.4645667,49,0,3,1,49,1,5,20,40,8,10,100,10,-2,1,2.6576188,562,0.539712213,0.779077186,5.168788027,9.168788027,40,1,0.0347359,1,1,20,40,8,10,PAV075
3,1,50,1,250.922486,167.3113667,50,0,3,1,50,1,5,20,20,4,10,100,10,-6,1,1.4123069,572,0.90168299,1.042720373,4.193365451,9.593365451,56,1,0.0362378,1,1,20,20,4,30,PAV075
4,2,1,1,14.728384,2.878733333,1,0,4,2,1,1,5,25,30,7.5,10,100,10,-2.5,1,2.3886932,10,0.616108954,0.589523668,6.836076838,9.836076838,28,1,0.036455,1,1,25,30,7.5,20,PAV075
4,2,2,1,19.427883,17.12316667,2,0,4,2,2,1,5,10,100,10,20,50,10,0,2,2.9593289,20,0.812815759,1.147933795,0.698057336,6.498057336,62,1,0.0363409,1,2,20,50,10,0,PAV075
4,2,3,1,25.44463,18.78573333,3,1,4,2,3,1,5,20,50,10,10,100,10,0,,,20,0.653570439,1.038851093,,,,,,,1,20,50,10,0,PAV075
4,2,4,1,31.545232,22.38933333,4,1,4,2,4,1,5,20,70,14,10,100,10,4,2,1.2093562,20,0.513588635,1.170556737,3.560258754,9.560258754,64,0,0.0361891,1,1,20,70,14,20,PAV075
4,2,5,1,35.545069,24.5965,5,0,4,2,5,1,5,10,100,10,20,30,6,4,2,1.4950421,30,0.517118591,0.960606585,0.319127833,5.319127833,51,1,0.0340922,1,2,20,30,6,20,PAV075
4,2,6,1,39.611989,30.8431,6,1,4,2,6,1,5,25,50,12.5,10,100,10,2.5,2,1.5755982,30,0.937610981,0.784295653,4.152441975,8.152441975,41,0,0.0347975,1,1,25,50,12.5,0,PAV075
4,2,7,1,44.011971,32.7808,7,1,4,2,7,1,5,25,80,20,10,100,10,10,2,1.160121,30,0.93469557,1.071396702,4.704606119,10.10460612,57,0,0.0364044,1,1,25,80,20,30,PAV075
4,2,8,1,48.278766,35.54626667,8,0,4,2,8,1,5,10,100,10,25,40,10,0,2,1.5374492,40,0.853315679,1.037653834,-0.280716426,4.919283574,55,1,0.0347499,1,2,25,40,10,10,PAV075
4,2,9,1,52.7953,39.04463333,9,0,4,2,9,1,5,15,20,3,10,100,10,-7,1,1.3841399,50,0.943118437,1.170279247,1.491030889,7.491030889,63,1,0.0347284,1,1,15,20,3,30,PAV075
4,2,10,1,57.378786,41.2126,10,1,4,2,10,1,5,15,90,13.5,10,100,10,3.5,2,2.0936568,65,0.855722249,0.929257736,4.044224542,8.844224542,49,1,0.0346822,1,1,15,90,13.5,40,PAV075
4,2,11,1,62.345606,44.01413333,11,0,4,2,11,1,5,12,90,10.8,10,100,10,0.8,1,1.0801905,75,0.817771631,0.759106598,3.431627418,7.231627418,39,1,0.0435373,1,1,12,90,10.8,40,PAV075
4,2,12,1,66.112316,47.29446667,12,1,4,2,12,1,5,10,100,10,20,80,16,-6,1,1.6150021,95,0.623430469,0.673222364,2.537380811,5.937380811,34,1,0.0347396,1,2,20,80,16,30,PAV075
4,2,13,1,70.112374,49.82963333,13,0,4,2,13,1,5,10,100,10,12,80,9.6,0.4,2,3.4515699,105,0.727336664,0.569874343,4.795652252,7.795652252,28,1,0.0345652,1,2,12,80,9.6,30,PAV075
4,2,14,1,75.945795,52.79743333,14,0,4,2,14,1,5,30,30,9,10,100,10,-1,1,1.8670453,115,0.807547985,0.9233426,3.308154083,8.108154083,48,1,0.0345303,1,1,30,30,9,20,PAV075
4,2,15,1,80.629038,56.39496667,15,0,4,2,15,1,5,12,30,3.6,10,100,10,-6.4,1,1.5951718,125,0.710264613,0.619649253,7.482992902,10.6829929,31,1,0.0358149,1,1,12,30,3.6,20,PAV075
4,2,16,1,84.64588,59.49823333,16,0,4,2,16,1,5,30,20,6,10,100,10,-4,1,1.5978298,135,0.95998299,0.975074402,3.352389084,8.352389084,52,1,0.0431512,1,1,30,20,6,30,PAV075
4,2,17,1,89.262601,62.34773333,17,0,4,2,17,1,5,20,20,4,10,100,10,-6,1,2.2171486,145,0.842304865,0.992559745,5.744690251,10.74469025,53,1,0.0351339,1,1,20,20,4,30,PAV075
4,2,18,1,94.39603,65.24443333,18,1,4,2,18,1,5,30,60,18,10,100,10,8,2,2.4211803,175,0.992805386,1.133486387,1.414114573,7.214114573,62,1,0.0351822,1,1,30,60,18,10,PAV075
4,2,19,1,100.029422,67.74756667,19,1,4,2,19,1,5,25,50,12.5,10,100,10,2.5,2,1.9065745,175,0.907600195,0.992892892,4.960029993,9.960029993,51,0,0.0352717,1,1,25,50,12.5,0,PAV075
4,2,20,1,104.929473,70.1125,20,1,4,2,20,1,5,20,50,10,10,100,10,0,2,1.6183513,195,0.811179015,0.91128593,1.830270031,6.430270031,48,1,0.0351107,1,1,20,50,10,0,PAV075
4,2,21,1,109.34582,75.17863333,21,1,4,2,21,1,5,10,100,10,25,60,15,-5,1,1.8658172,220,0.856499978,1.10818787,1.038253192,6.638253192,60,1,0.0339049,1,2,25,60,15,10,PAV075
4,2,22,1,114.262916,77.8333,22,0,4,2,22,1,5,10,100,10,12,70,8.4,1.6,2,2.4521462,230,0.643791969,1.168906196,1.687705101,7.687705101,64,1,0.0346559,1,2,12,70,8.4,20,PAV075
4,2,23,1,119.612826,80.62966667,23,1,4,2,23,1,5,10,100,10,30,50,15,-5,1,1.8982178,230,0.570460664,0.952723381,5.711523988,10.51152399,51,0,0.0342233,1,2,30,50,15,0,PAV075
4,2,24,1,124.129681,83.89486667,24,0,4,2,24,1,5,10,100,10,20,40,8,2,2,1.3953049,240,0.577687649,0.638359672,2.436501356,5.636501356,32,1,0.0345747,1,2,20,40,8,10,PAV075
4,2,25,1,127.829547,86.26613333,25,0,4,2,25,1,5,10,100,10,15,40,6,4,2,4.1664555,250,0.857096453,0.673012971,1.795708179,5.195708179,34,1,0.0344186,1,2,15,40,6,10,PAV075
4,2,26,1,134.613031,89.26536667,26,1,4,2,26,1,5,20,60,12,10,100,10,2,2,1.6157066,270,0.589860844,0.516916772,3.877275081,6.477275081,24,1,0.0347362,1,1,20,60,12,10,PAV075
4,2,27,1,138.413209,93.51106667,27,0,4,2,27,1,5,10,100,10,12,50,6,4,2,2.521413,280,0.886930662,1.086106407,-0.448639627,5.151360373,59,1,0.0344056,1,2,12,50,6,0,PAV075
4,2,28,1,143.996609,96.8307,28,1,4,2,28,1,5,10,100,10,30,80,24,-14,1,1.4132611,310,0.610606281,0.894375639,0.940307204,5.540307204,47,1,0.0344822,1,2,30,80,24,30,PAV075
4,2,29,1,147.996681,100.0301,29,1,4,2,29,1,5,10,100,10,20,90,18,-8,1,1.2762079,310,0.731281106,1.147419959,5.089161883,10.88916188,62,0,0.0350866,1,2,20,90,18,40,PAV075
4,2,30,1,152.246725,103.9776,30,0,4,2,30,1,5,10,100,10,15,30,4.5,5.5,2,2.7549804,320,0.671175565,0.57702838,5.942323922,8.942323922,28,1,0.0319539,1,2,15,30,4.5,20,PAV075
4,2,31,1,157.330124,106.5637667,31,1,4,2,31,1,5,10,100,10,25,60,15,-5,1,1.5806939,345,0.500032852,0.922687635,2.443875001,7.243875001,49,1,0.0346631,1,2,25,60,15,10,PAV075
4,2,32,1,161.429752,109.3459333,32,1,4,2,32,1,5,10,100,10,15,70,10.5,-0.5,1,2.936715,345,0.781005178,1.159557692,3.548631561,9.348631561,63,0,0.0367312,1,2,15,70,10.5,20,PAV075
4,2,33,1,167.396834,113.3612,33,1,4,2,33,1,5,30,50,15,10,100,10,5,2,1.4986326,345,0.79324195,0.736828318,4.860831864,8.660831864,38,0,0.0372001,1,1,30,50,15,0,PAV075
4,2,34,1,171.513276,116.7335,34,1,4,2,34,1,5,15,60,9,10,100,10,-1,2,3.0183624,360,0.706121697,0.503269057,3.057944528,5.657944528,24,1,0.0352997,1,1,15,60,9,10,PAV075
4,2,35,1,176.83037,119.6125667,35,1,4,2,35,1,5,10,100,10,30,40,12,-2,1,2.8626498,390,0.812208368,1.04556864,0.89800815,6.29800815,56,1,0.0345742,1,2,30,40,12,10,PAV075
4,2,36,1,182.630429,123.5110333,36,0,4,2,36,1,5,12,60,7.2,10,100,10,-2.8,1,1.7760784,400,0.897048643,1.187953644,-0.317290507,5.682709493,65,1,0.0347086,1,1,12,60,7.2,10,PAV075
4,2,37,1,187.597167,125.5499333,37,1,4,2,37,1,5,10,100,10,25,50,12.5,-2.5,1,1.3945672,400,0.981588077,1.081399707,3.657504278,9.257504278,58,0,0.0340502,1,2,25,50,12.5,0,PAV075
4,2,38,1,192.147139,127.8288667,38,1,4,2,38,1,5,10,100,10,15,80,12,-2,1,1.3894012,415,0.593169523,0.993416486,4.298055619,9.298055619,53,1,0.0372545,1,2,15,80,12,30,PAV075
4,2,39,1,196.213931,133.7109333,39,1,4,2,39,1,5,10,100,10,25,70,17.5,-7.5,1,2.069663,440,0.956646496,0.66375008,2.129081356,5.529081356,33,1,0.0350904,1,2,25,70,17.5,20,PAV075
4,2,40,1,200.980664,136.2463333,40,0,4,2,40,1,5,10,100,10,12,40,4.8,5.2,2,1.363533,450,0.834436229,0.569886677,2.416697775,5.416697775,28,1,0.0362115,1,2,12,40,4.8,10,PAV075
4,2,41,1,204.847371,138.4127667,41,1,4,2,41,1,5,15,60,9,10,100,10,-1,2,3.0180927,465,0.964508379,0.684074975,2.430736324,6.030736324,35,1,0.0348414,1,1,15,60,9,10,PAV075
4,2,42,1,210.614118,143.0612667,42,0,4,2,42,1,5,30,40,12,10,100,10,2,1,2.2809524,475,0.836812784,0.633045347,3.866307521,7.066307521,31,1,0.0343796,1,1,30,40,12,10,PAV075
4,2,43,1,215.44728,145.4307333,43,0,4,2,43,1,5,12,20,2.4,10,100,10,-7.6,1,2.2221015,485,0.523628775,1.138640161,-0.850951177,4.949048823,62,1,0.0334759,1,1,12,20,2.4,30,PAV075
4,2,44,1,220.414228,147.9964667,44,1,4,2,44,1,5,25,90,22.5,10,100,10,12.5,2,0.9588047,510,0.659836476,0.899053356,1.846428011,6.446428011,47,1,0.0346651,1,1,25,90,22.5,40,PAV075
4,2,45,1,224.014288,151.4616333,45,0,4,2,45,1,5,10,100,10,15,50,7.5,2.5,2,1.8572139,520,0.84342079,0.565691487,3.717001536,6.717001536,27,1,0.0374982,1,2,15,50,7.5,0,PAV075
4,2,46,1,228.364339,155.013,46,1,4,2,46,1,5,10,100,10,30,90,27,-17,1,1.0188419,550,0.511317685,0.647988977,1.911062253,5.311062253,31,1,0.0367667,1,2,30,90,27,40,PAV075
4,2,47,1,231.614193,157.3298,47,1,4,2,47,1,5,10,100,10,20,50,10,0,1,1.538519,550,0.980309272,0.590653999,6.624599737,9.624599737,27,0,0.0349876,1,2,20,50,10,0,PAV075
4,2,48,1,235.831082,160.8781333,48,0,4,2,48,1,5,30,70,21,10,100,10,11,1,1.4371109,560,0.556585996,0.971445539,4.923497728,9.923497728,52,1,0.0344574,1,1,30,70,21,20,PAV075
4,2,49,1,239.897686,164.3799667,49,0,4,2,49,1,5,10,100,10,25,20,5,5,2,1.8569424,570,0.695017996,1.05634351,0.842028514,6.242028514,57,1,0.0355125,1,2,25,20,5,30,PAV075
4,2,50,1,244.597863,167.3994667,50,1,4,2,50,1,5,25,40,10,10,100,10,0,2,3.536176,595,0.916956809,0.642840551,2.603033891,6.003033891,31,1,0.0346593,1,1,25,40,10,10,PAV075
12,3,1,1,13.94267,2.448433333,1,0,12,3,1,1,5,10,100,10,12,60,7.2,2.8,2,2.1671222,10,0.650620588,1.069924477,0.362990781,5.762990781,60,1,0.0381026,1,2,12,60,7.2,10,PAV075
12,3,2,1,18.892774,16.11503333,2,1,12,3,2,1,5,10,100,10,25,80,20,-10,1,1.4745438,10,0.773026111,0.714005112,7.140479107,10.74047911,39,0,0.0353592,1,2,25,80,20,30,PAV075
12,3,3,1,22.908637,18.23096667,3,1,12,3,3,1,5,10,100,10,12,90,10.8,-0.8,1,1.7479686,22,0.624334835,1.052537039,1.162627045,6.562627045,59,1,0.0356705,1,2,12,90,10.8,40,PAV075
12,3,4,1,27.379392,21.12046667,4,1,12,3,4,1,5,10,100,10,30,50,15,-5,1,1.6276875,22,0.720152768,0.921731955,5.159130672,9.959130672,51,0,0.0344234,1,2,30,50,15,0,PAV075
12,3,5,1,31.697308,24.6586,5,0,12,3,5,1,5,10,100,10,25,40,10,0,2,2.2385421,32,0.502585818,0.993162524,2.905517105,7.905517105,56,1,0.037565,1,2,25,40,10,10,PAV075
12,3,6,1,36.495912,26.7452,6,0,12,3,6,1,5,30,30,9,10,100,10,-1,1,2.1566795,42,0.712131693,0.724864122,3.258593931,7.058593931,39,1,0.0338449,1,1,30,30,9,20,PAV075
12,3,7,1,41.132563,29.9535,7,1,12,3,7,1,5,30,40,12,10,100,10,2,2,2.3570032,42,0.817308545,0.992863783,5.183133041,10.18313304,56,0,0.0407372,1,1,30,40,12,10,PAV075
12,3,8,1,46.356651,33.93953333,8,1,12,3,8,1,5,10,100,10,20,50,10,0,1,2.2645484,42,0.501672305,0.916365918,4.018473836,8.618473836,51,0,0.0352798,1,2,20,50,10,0,PAV075
12,3,9,1,51.08963,35.9883,9,0,12,3,9,1,5,10,100,10,12,50,6,4,2,1.588914,52,0.958769803,0.957862615,1.95273005,6.75273005,54,1,0.0365717,1,2,12,50,6,0,PAV075
12,3,10,1,55.643753,39.40476667,10,1,12,3,10,1,5,20,50,10,10,100,10,0,2,2.1781358,72,0.831815439,1.136472216,1.064071034,6.864071034,64,1,0.034821,1,1,20,50,10,0,PAV075
12,3,11,1,60.833512,43.49103333,11,1,12,3,11,1,5,10,100,10,25,50,12.5,-2.5,1,1.3305228,97,0.943595003,0.9791074,0.869594091,5.869594091,55,1,0.0345377,1,2,25,50,12.5,0,PAV075
12,3,12,1,65.129044,45.5314,12,0,12,3,12,1,5,20,20,4,10,100,10,-6,1,2.2534477,107,0.756717547,0.519606544,6.52381769,9.12381769,28,1,0.0354536,1,1,20,20,4,30,PAV075
12,3,13,1,69.709609,49.57196667,13,0,12,3,13,1,5,20,30,6,10,100,10,-4,1,1.6098859,117,0.925075062,0.737121931,3.876591117,7.676591117,40,1,0.0342562,1,1,20,30,6,20,PAV075
12,3,14,1,74.027024,52.67936667,14,1,12,3,14,1,5,15,70,10.5,10,100,10,0.5,2,2.0090449,132,0.702822649,1.124835201,3.123059494,8.923059494,63,1,0.0384197,1,1,15,70,10.5,20,PAV075
12,3,15,1,78.906781,54.67686667,15,0,12,3,15,1,5,10,100,10,25,30,7.5,2.5,2,1.8624443,142,0.593113401,0.615735093,3.472890784,6.672890784,33,1,0.0344691,1,2,25,30,7.5,20,PAV075
12,3,16,1,83.032002,58.9888,16,0,12,3,16,1,5,12,70,8.4,10,100,10,-1.6,1,1.6070684,152,0.849334636,0.622070181,5.030020713,8.230020713,33,1,0.0356904,1,1,12,70,8.4,20,PAV075
12,3,17,1,87.154891,62.1645,17,1,12,3,17,1,5,30,40,12,10,100,10,2,2,2.2166761,152,0.88692592,0.745657075,6.199857884,9.999857884,41,0,0.0352487,1,1,30,40,12,10,PAV075
12,3,18,1,92.058349,64.17613333,18,1,12,3,18,1,5,10,100,10,25,70,17.5,-7.5,1,2.9598464,152,0.893981358,0.895029244,4.934376812,9.534376812,50,0,0.0345478,1,2,25,70,17.5,20,PAV075
12,3,19,1,97.84653,67.93833333,19,0,12,3,19,1,5,10,100,10,15,60,9,1,2,1.7744037,162,0.504585516,1.120518918,2.465683699,8.265683699,63,1,0.0346529,1,2,15,60,9,10,PAV075
12,3,20,1,102.293555,71.31976667,20,0,12,3,20,1,5,12,40,4.8,10,100,10,-5.2,1,1.0882612,172,0.762386607,1.176696039,-0.043786119,5.956213881,67,1,0.0342777,1,1,12,40,4.8,10,PAV075
12,3,21,1,106.364818,73.0938,21,1,12,3,21,1,5,30,90,27,10,100,10,17,2,1.1201801,202,0.843228617,1.189027818,0.392589025,6.392589025,67,1,0.034825,1,1,30,90,27,40,PAV075
12,3,22,1,110.562897,77.19333333,22,1,12,3,22,1,5,25,60,15,10,100,10,5,2,1.9849869,202,0.709551994,0.667964945,6.076704799,9.476704799,37,0,0.0357403,1,1,25,60,15,10,PAV075
12,3,23,1,114.981321,80.76953333,23,1,12,3,23,1,5,10,100,10,30,70,21,-11,1,1.3658107,202,0.811504559,0.518946093,6.696590605,9.296590605,28,0,0.0344934,1,2,30,70,21,20,PAV075
12,3,24,1,118.730789,82.4298,24,1,12,3,24,1,5,10,100,10,20,60,12,-2,1,2.4824998,202,0.734847813,0.579103875,7.155727806,10.15572781,31,0,0.0345707,1,2,20,60,12,10,PAV075
12,3,25,1,123.572073,85.28896667,25,1,12,3,25,1,5,25,50,12.5,10,100,10,2.5,2,2.395175,202,0.946758294,0.522427997,7.557019011,10.35701901,28,0,0.0370033,1,1,25,50,12.5,0,PAV075
12,3,26,1,128.48363,89.37303333,26,0,12,3,26,1,5,20,40,8,10,100,10,-2,1,1.6814845,212,0.910425137,0.921245922,3.999391164,8.799391164,52,1,0.0345815,1,1,20,40,8,10,PAV075
12,3,27,1,133.047392,91.16213333,27,1,12,3,27,1,5,20,70,14,10,100,10,4,2,1.5929512,232,0.614284928,1.106437275,1.657486278,7.257486278,62,1,0.0344534,1,1,20,70,14,20,PAV075
12,3,28,1,137.40044,95.93783333,28,0,12,3,28,1,5,10,100,10,12,20,2.4,7.6,2,1.3693746,242,0.665250958,1.087691347,-0.049400022,5.550599978,62,1,0.0538345,1,2,12,20,2.4,30,PAV075
12,3,29,1,141.588639,99.62276667,29,1,12,3,29,1,5,10,100,10,30,80,24,-14,1,1.0549344,272,0.695856463,0.629338138,4.837017692,8.037017692,34,1,0.0361423,1,2,30,80,24,30,PAV075
12,3,30,1,145.016274,101.7784667,30,1,12,3,30,1,5,12,80,9.6,10,100,10,-0.4,2,1.9388221,284,0.543434273,0.892342509,3.860677368,8.460677368,50,1,0.037174,1,1,12,80,9.6,30,PAV075
12,3,31,1,149.448895,104.5879333,31,1,12,3,31,1,5,15,90,13.5,10,100,10,3.5,2,2.2598603,299,0.528940497,0.828719743,2.959499204,7.159499204,46,1,0.0344203,1,1,15,90,13.5,40,PAV075
12,3,32,1,154.117024,107.4864333,32,1,12,3,32,1,5,10,100,10,15,80,12,-2,1,2.3001535,314,0.803470124,1.009359111,0.155684775,5.355684775,57,1,0.0343414,1,2,15,80,12,30,PAV075
12,3,33,1,159.274605,109.7106333,33,0,12,3,33,1,5,25,20,5,10,100,10,-5,1,1.6777414,324,0.84970561,0.530270212,4.929718997,7.729718997,29,1,0.0346306,1,1,25,20,5,30,PAV075
12,3,34,1,163.394696,113.2562333,34,0,12,3,34,1,5,10,100,10,25,40,10,0,2,2.3457265,334,0.680022427,0.751750977,2.736143999,6.536143999,41,1,0.0346207,1,2,25,40,10,10,PAV075
12,3,35,1,168.217709,116.3466667,35,0,12,3,35,1,5,10,100,10,15,60,9,1,2,2.2942984,344,0.595132923,0.727779567,4.047458954,7.847458954,40,1,0.0358499,1,2,15,60,9,10,PAV075
12,3,36,1,172.884682,117.9111333,36,0,12,3,36,1,5,15,40,6,10,100,10,-4,1,1.7743254,354,0.972187493,0.710830909,7.073697224,10.67369722,39,1,0.0356582,1,1,15,40,6,10,PAV075
12,3,37,1,177.394667,121.8214,37,0,12,3,37,1,5,10,100,10,15,30,4.5,5.5,2,1.1979094,364,0.757402104,0.689184718,5.011310998,8.611310998,38,1,0.0359724,1,2,15,30,4.5,20,PAV075
12,3,38,1,181.094218,125.9698,38,1,12,3,38,1,5,10,100,10,20,90,18,-8,1,1.4719076,384,0.853337824,1.051130178,1.318927868,6.718927868,60,1,0.0355811,1,2,20,90,18,40,PAV075
12,3,39,1,185.524827,127.5305333,39,0,12,3,39,1,5,10,100,10,15,50,7.5,2.5,2,1.8437546,394,0.665697706,0.594536439,7.746114786,10.74611479,31,1,0.0349825,1,2,15,50,7.5,0,PAV075
12,3,40,1,189.671227,131.1213667,40,1,12,3,40,1,5,30,60,18,10,100,10,8,2,1.6570702,424,0.682069865,0.732865912,4.548108162,8.348108162,40,1,0.0363437,1,1,30,60,18,10,PAV075
12,3,41,1,193.787466,134.6411667,41,1,12,3,41,1,5,30,50,15,10,100,10,5,2,2.5672193,424,0.511848522,0.965780092,4.812108999,9.812108999,55,0,0.0356221,1,1,30,50,15,0,PAV075
12,3,42,1,198.88317,136.7775,42,1,12,3,42,1,5,20,50,10,10,100,10,0,2,2.8933044,444,0.800447642,0.626258755,3.196231832,6.396231832,34,1,0.0351643,1,1,20,50,10,0,PAV075
12,3,43,1,204.256691,139.9071667,43,1,12,3,43,1,5,25,60,15,10,100,10,5,2,1.6794578,469,0.576390885,1.046508376,1.284058974,6.684058974,58,1,0.0340394,1,1,25,60,15,10,PAV075
12,3,44,1,208.599764,142.6428667,44,1,12,3,44,1,5,20,80,16,10,100,10,6,2,1.4838564,489,0.502566722,1.089741004,1.260885021,6.860885021,62,1,0.0348537,1,1,20,80,16,30,PAV075
12,3,45,1,212.725926,144.3136667,45,0,12,3,45,1,5,10,100,10,15,20,3,7,2,1.9584078,499,0.828161787,0.63339942,6.506758593,9.706758593,35,1,0.0366045,1,2,15,20,3,30,PAV075
12,3,46,1,217.199253,147.8915667,46,1,12,3,46,1,5,10,100,10,30,20,6,4,1,4.0642481,499,0.709244295,1.099602824,5.084358088,10.68435809,62,0,0.0362165,1,2,30,20,6,30,PAV075
12,3,47,1,224.115201,151.7082333,47,1,12,3,47,1,5,10,100,10,20,50,10,0,1,2.4583712,519,0.943894608,0.963699777,0.965964369,5.965964369,54,1,0.0346602,1,2,20,50,10,0,PAV075
12,3,48,1,229.534986,153.5783333,48,0,12,3,48,1,5,10,100,10,12,30,3.6,6.4,2,1.2373526,529,0.933284484,0.886866188,1.278493704,5.878493704,49,1,0.0361565,1,2,12,30,3.6,20,PAV075
12,3,49,1,233.641277,157.4549333,49,1,12,3,49,1,5,25,50,12.5,10,100,10,2.5,2,1.2742349,554,0.7158142,0.564948226,2.509057018,5.509057018,30,1,0.0349947,1,1,25,50,12.5,0,PAV075
12,3,50,1,237.236762,160.9517667,50,1,12,3,50,1,5,25,90,22.5,10,100,10,12.5,2,1.3015635,579,0.936452367,0.648034424,5.748174149,9.148174149,35,1,0.0353981,1,1,25,90,22.5,40,PAV075
13,4,1,1,13.891893,2.450133333,1,0,13,4,1,1,5,15,40,6,10,100,10,-4,1,1.986367,10,0.575902459,0.588609368,6.041374764,9.041374764,31,1,0.0367885,1,1,15,40,6,10,PAV075
13,4,2,1,18.108025,15.884,2,0,13,4,2,1,5,15,30,4.5,10,100,10,-5.5,1,1.4763472,20,0.956404105,0.684478981,3.38586669,6.98586669,38,1,0.0343106,1,1,15,30,4.5,20,PAV075
13,4,3,1,22.278539,17.52343333,3,0,13,4,3,1,5,12,70,8.4,10,100,10,-1.6,1,1.7351583,30,0.715441741,1.091977966,0.211656353,5.811656353,62,1,0.0349867,1,1,12,70,8.4,20,PAV075
13,4,4,1,26.870639,20.30626667,4,1,13,4,4,1,5,30,50,15,10,100,10,5,2,1.137038,60,0.69883449,0.905211754,1.292705212,5.892705212,50,1,0.0388187,1,1,30,50,15,0,PAV075
13,4,5,1,30.670154,24.0135,5,1,13,4,5,1,5,25,60,15,10,100,10,5,2,1.6864419,60,0.865462321,0.535934111,6.600774563,9.400774563,28,0,0.0348239,1,1,25,60,15,10,PAV075
13,4,6,1,34.804158,26.14626667,6,1,13,4,6,1,5,10,100,10,20,70,14,-4,1,1.2914563,80,0.846954184,1.033973994,3.115095938,8.315095938,58,1,0.0337385,1,2,20,70,14,20,PAV075
13,4,7,1,39.022908,28.94526667,7,1,13,4,7,1,5,10,100,10,25,80,20,-10,1,1.4477478,105,0.841302209,1.053313705,2.863792623,8.263792623,59,1,0.0419119,1,2,25,80,20,30,PAV075
13,4,8,1,43.405372,32.35726667,8,0,13,4,8,1,5,10,100,10,15,20,3,7,2,1.4078287,115,0.752709634,1.135298968,2.303774271,8.103774271,64,1,0.0353422,1,2,15,20,3,30,PAV075
13,4,9,1,47.745388,33.92936667,9,1,13,4,9,1,5,10,100,10,15,80,12,-2,1,1.4766268,130,0.746095651,0.863457785,2.07414912,6.47414912,48,1,0.03509,1,2,15,80,12,30,PAV075
13,4,10,1,51.886944,37.1571,10,1,13,4,10,1,5,30,30,9,10,100,10,-1,2,2.7789821,130,0.985246815,1.051479434,5.241248624,10.64124862,59,0,0.0344711,1,1,30,30,9,20,PAV075
13,4,11,1,57.743044,40.4703,11,1,13,4,11,1,5,20,50,10,10,100,10,0,2,1.7011672,150,0.889673423,0.784438436,3.620743926,7.620743926,43,1,0.0353556,1,1,20,50,10,0,PAV075
13,4,12,1,62.162581,42.55413333,12,1,13,4,12,1,5,30,60,18,10,100,10,8,2,1.2099622,150,0.94882994,0.55054428,7.972964421,10.77296442,30,0,0.0353781,1,1,30,60,18,10,PAV075
13,4,13,1,65.922089,45.9743,13,0,13,4,13,1,5,10,100,10,25,30,7.5,2.5,2,1.853882,160,0.718395614,0.889473978,4.521954292,9.121954292,49,1,0.0341208,1,2,25,30,7.5,20,PAV075
13,4,14,1,70.427097,49.22323333,14,0,13,4,14,1,5,15,50,7.5,10,100,10,-2.5,1,1.4389323,170,0.716650417,0.57110134,7.481755558,10.48175556,31,1,0.0385753,1,1,15,50,7.5,0,PAV075
13,4,15,1,74.207876,51.12996667,15,1,13,4,15,1,5,10,100,10,30,40,12,-2,1,1.5803898,200,0.812286051,0.627659843,3.079951382,6.279951382,33,1,0.0346045,1,2,30,40,12,10,PAV075
13,4,16,1,78.268889,55.74026667,16,1,13,4,16,1,5,10,100,10,25,70,17.5,-7.5,1,1.8221035,225,0.631928096,0.739328126,2.726231301,6.526231301,40,1,0.0355702,1,2,25,70,17.5,20,PAV075
13,4,17,1,82.506544,59.44316667,17,1,13,4,17,1,5,30,70,21,10,100,10,11,2,1.3257716,255,0.521287412,1.060614582,2.00796667,7.40796667,60,1,0.0344854,1,1,30,70,21,20,PAV075
13,4,18,1,86.463408,61.26326667,18,1,13,4,18,1,5,20,50,10,10,100,10,0,2,1.8835046,255,0.658846331,0.700909245,5.492790036,9.092790036,38,0,0.0355347,1,1,20,50,10,0,PAV075
13,4,19,1,90.74853,63.96073333,19,1,13,4,19,1,5,25,60,15,10,100,10,5,2,1.1206788,255,0.624852672,0.739763653,5.72102836,9.52102836,41,0,0.0347206,1,1,25,60,15,10,PAV075
13,4,20,1,94.282467,67.775,20,1,13,4,20,1,5,30,90,27,10,100,10,17,2,1.0943275,285,0.937167872,1.111179502,0.002557359,5.602557359,63,1,0.0346892,1,1,30,90,27,40,PAV075
13,4,21,1,98.479142,69.69686667,21,1,13,4,21,1,5,10,100,10,25,40,10,0,1,2.6340755,285,0.759714565,1.151979123,3.220598932,9.020598932,65,0,0.0353613,1,2,25,40,10,10,PAV075
13,4,22,1,104.067924,72.479,22,0,13,4,22,1,5,10,100,10,12,90,10.8,-0.8,2,3.0406846,295,0.823476972,0.811224342,5.412184112,9.612184112,45,1,0.0383447,1,2,12,90,10.8,40,PAV075
13,4,23,1,109.803282,75.78733333,23,1,13,4,23,1,5,20,80,16,10,100,10,6,2,1.3816918,315,0.888911431,0.860558412,1.145125922,5.545125922,48,1,0.035124,1,1,20,80,16,30,PAV075
13,4,24,1,113.97802,77.44726667,24,0,13,4,24,1,5,12,20,2.4,10,100,10,-7.6,1,1.4935427,325,0.525042738,1.02882383,2.819945035,8.019945035,58,1,0.0360126,1,1,12,20,2.4,30,PAV075
13,4,25,1,118.068145,80.85876667,25,1,13,4,25,1,5,30,50,15,10,100,10,5,2,1.2811463,355,0.962884815,0.523181376,2.878667507,5.678667507,28,1,0.0333662,1,1,30,50,15,0,PAV075
13,4,26,1,121.886889,83.8326,26,0,13,4,26,1,5,10,100,10,15,60,9,1,2,2.1976795,365,0.994924194,0.791016434,3.696706385,7.696706385,44,1,0.035555,1,2,15,60,9,10,PAV075
13,4,27,1,126.918593,85.93006667,27,0,13,4,27,1,5,10,100,10,12,40,4.8,5.2,2,1.2413988,375,0.518146077,0.964597132,3.913417046,8.913417046,54,1,0.0356349,1,2,12,40,4.8,10,PAV075
13,4,28,1,130.693754,89.0745,28,0,13,4,28,1,5,10,100,10,12,60,7.2,2.8,2,2.0506358,385,0.5545685,1.13100395,1.112531032,6.912531032,64,1,0.033819,1,2,12,60,7.2,10,PAV075
13,4,29,1,135.477931,91.86926667,29,0,13,4,29,1,5,10,100,10,12,80,9.6,0.4,2,2.0389731,395,0.661543866,1.038292844,-0.052502934,5.147497066,59,1,0.0349769,1,2,12,80,9.6,30,PAV075
13,4,30,1,140.269394,93.6503,30,1,13,4,30,1,5,15,90,13.5,10,100,10,3.5,2,1.4924192,410,0.721922504,0.776127531,5.535601499,9.535601499,43,1,0.0374323,1,1,15,90,13.5,40,PAV075
13,4,31,1,144.312125,96.52486667,31,0,13,4,31,1,5,10,100,10,12,30,3.6,6.4,2,2.1896292,420,0.563815184,1.120498586,-0.028644762,5.771355238,64,1,0.0352263,1,2,12,30,3.6,20,PAV075
13,4,32,1,149.237798,101.1122333,32,0,13,4,32,1,5,20,40,8,10,100,10,-2,1,1.7668275,430,0.648629113,0.809552455,3.023088375,7.223088375,45,1,0.0346059,1,1,20,40,8,10,PAV075
13,4,33,1,153.505369,103.2980333,33,1,13,4,33,1,5,20,50,10,10,100,10,0,2,1.2431657,430,0.506524188,1.082365488,2.928993485,8.528993485,61,0,0.0347647,1,1,20,50,10,0,PAV075
13,4,34,1,157.380484,107.9612667,34,1,13,4,34,1,5,30,80,24,10,100,10,14,2,1.4753699,460,0.655794082,1.158151028,0.689991704,6.489991704,66,1,0.0353263,1,1,30,80,24,30,PAV075
13,4,35,1,161.713814,111.1873,35,0,13,4,35,1,5,10,100,10,20,30,6,4,2,1.646435,470,0.931443114,0.614048693,3.826897797,7.026897797,33,1,0.0337855,1,2,20,30,6,20,PAV075
13,4,36,1,165.956641,113.0792667,36,1,13,4,36,1,5,10,100,10,25,90,22.5,-12.5,1,1.4655497,495,0.572890805,0.766182753,2.250945597,6.250945597,43,1,0.0341412,1,2,25,90,22.5,40,PAV075
13,4,37,1,169.817596,116.5253,37,1,13,4,37,1,5,10,100,10,25,40,10,0,1,2.0756243,495,0.501107854,0.651245708,5.791881862,9.191881862,35,0,0.0344107,1,2,25,40,10,10,PAV075
13,4,38,1,174.094037,119.3473667,38,0,13,4,38,1,5,10,100,10,15,60,9,1,2,1.9722463,505,0.831018617,1.194604406,2.439266236,8.439266236,68,1,0.0372317,1,2,15,60,9,10,PAV075
13,4,39,1,179.138634,120.9137,39,1,13,4,39,1,5,10,100,10,25,50,12.5,-2.5,1,1.3086609,530,0.620503075,1.086773226,1.390163633,6.990163633,61,1,0.0344531,1,2,25,50,12.5,0,PAV075
13,4,40,1,183.19549,124.9088667,40,0,13,4,40,1,5,30,20,6,10,100,10,-4,1,2.2631293,540,0.572916135,0.610078779,6.923598696,10.1235987,32,1,0.0350244,1,1,30,20,6,30,PAV075
13,4,41,1,187.681763,128.1582,41,1,13,4,41,1,5,20,60,12,10,100,10,2,2,1.3323774,560,0.909392973,1.051463875,2.015572444,7.415572444,59,1,0.0343121,1,1,20,60,12,10,PAV075
13,4,42,1,192.018959,130.1636333,42,0,13,4,42,1,5,20,20,4,10,100,10,-6,1,1.8950361,570,0.733887862,0.615155766,2.112265956,5.312265956,33,1,0.0357464,1,1,20,20,4,30,PAV075
13,4,43,1,196.311291,133.9073333,43,1,13,4,43,1,5,10,100,10,25,50,12.5,-2.5,1,1.8208548,570,0.622403754,0.831761266,5.89264377,10.09264377,46,0,0.0345305,1,2,25,50,12.5,0,PAV075
13,4,44,1,200.629582,137.5150667,44,1,13,4,44,1,5,10,100,10,25,50,12.5,-2.5,1,1.3785605,570,0.54672302,0.914877106,6.263356503,10.8633565,51,0,0.0371715,1,2,25,50,12.5,0,PAV075
13,4,45,1,204.521027,139.5989333,45,0,13,4,45,1,5,10,100,10,25,20,5,5,2,2.4875388,580,0.978792401,0.669347465,3.736852862,7.136852862,36,1,0.0342067,1,2,25,20,5,30,PAV075
13,4,46,1,209.703533,142.576,46,1,13,4,46,1,5,10,100,10,20,90,18,-8,1,1.2786116,600,0.894630779,1.118077813,0.638129036,6.238129036,63,1,0.0344432,1,2,20,90,18,40,PAV075
13,4,47,1,214.038626,146.5002667,47,1,13,4,47,1,5,10,100,10,20,50,10,0,1,1.4707141,600,0.720809135,1.175926586,3.261832656,9.261832656,66,0,0.0370226,1,2,20,50,10,0,PAV075
13,4,48,1,218.44679,148.6622667,48,1,13,4,48,1,5,10,100,10,30,40,12,-2,1,2.4919894,600,0.885916513,1.140395493,3.073269947,8.873269947,64,0,0.0347692,1,2,30,40,12,10,PAV075
13,4,49,1,224.012877,151.8403333,49,0,13,4,49,1,5,15,70,10.5,10,100,10,0.5,1,2.8305524,610,0.551678011,0.541120735,2.600866485,5.400866485,28,1,0.0344466,1,1,15,70,10.5,20,PAV075
13,4,50,1,228.979035,154.747,50,1,13,4,50,1,5,12,50,6,10,100,10,-4,2,2.4412896,610,0.658103628,1.113512145,2.648742504,8.248742504,63,0,0.0369178,1,1,12,50,6,0,PAV075
9,1,1,1,17.206825,4.654733333,1,0,9,1,1,1,5,10,100,10,12,40,4.8,5.2,2,2.24005,10,0.726533885,0.777572698,2.888843455,6.888843455,38,1,0.0542778,1,2,12,40,4.8,10,PAV076
9,1,2,1,22.124081,20.39946667,2,0,9,1,2,1,5,30,50,15,10,100,10,5,1,0.4659208,20,0.828469542,1.104473818,2.251171563,7.851171563,60,1,0.0539367,1,1,30,50,15,0,PAV076
9,1,3,1,25.674076,22.29513333,3,0,9,1,3,1,5,30,90,27,10,100,10,17,1,0.9047729,30,0.542633459,0.705000802,5.368463094,8.968463094,36,1,0.0396825,1,1,30,90,27,40,PAV076
9,1,4,1,28.95745,24.7147,4,0,9,1,4,1,5,25,60,15,10,100,10,5,1,1.5576721,40,0.992853537,0.837518904,3.383383251,7.583383251,44,1,0.0368101,1,1,25,60,15,10,PAV076
9,1,5,1,33.507214,27.51876667,5,0,9,1,5,1,5,10,100,10,25,50,12.5,-2.5,2,0.5159683,50,0.555436563,1.184409806,2.156051164,8.156051164,64,1,0.0560203,1,2,25,50,12.5,0,PAV076
9,1,6,1,36.940876,29.31936667,6,1,9,1,6,1,5,15,40,6,10,100,10,-4,2,1.2550813,65,0.725348656,0.935753926,0.798397614,5.598397614,49,1,0.0370749,1,1,15,40,6,10,PAV076
9,1,7,1,40.974259,32.34533333,7,1,9,1,7,1,5,10,100,10,15,80,12,-2,1,1.0098615,80,0.883388965,0.809944456,4.888606588,9.088606588,42,1,0.0393143,1,2,15,80,12,30,PAV076
9,1,8,1,44.791132,34.97306667,8,1,9,1,8,1,5,10,100,10,25,30,7.5,2.5,1,0.93821,80,0.981604722,1.19506249,4.177918799,10.1779188,63,0,0.0426052,1,2,25,30,7.5,20,PAV076
9,1,9,1,49.024365,37.2919,9,1,9,1,9,1,5,10,100,10,20,90,18,-8,1,1.1760681,100,0.733456859,0.953730888,2.001399848,6.801399848,49,1,0.0421186,1,2,20,90,18,40,PAV076
9,1,10,1,52.990881,40.12913333,10,0,9,1,10,1,5,20,30,6,10,100,10,-4,1,0.8000532,110,0.542621584,1.013239155,2.089161028,7.289161028,54,1,0.0446795,1,1,20,30,6,20,PAV076
9,1,11,1,56.424461,42.92826667,11,0,9,1,11,1,5,10,100,10,15,70,10.5,-0.5,2,1.0254635,120,0.792993235,0.801991837,0.957040175,5.157040175,38,1,0.0364908,1,2,15,70,10.5,20,PAV076
9,1,12,1,60.140789,44.79846667,12,0,9,1,12,1,5,20,50,10,10,100,10,0,1,1.3038892,130,0.97998334,1.110284226,-0.112688896,5.487311104,59,1,0.0352599,1,1,20,50,10,0,PAV076
9,1,13,1,64.640954,47.9178,13,1,9,1,13,1,5,10,100,10,30,50,15,-5,1,0.7763955,160,0.575387626,0.589929416,4.066770745,7.066770745,28,1,0.0360086,1,2,30,50,15,0,PAV076
9,1,14,1,67.691091,51.14133333,14,1,9,1,14,1,5,10,100,10,20,80,16,-6,1,1.0408354,180,0.965028849,0.667850973,3.744151165,7.144151165,33,1,0.0368593,1,2,20,80,16,30,PAV076
9,1,15,1,71.491292,53.1636,15,0,9,1,15,1,5,10,100,10,15,30,4.5,5.5,2,1.6915142,190,0.829424013,0.921840365,1.154486577,5.954486577,48,1,0.0360417,1,2,15,30,4.5,20,PAV076
9,1,16,1,76.058016,55.78746667,16,0,9,1,16,1,5,25,90,22.5,10,100,10,12.5,1,0.830522,200,0.966385352,0.935523321,2.575873981,7.375873981,50,1,0.0381643,1,1,25,90,22.5,40,PAV076
9,1,17,1,79.911121,58.3966,17,0,9,1,17,1,5,20,60,12,10,100,10,2,1,1.4846901,210,0.720258636,0.705182121,1.481896394,5.081896394,35,1,0.0365261,1,1,20,60,12,10,PAV076
9,1,18,1,83.924573,60.26056667,18,1,9,1,18,1,5,10,100,10,20,50,10,0,1,0.8231615,230,0.82668093,0.79931168,3.570703064,7.570703064,40,1,0.0353638,1,2,20,50,10,0,PAV076
9,1,19,1,87.491509,63.5446,19,1,9,1,19,1,5,12,70,8.4,10,100,10,-1.6,2,1.3777224,242,0.993237371,1.168202676,2.804283619,8.804283619,63,1,0.0404685,1,1,12,70,8.4,20,PAV076
9,1,20,1,92.158213,66.37006667,20,1,9,1,20,1,5,15,50,7.5,10,100,10,-2.5,2,1.4897063,242,0.724874332,0.878548647,3.908842154,8.308842154,44,0,0.0358236,1,1,15,50,7.5,0,PAV076
9,1,21,1,96.35827,68.0284,21,1,9,1,21,1,5,10,100,10,25,60,15,-5,1,1.6805497,242,0.663974083,0.872795687,6.13254513,10.53254513,45,0,0.0358213,1,2,25,60,15,10,PAV076
9,1,22,1,100.674972,70.39633333,22,0,9,1,22,1,5,10,100,10,15,20,3,7,2,1.0025577,252,0.82713492,0.662116318,2.867548693,6.267548693,33,1,0.0380047,1,2,15,20,3,30,PAV076
9,1,23,1,104.258122,74.12433333,23,1,9,1,23,1,5,10,100,10,25,70,17.5,-7.5,1,1.2530499,277,0.760436393,0.854441445,2.504370199,6.904370199,44,1,0.0374517,1,2,25,70,17.5,20,PAV076
9,1,24,1,108.258484,76.11413333,24,0,9,1,24,1,5,10,100,10,30,20,6,4,2,0.9908172,287,0.987930381,0.835765498,0.790729758,4.990729758,44,1,0.0366576,1,2,30,20,6,30,PAV076
9,1,25,1,112.191795,78.8297,25,1,9,1,25,1,5,30,60,18,10,100,10,8,2,1.4522278,317,0.588516212,0.962192971,2.171798756,7.171798756,50,1,0.0346652,1,1,30,60,18,10,PAV076
9,1,26,1,116.274923,82.33723333,26,0,9,1,26,1,5,10,100,10,12,20,2.4,7.6,2,1.2169162,327,0.552255764,0.889023532,5.716056265,10.31605627,46,1,0.0359279,1,2,12,20,2.4,30,PAV076
9,1,27,1,120.025259,84.11223333,27,1,9,1,27,1,5,30,70,21,10,100,10,11,2,1.2051549,357,0.900267241,0.88936691,3.093911482,7.693911482,47,1,0.0371427,1,1,30,70,21,20,PAV076
9,1,28,1,124.142013,86.5292,28,0,9,1,28,1,5,25,40,10,10,100,10,0,1,0.6786264,367,0.612980301,0.744961634,6.427275075,10.22727508,38,1,0.0358214,1,1,25,40,10,10,PAV076
9,1,29,1,127.274525,89.80846667,29,0,9,1,29,1,5,10,100,10,30,40,12,-2,2,1.0941618,377,0.627442753,0.852484129,5.089816357,9.489816357,45,1,0.0418525,1,2,30,40,12,10,PAV076
9,1,30,1,130.957896,92.04816667,30,1,9,1,30,1,5,10,100,10,15,90,13.5,-3.5,1,1.022096,392,0.987683765,0.788546805,2.602626508,6.602626508,41,1,0.0420337,1,2,15,90,13.5,40,PAV076
9,1,31,1,134.858578,95.51176667,31,0,9,1,31,1,5,20,20,4,10,100,10,-6,1,0.9710538,402,0.57978786,1.103340611,1.337873059,6.937873059,59,1,0.0541949,1,1,20,20,4,30,PAV076
9,1,32,1,138.658551,98.97803333,32,1,9,1,32,1,5,10,100,10,12,90,10.8,-0.8,1,1.2256012,414,0.649010386,0.85168424,3.724369543,8.124369543,44,1,0.0382638,1,2,12,90,10.8,40,PAV076
9,1,33,1,142.50883,100.9169333,33,0,9,1,33,1,5,10,100,10,25,20,5,5,2,0.9363318,424,0.578168835,1.03904279,0.980459379,6.180459379,54,1,0.0371591,1,2,25,20,5,30,PAV076
9,1,34,1,146.175669,103.3308,34,0,9,1,34,1,5,10,100,10,12,50,6,4,2,1.0573327,434,0.704239693,0.549605827,7.690036617,10.49003662,25,1,0.0344323,1,2,12,50,6,0,PAV076
9,1,35,1,149.57529,106.4520667,35,1,9,1,35,1,5,10,100,10,30,80,24,-14,1,0.9998623,434,0.999095769,0.927934662,5.710659634,10.51065963,48,0,0.0437597,1,2,30,80,24,30,PAV076
9,1,36,1,153.625717,108.3816667,36,0,9,1,36,1,5,12,60,7.2,10,100,10,-2.8,1,0.7172623,444,0.720291486,1.190339116,4.082561102,10.0825611,64,1,0.0363282,1,1,12,60,7.2,10,PAV076
9,1,37,1,157.358218,111.0790333,37,1,9,1,37,1,5,10,100,10,15,60,9,1,1,0.9797957,459,0.755128745,0.796214895,3.700034305,7.700034305,41,1,0.0381161,1,2,15,60,9,10,PAV076
9,1,38,1,161.009071,114.5817667,38,1,9,1,38,1,5,20,70,14,10,100,10,4,2,1.6948696,479,0.609491403,0.995322035,0.110642388,5.110642388,51,1,0.0433377,1,1,20,70,14,20,PAV076
9,1,39,1,165.442421,116.5974333,39,0,9,1,39,1,5,25,50,12.5,10,100,10,2.5,1,0.8778342,489,0.610673091,0.999336002,0.223365424,5.223365424,52,1,0.0354268,1,1,25,50,12.5,0,PAV076
9,1,40,1,169.042558,119.3613,40,0,9,1,40,1,5,10,100,10,30,40,12,-2,2,1.1123256,499,0.869141183,1.019423958,0.103076673,5.303076673,55,1,0.0381188,1,2,30,40,12,10,PAV076
9,1,41,1,173.158941,122.1677333,41,0,9,1,41,1,5,10,100,10,25,40,10,0,2,1.1210588,509,0.943054318,1.106799241,1.139702788,6.739702788,59,1,0.0375445,1,2,25,40,10,10,PAV076
9,1,42,1,177.442266,124.1291333,42,0,9,1,42,1,5,30,30,9,10,100,10,-1,1,1.1266408,519,0.543192765,0.616703201,2.013326792,5.213326792,29,1,0.0349199,1,1,30,30,9,20,PAV076
9,1,43,1,180.82601,126.5454667,43,1,9,1,43,1,5,15,60,9,10,100,10,-1,2,0.986275,534,0.914272301,0.501003184,5.526027456,8.126027456,24,1,0.0395768,1,1,15,60,9,10,PAV076
9,1,44,1,184.34276,129.3047,44,0,9,1,44,1,5,20,50,10,10,100,10,0,1,1.0947961,544,0.512732488,0.98794752,5.276642573,10.27664257,53,1,0.0363246,1,1,20,50,10,0,PAV076
9,1,45,1,188.059399,131.2306667,45,0,9,1,45,1,5,10,100,10,20,40,8,2,2,1.01022,554,0.551567206,1.156769047,-0.916632688,4.883367312,62,1,0.0363387,1,2,20,40,8,10,PAV076
9,1,46,1,191.892739,133.7694333,46,0,9,1,46,1,5,12,30,3.6,10,100,10,-6.4,1,1.0630038,564,0.852184028,0.619584525,4.698853734,7.898853734,30,1,0.035055,1,1,12,30,3.6,20,PAV076
9,1,47,1,195.542792,136.7676,47,1,9,1,47,1,5,12,80,9.6,10,100,10,-0.4,2,1.0014067,576,0.516665086,1.126589318,1.50884608,7.30884608,61,1,0.038239,1,1,12,80,9.6,30,PAV076
9,1,48,1,199.292883,138.9668667,48,0,9,1,48,1,5,25,50,12.5,10,100,10,2.5,1,0.7458197,586,0.659557392,0.645575899,2.597639976,5.997639976,30,1,0.0358546,1,1,25,50,12.5,0,PAV076
9,1,49,1,202.442877,141.7307,49,1,9,1,49,1,5,25,80,20,10,100,10,10,2,0.9087889,611,0.90140847,1.164241701,2.895861712,8.895861712,63,1,0.0369887,1,1,25,80,20,30,PAV076
9,1,50,1,206.52642,144.3876,50,0,9,1,50,1,5,20,50,10,10,100,10,0,1,0.8261807,621,0.942826983,1.11061799,0.510067871,6.110067871,54,1,0.0358765,1,1,20,50,10,0,PAV076
10,2,1,1,15.490985,3.595433333,1,1,10,2,1,1,5,15,60,9,10,100,10,-1,2,1.3254964,15,0.860784677,0.799645093,2.767010305,6.767010305,40,1,0.058132,1,1,15,60,9,10,PAV076
10,2,2,1,19.674547,16.83796667,2,0,10,2,2,1,5,10,100,10,12,40,4.8,5.2,2,0.9425296,25,0.933666703,0.699794158,2.747391338,6.347391338,35,1,0.0410018,1,2,12,40,4.8,10,PAV076
10,2,3,1,23.357974,18.7643,3,0,10,2,3,1,5,10,100,10,30,30,9,1,2,0.8900702,35,0.547293744,0.922560626,2.947943624,7.747943624,48,1,0.0358088,1,2,30,30,9,20,PAV076
10,2,4,1,26.841337,21.36513333,4,0,10,2,4,1,5,30,20,6,10,100,10,-4,1,0.8882775,45,0.723021108,0.608653855,7.242203192,10.44220319,28,1,0.0563322,1,1,30,20,6,30,PAV076
10,2,5,1,30.207869,24.25183333,5,0,10,2,5,1,5,25,50,12.5,10,100,10,2.5,1,1.0780961,55,0.92687216,0.573530333,5.480557889,8.480557889,28,1,0.0387428,1,1,25,50,12.5,0,PAV076
10,2,6,1,33.908049,26.24733333,6,0,10,2,6,1,5,10,100,10,15,40,6,4,2,1.0558833,65,0.855164408,1.07810261,0.13554991,5.53554991,58,1,0.035277,1,2,15,40,6,10,PAV076
10,2,7,1,38.008454,28.43096667,7,0,10,2,7,1,5,10,100,10,30,50,15,-5,2,1.1935201,75,0.924947202,0.866022549,5.345488723,9.745488723,45,1,0.0368893,1,2,30,50,15,0,PAV076
10,2,8,1,42.126135,31.29533333,8,1,10,2,8,1,5,15,70,10.5,10,100,10,0.5,2,0.8517103,75,0.967006777,0.746618185,5.641113712,9.441113712,37,0,0.0386774,1,1,15,70,10.5,20,PAV076
10,2,9,1,45.808185,32.93286667,9,0,10,2,9,1,5,10,100,10,25,30,7.5,2.5,2,0.9889316,85,0.594113056,0.932786793,1.625064333,6.425064333,48,1,0.0383122,1,2,25,30,7.5,20,PAV076
10,2,10,1,49.424107,36.09436667,10,0,10,2,10,1,5,10,100,10,20,40,8,2,2,0.9284576,95,0.824488339,0.96224817,5.760447414,10.76044741,50,1,0.0361912,1,2,20,40,8,10,PAV076
10,2,11,1,53.224221,39.20586667,11,1,10,2,11,1,5,12,80,9.6,10,100,10,-0.4,2,0.9902483,107,0.529832846,0.886403855,2.777326651,7.377326651,47,1,0.033682,1,1,12,80,9.6,30,PAV076
10,2,12,1,56.740812,41.14636667,12,0,10,2,12,1,5,20,50,10,10,100,10,0,1,0.7681094,117,0.876338104,0.554385108,2.919463628,5.719463628,27,1,0.0437286,1,1,20,50,10,0,PAV076
10,2,13,1,60.041673,43.7801,13,0,10,2,13,1,5,12,20,2.4,10,100,10,-7.6,1,1.0476765,127,0.56816044,0.981144727,2.746768733,7.746768733,52,1,0.03646,1,1,12,20,2.4,30,PAV076
10,2,14,1,63.741757,46.80033333,14,1,10,2,14,1,5,20,80,16,10,100,10,6,2,0.8016643,147,0.74333805,0.61465725,1.782393145,4.982393145,30,1,0.0355749,1,1,20,80,16,30,PAV076
10,2,15,1,66.991833,48.79363333,15,1,10,2,15,1,5,10,100,10,25,70,17.5,-7.5,1,1.5863073,147,0.570824254,0.754252813,5.752138947,9.552138947,37,0,0.0383982,1,2,25,70,17.5,20,PAV076
10,2,16,1,71.024728,51.361,16,0,10,2,16,1,5,10,100,10,20,50,10,0,2,0.6784111,157,0.609513517,0.612956126,3.251143302,6.451143302,29,1,0.0358669,1,2,20,50,10,0,PAV076
10,2,17,1,74.007999,54.21896667,17,0,10,2,17,1,5,10,100,10,20,50,10,0,2,1.380334,167,0.509531269,0.501863929,3.069743009,5.669743009,24,1,0.038373,1,2,20,50,10,0,PAV076
10,2,18,1,77.508119,56.17763333,18,0,10,2,18,1,5,25,50,12.5,10,100,10,2.5,1,1.1131771,177,0.51719467,0.886593823,1.730356757,6.330356757,47,1,0.0380099,1,1,25,50,12.5,0,PAV076
10,2,19,1,81.124769,58.13476667,19,0,10,2,19,1,5,10,100,10,25,50,12.5,-2.5,2,1.3177314,187,0.963278165,0.568471249,2.408878398,5.408878398,28,1,0.0378706,1,2,25,50,12.5,0,PAV076
10,2,20,1,85.108226,61.09506667,20,1,10,2,20,1,5,10,100,10,15,80,12,-2,1,1.1750445,202,0.90616624,1.040700187,3.482312988,8.882312988,56,1,0.0444332,1,2,15,80,12,30,PAV076
10,2,21,1,89.342113,63.12863333,21,1,10,2,21,1,5,10,100,10,15,60,9,1,1,1.0287823,202,0.642878311,0.647924577,6.667923217,10.06792322,31,0,0.0353162,1,2,15,60,9,10,PAV076
10,2,22,1,92.742005,65.20993333,22,0,10,2,22,1,5,30,80,24,10,100,10,14,1,1.2430304,212,0.874614107,1.085564919,4.429169269,10.02916927,58,1,0.0365472,1,1,30,80,24,30,PAV076
10,2,23,1,97.04214,68.5801,23,0,10,2,23,1,5,12,50,6,10,100,10,-4,1,0.7713992,222,0.65594753,1.181777979,0.739497956,6.739497956,63,1,0.0431845,1,1,12,50,6,0,PAV076
10,2,24,1,100.741989,70.43623333,24,0,10,2,24,1,5,10,100,10,12,70,8.4,1.6,2,0.7777467,232,0.674672652,1.145977618,3.160841049,8.960841049,62,1,0.0408572,1,2,12,70,8.4,20,PAV076
10,2,25,1,104.425057,72.36086667,25,0,10,2,25,1,5,25,40,10,10,100,10,0,1,0.9923532,242,0.619698732,0.731121067,2.452093006,6.252093006,36,1,0.034942,1,1,25,40,10,10,PAV076
10,2,26,1,107.892297,75.39486667,26,0,10,2,26,1,5,10,100,10,30,40,12,-2,2,1.0853795,252,0.695611747,0.991930768,3.353003436,8.353003436,52,1,0.0354099,1,2,30,40,12,10,PAV076
10,2,27,1,111.758885,76.96893333,27,1,10,2,27,1,5,10,100,10,30,90,27,-17,1,0.8653094,282,0.832759554,1.195345494,1.090514922,7.090514922,65,1,0.0359465,1,2,30,90,27,40,PAV076
10,2,28,1,115.758817,79.562,28,0,10,2,28,1,5,15,50,7.5,10,100,10,-2.5,1,0.8447123,292,0.50901882,0.539446277,3.693334291,6.493334291,25,1,0.0362343,1,1,15,50,7.5,0,PAV076
10,2,29,1,118.742406,82.4469,29,0,10,2,29,1,5,10,100,10,20,50,10,0,2,0.9877429,302,0.516759404,1.056755369,2.891246988,8.291246988,57,1,0.034479,1,2,20,50,10,0,PAV076
10,2,30,1,122.40834,84.09953333,30,1,10,2,30,1,5,25,90,22.5,10,100,10,12.5,2,1.1397928,327,0.7919469,0.985647758,1.205555278,6.205555278,52,1,0.0359156,1,1,25,90,22.5,40,PAV076
10,2,31,1,126.425707,87.38583333,31,0,10,2,31,1,5,30,60,18,10,100,10,8,1,1.0875888,337,0.628761732,1.021761611,0.605372946,5.805372946,54,1,0.0353224,1,1,30,60,18,10,PAV076
10,2,32,1,130.275682,90.37253333,32,1,10,2,32,1,5,10,100,10,20,90,18,-8,1,1.0928506,357,0.540066206,0.961425762,1.651350568,6.651350568,51,1,0.0372976,1,2,20,90,18,40,PAV076
10,2,33,1,133.959227,92.07936667,33,0,10,2,33,1,5,20,70,14,10,100,10,4,1,0.9763736,367,0.852479295,1.001254349,1.908751051,7.108751051,54,1,0.0363395,1,1,20,70,14,20,PAV076
10,2,34,1,137.892582,95.12766667,34,1,10,2,34,1,5,10,100,10,12,90,10.8,-0.8,1,1.3081267,379,0.613364884,1.168042461,4.251930399,10.2519304,64,1,0.040561,1,2,12,90,10.8,40,PAV076
10,2,35,1,142.092521,97.81613333,35,0,10,2,35,1,5,20,30,6,10,100,10,-4,1,1.2915234,389,0.911226723,0.535236977,6.047668944,8.847668944,25,1,0.0434451,1,1,20,30,6,20,PAV076
10,2,36,1,145.959412,100.0603333,36,0,10,2,36,1,5,25,60,15,10,100,10,5,1,0.9074091,399,0.994430226,0.785491308,1.418448834,5.418448834,40,1,0.0363641,1,1,25,60,15,10,PAV076
10,2,37,1,149.758786,102.7157,37,0,10,2,37,1,5,10,100,10,25,60,15,-5,2,0.9853364,409,0.509671918,0.901026959,3.33559535,7.93559535,48,1,0.0374303,1,2,25,60,15,10,PAV076
10,2,38,1,153.276062,105.4246333,38,0,10,2,38,1,5,25,40,10,10,100,10,0,1,1.2234414,419,0.533528388,0.860176491,2.406919106,6.806919106,45,1,0.0388391,1,1,25,40,10,10,PAV076
10,2,39,1,156.992121,107.2265333,39,1,10,2,39,1,5,10,100,10,30,70,21,-11,1,0.8529044,419,0.848093868,1.197950697,3.279084532,9.279084532,65,0,0.0387218,1,2,30,70,21,20,PAV076
10,2,40,1,161.009653,110.0100667,40,1,10,2,40,1,5,10,100,10,15,90,13.5,-3.5,1,0.9562361,434,0.954668033,0.745718754,5.655636782,9.455636782,38,1,0.0357862,1,2,15,90,13.5,40,PAV076
10,2,41,1,164.775847,112.6294,41,1,10,2,41,1,5,25,80,20,10,100,10,10,2,1.3442623,459,0.830550075,0.832151905,4.299664546,8.499664546,44,1,0.0377097,1,1,25,80,20,30,PAV076
10,2,42,1,168.909724,114.8967,42,0,10,2,42,1,5,12,60,7.2,10,100,10,-2.8,1,0.741024,469,0.822760897,1.071098708,2.226891559,7.626891559,58,1,0.0363761,1,1,12,60,7.2,10,PAV076
10,2,43,1,172.659762,117.1938333,43,0,10,2,43,1,5,12,30,3.6,10,100,10,-6.4,1,0.9777458,479,0.910074287,1.11274007,4.650980335,10.25098033,60,1,0.0402654,1,1,12,30,3.6,20,PAV076
10,2,44,1,176.759863,119.7414,44,0,10,2,44,1,5,10,100,10,20,20,4,6,2,0.9042524,489,0.566560174,0.515190414,3.975860193,6.575860193,24,1,0.037215,1,2,20,20,4,30,PAV076
10,2,45,1,179.859834,121.867,45,0,10,2,45,1,5,10,100,10,15,30,4.5,5.5,2,0.8709552,499,0.635101006,0.643907593,3.705959512,7.105959512,32,1,0.0356656,1,2,15,30,4.5,20,PAV076
10,2,46,1,183.126567,124.5942333,46,0,10,2,46,1,5,10,100,10,20,60,12,-2,2,2.0786251,509,0.68110993,0.993232182,2.770139549,7.770139549,52,1,0.0363995,1,2,20,60,12,10,PAV076
10,2,47,1,187.993253,127.5168667,47,0,10,2,47,1,5,10,100,10,25,20,5,5,2,1.0328851,519,0.781649341,1.115062776,1.463238871,7.063238871,60,1,0.0395985,1,2,25,20,5,30,PAV076
10,2,48,1,192.043286,129.6110333,48,0,10,2,48,1,5,30,50,15,10,100,10,5,1,0.7176154,529,0.587207654,0.648221619,2.363684946,5.763684946,31,1,0.0409895,1,1,30,50,15,0,PAV076
10,2,49,1,195.093222,132.3789667,49,0,10,2,49,1,5,30,40,12,10,100,10,2,1,1.0601472,539,0.851757658,0.598922506,7.374405502,10.3744055,29,1,0.0340298,1,1,30,40,12,10,PAV076
10,2,50,1,198.710092,134.9405333,50,0,10,2,50,1,5,15,20,3,10,100,10,-7,1,0.9186322,549,0.59630492,0.973595445,2.948455648,7.948455648,51,1,0.0365435,1,1,15,20,3,30,PAV076
28,3,1,1,15.546727,4.165133333,1,0,28,3,1,1,5,30,40,12,10,100,10,2,1,0.8695085,10,0.73129948,1.15273834,0.499862348,6.299862348,62,1,0.0462241,1,1,30,40,12,10,PAV076
28,3,2,1,19.446678,17.088,2,0,28,3,2,1,5,10,100,10,20,50,10,0,2,1.247457,20,0.927752127,1.138402826,2.912901251,8.712901251,62,1,0.0328587,1,2,20,50,10,0,PAV076
28,3,3,1,23.880173,19.33113333,3,1,28,3,3,1,5,10,100,10,15,70,10.5,-0.5,1,1.1364172,20,0.728454592,0.895792305,5.626789441,10.22678944,47,0,0.0326971,1,2,15,70,10.5,20,PAV076
28,3,4,1,27.763407,22.54713333,4,0,28,3,4,1,5,15,30,4.5,10,100,10,-5.5,1,0.8424309,30,0.67158579,0.851544552,4.95288659,9.35288659,45,1,0.0322233,1,1,15,30,4.5,20,PAV076
28,3,5,1,31.263592,25.68683333,5,0,28,3,5,1,5,10,100,10,12,50,6,4,2,0.9488908,40,0.634700361,1.107690993,1.508545957,7.108545957,60,1,0.0331422,1,2,12,50,6,0,PAV076
28,3,6,1,35.079805,27.6497,6,1,28,3,6,1,5,10,100,10,12,90,10.8,-0.8,1,1.0642498,52,0.972155882,0.513335935,4.56760777,7.16760777,24,1,0.0329346,1,2,12,90,10.8,40,PAV076
28,3,7,1,38.713633,30.1801,7,0,28,3,7,1,5,10,100,10,25,20,5,5,2,0.8294057,62,0.768732221,1.095106533,5.00776733,10.60776733,59,1,0.0332231,1,2,25,20,5,30,PAV076
28,3,8,1,42.497058,32.88526667,8,0,28,3,8,1,5,10,100,10,30,40,12,-2,2,0.9055781,72,0.751872977,0.87232158,3.535295482,7.935295482,46,1,0.0328724,1,2,30,40,12,10,PAV076
28,3,9,1,46.130382,35.08236667,9,0,28,3,9,1,5,12,40,4.8,10,100,10,-5.2,1,0.5142321,82,0.97873172,0.5132402,3.866382474,6.466382474,24,1,0.0345889,1,1,12,40,4.8,10,PAV076
28,3,10,1,49.230483,37.36486667,10,1,28,3,10,1,5,10,100,10,12,80,9.6,0.4,1,0.861706,82,0.912668294,0.963073622,5.562538021,10.56253802,50,0,0.032762,1,2,12,80,9.6,30,PAV076
28,3,11,1,53.046723,40.20973333,11,0,28,3,11,1,5,25,50,12.5,10,100,10,2.5,1,0.9428324,92,0.958090108,0.957957145,5.092290658,9.892290658,51,1,0.0339681,1,1,25,50,12.5,0,PAV076
28,3,12,1,57.01392,42.36396667,12,0,28,3,12,1,5,15,40,6,10,100,10,-4,1,1.0467065,102,0.865346625,0.50090222,4.051489562,6.651489562,24,1,0.032282,1,1,15,40,6,10,PAV076
28,3,13,1,60.547298,44.99796667,13,1,28,3,13,1,5,20,80,16,10,100,10,6,2,2.0393236,122,0.523589289,0.503640488,4.05059234,6.65059234,24,1,0.0327648,1,1,20,80,16,30,PAV076
28,3,14,1,64.730656,47.31296667,14,0,28,3,14,1,5,10,100,10,25,60,15,-5,2,1.199473,132,0.829911336,1.132351602,0.7737475,6.5737475,61,1,0.0323916,1,2,25,60,15,10,PAV076
28,3,15,1,68.980726,48.88063333,15,0,28,3,15,1,5,30,30,9,10,100,10,-1,1,0.6108831,142,0.957680984,1.057711815,1.718744345,7.118744345,57,1,0.0328874,1,1,30,30,9,20,PAV076
28,3,16,1,72.71409,51.76373333,16,1,28,3,16,1,5,15,80,12,10,100,10,2,2,1.2571795,157,0.822186203,0.880492741,0.897543392,5.497543392,46,1,0.032673,1,1,15,80,12,30,PAV076
28,3,17,1,76.780819,54.65693333,17,0,28,3,17,1,5,12,20,2.4,10,100,10,-7.6,1,0.6682655,167,0.86180313,0.507546613,7.826121299,10.4261213,24,1,0.0332767,1,1,12,20,2.4,30,PAV076
28,3,18,1,79.930876,56.68086667,18,1,28,3,18,1,5,10,100,10,25,80,20,-10,1,1.2486512,192,0.663599847,0.750432359,1.789179644,5.589179644,39,1,0.0330309,1,2,25,80,20,30,PAV076
28,3,19,1,83.69713,59.28043333,19,0,28,3,19,1,5,10,100,10,25,50,12.5,-2.5,2,0.7909621,202,0.715521474,0.652708264,7.274496796,10.6744968,33,1,0.0332552,1,2,25,50,12.5,0,PAV076
28,3,20,1,86.980962,63.2538,20,1,28,3,20,1,5,10,100,10,12,60,7.2,2.8,1,0.9755743,214,0.723269953,0.864395675,0.71264902,5.11264902,45,1,0.0329738,1,2,12,60,7.2,10,PAV076
28,3,21,1,90.647661,64.8306,21,0,28,3,21,1,5,10,100,10,12,30,3.6,6.4,2,0.6382356,224,0.501627634,1.110444195,1.057951184,6.657951184,60,1,0.0327679,1,2,12,30,3.6,20,PAV076
28,3,22,1,93.997712,67.76456667,22,0,28,3,22,1,5,10,100,10,20,40,8,2,2,0.7393339,234,0.86635415,0.602340476,4.385149348,7.585149348,30,1,0.0321676,1,2,20,40,8,10,PAV076
28,3,23,1,97.331092,70.25886667,23,0,28,3,23,1,5,10,100,10,15,50,7.5,2.5,2,0.9462036,244,0.872499725,0.689937398,5.177815013,8.777815013,35,1,0.032883,1,2,15,50,7.5,0,PAV076
28,3,24,1,100.947787,72.3807,24,0,28,3,24,1,5,15,60,9,10,100,10,-1,1,0.8500335,254,0.800574735,0.769173684,1.249667603,5.249667603,40,1,0.0325803,1,1,15,60,9,10,PAV076
28,3,25,1,104.481167,75.56443333,25,0,28,3,25,1,5,25,30,7.5,10,100,10,-2.5,1,0.8624835,264,0.502013132,1.130095187,1.777062419,7.577062419,61,1,0.0333987,1,1,25,30,7.5,20,PAV076
28,3,26,1,108.064035,78.1168,26,0,28,3,26,1,5,10,100,10,20,50,10,0,2,1.5254773,274,0.863674893,1.07472789,1.482334456,6.882334456,58,1,0.0326856,1,2,20,50,10,0,PAV076
28,3,27,1,112.647919,79.68043333,27,1,28,3,27,1,5,15,60,9,10,100,10,-1,2,1.2781685,289,0.527283617,0.589639942,4.562625928,7.562625928,29,1,0.0329355,1,1,15,60,9,10,PAV076
28,3,28,1,116.147962,82.64773333,28,1,28,3,28,1,5,10,100,10,30,80,24,-14,1,1.204871,289,0.673654181,0.525036407,8.026807268,10.82680727,25,0,0.0327358,1,2,30,80,24,30,PAV076
28,3,29,1,119.664681,85.15766667,29,0,28,3,29,1,5,25,50,12.5,10,100,10,2.5,1,0.7078474,299,0.555906707,0.905635251,5.782760619,10.38276062,48,1,0.0328638,1,1,25,50,12.5,0,PAV076
28,3,30,1,122.931333,86.8811,30,0,28,3,30,1,5,20,20,4,10,100,10,-6,1,0.8112281,309,0.872424203,0.957713185,4.320435786,9.120435786,51,1,0.0329174,1,1,20,20,4,30,PAV076
28,3,31,1,126.664684,89.53076667,31,0,28,3,31,1,5,12,70,8.4,10,100,10,-1.6,1,0.836525,319,0.598809761,0.596331375,5.494211896,8.494211896,29,1,0.0327091,1,1,12,70,8.4,20,PAV076
28,3,32,1,129.798148,91.95293333,32,0,28,3,32,1,5,30,50,15,10,100,10,5,1,1.0194831,329,0.662219631,1.000766045,0.801412945,6.001412945,54,1,0.0323172,1,1,30,50,15,0,PAV076
28,3,33,1,133.581395,94.11416667,33,0,28,3,33,1,5,10,100,10,20,50,10,0,2,1.2516366,339,0.751360772,0.777220114,3.019920206,7.019920206,40,1,0.0329384,1,2,20,50,10,0,PAV076
28,3,34,1,137.44823,96.0641,34,1,28,3,34,1,5,25,60,15,10,100,10,5,2,1.0726643,364,0.950721112,0.618273386,4.560940902,7.760940902,31,1,0.0324251,1,1,25,60,15,10,PAV076
28,3,35,1,141.198289,98.9439,35,0,28,3,35,1,5,25,40,10,10,100,10,0,1,0.9107504,374,0.609218267,1.055838321,4.282893732,9.682893732,57,1,0.0326793,1,1,25,40,10,10,PAV076
28,3,36,1,144.865001,100.7002,36,1,28,3,36,1,5,10,100,10,30,90,27,-17,1,1.123362,404,0.814835166,1.105756309,-0.062042268,5.537957732,60,1,0.0332968,1,2,30,90,27,40,PAV076
28,3,37,1,149.015042,103.2809,37,0,28,3,37,1,5,10,100,10,25,40,10,0,2,0.7898824,414,0.640542253,0.608074373,3.780394631,6.980394631,30,1,0.0318284,1,2,25,40,10,10,PAV076
28,3,38,1,152.165078,106.0104,38,0,28,3,38,1,5,10,100,10,15,20,3,7,2,0.7497523,424,0.524938568,1.011100081,1.727967881,6.927967881,54,1,0.0325386,1,2,15,20,3,30,PAV076
28,3,39,1,155.53159,108.1971333,39,1,28,3,39,1,5,30,70,21,10,100,10,11,2,1.3391333,454,0.935818463,0.979958524,3.859398328,8.859398328,52,1,0.0327751,1,1,30,70,21,20,PAV076
28,3,40,1,159.881836,111.3808,40,0,28,3,40,1,5,10,100,10,30,60,18,-8,2,0.6105602,464,0.82092138,0.775504779,5.310197685,9.310197685,40,1,0.0346085,1,2,30,60,18,10,PAV076
28,3,41,1,163.181899,114.594,41,0,28,3,41,1,5,10,100,10,20,60,12,-2,2,0.9021041,474,0.788137015,0.879735121,3.968576855,8.368576855,46,1,0.0325133,1,2,20,60,12,10,PAV076
28,3,42,1,166.831942,116.2476333,42,1,28,3,42,1,5,20,70,14,10,100,10,4,2,0.9893773,474,0.802254794,0.626720644,7.655369214,10.85536921,31,0,0.032517,1,1,20,70,14,20,PAV076
28,3,43,1,170.348655,118.5971667,43,0,28,3,43,1,5,20,50,10,10,100,10,0,1,0.8262059,484,0.592284403,0.713347144,5.680644735,9.280644735,36,1,0.0327978,1,1,20,50,10,0,PAV076
28,3,44,1,173.582008,121.0393667,44,0,28,3,44,1,5,10,100,10,30,20,6,4,2,0.7180174,494,0.713317478,0.541790809,6.601872509,9.401872509,26,1,0.0312555,1,2,30,20,6,30,PAV076
28,3,45,1,176.648714,123.0143667,45,1,28,3,45,1,5,20,90,18,10,100,10,8,2,0.8047197,514,0.922560526,0.639810864,5.456080839,8.656080839,32,1,0.0327701,1,1,20,90,18,40,PAV076
28,3,46,1,180.115432,125.4145333,46,0,28,3,46,1,5,30,50,15,10,100,10,5,1,0.7715805,524,0.749322007,1.199444343,-0.055146358,5.944853642,65,1,0.0346401,1,1,30,50,15,0,PAV076
28,3,47,1,183.932146,128.1709333,47,0,28,3,47,1,5,10,100,10,25,70,17.5,-7.5,2,1.168041,534,0.581795483,1.026627924,5.330927759,10.53092776,55,1,0.0339007,1,2,25,70,17.5,20,PAV076
28,3,48,1,187.815515,129.8305333,48,1,28,3,48,1,5,25,90,22.5,10,100,10,12.5,2,0.9455259,559,0.695030583,0.577247785,7.215496978,10.21549698,28,1,0.0324903,1,1,25,90,22.5,40,PAV076
28,3,49,1,191.148908,132.5311333,49,0,28,3,49,1,5,20,30,6,10,100,10,-4,1,0.7942008,569,0.728277233,0.724371646,5.286645193,9.086645193,37,1,0.0324576,1,1,20,30,6,20,PAV076
28,3,50,1,194.51559,135.5020333,50,1,28,3,50,1,5,10,100,10,15,90,13.5,-3.5,1,1.020197,584,0.737534754,1.176450412,1.578634774,7.578634774,64,1,0.0331092,1,2,15,90,13.5,40,PAV076
31,4,1,1,14.202652,3.326166667,1,0,31,4,1,1,5,10,100,10,12,60,7.2,2.8,2,0.7686641,10,0.606152518,1.056111874,0.921541776,6.321541776,56,1,0.0496712,1,2,12,60,7.2,10,PAV076
31,4,2,1,17.786091,14.9794,2,0,31,4,2,1,5,10,100,10,20,30,6,4,2,1.0522635,20,0.921938899,1.01449655,-0.146213532,5.053786468,54,1,0.0326961,1,2,20,30,6,20,PAV076
31,4,3,1,21.869461,17.1368,3,1,31,4,3,1,5,10,100,10,25,60,15,-5,1,0.8963566,20,0.61222566,0.863700382,4.541777658,8.941777658,45,0,0.033404,1,2,25,60,15,10,PAV076
31,4,4,1,25.369526,19.88573333,4,1,31,4,4,1,5,10,100,10,20,90,18,-8,1,0.761212,40,0.798392622,0.999928158,2.919632003,7.919632003,53,1,0.032997,1,2,20,90,18,40,PAV076
31,4,5,1,29.019473,22.76883333,5,0,31,4,5,1,5,10,100,10,20,40,8,2,2,0.9280992,50,0.703520072,0.960457467,0.89280424,5.89280424,51,1,0.0322075,1,2,20,40,8,10,PAV076
31,4,6,1,32.702978,24.70313333,6,0,31,4,6,1,5,10,100,10,12,70,8.4,1.6,2,1.0234976,60,0.818520123,1.105466972,2.798405171,8.398405171,60,1,0.0333139,1,2,12,70,8.4,20,PAV076
31,4,7,1,36.752988,27.1698,7,0,31,4,7,1,5,25,40,10,10,100,10,0,1,0.8206371,70,0.624474419,0.672392194,6.37947394,9.77947394,34,1,0.0330815,1,1,25,40,10,10,PAV076
31,4,8,1,39.952613,29.9509,8,0,31,4,8,1,5,10,100,10,25,30,7.5,2.5,2,1.2503623,80,0.693154239,0.5923883,7.63461921,10.63461921,29,1,0.0330224,1,2,25,30,7.5,20,PAV076
31,4,9,1,43.569741,31.9709,9,0,31,4,9,1,5,30,50,15,10,100,10,5,1,1.5239661,90,0.752051834,0.83355589,5.384672107,9.584672107,43,1,0.0335089,1,1,30,50,15,0,PAV076
31,4,10,1,47.786465,34.88696667,10,0,31,4,10,1,5,10,100,10,25,80,20,-10,2,0.902472,100,0.820913581,0.739276932,1.983116404,5.783116404,38,1,0.032293,1,2,25,80,20,30,PAV076
31,4,11,1,51.336504,37.5734,11,1,31,4,11,1,5,12,90,10.8,10,100,10,0.8,2,1.9893019,112,0.903424599,0.615722275,5.8303678,9.0303678,30,1,0.0328519,1,1,12,90,10.8,40,PAV076
31,4,12,1,55.936181,39.3033,12,0,31,4,12,1,5,20,60,12,10,100,10,2,1,0.8398932,122,0.929368847,0.545732391,4.614510175,7.414510175,26,1,0.0331506,1,1,20,60,12,10,PAV076
31,4,13,1,59.369952,41.83603333,13,0,31,4,13,1,5,10,100,10,12,40,4.8,5.2,2,0.9276398,132,0.84456016,0.511829732,3.054409982,5.654409982,24,1,0.0326938,1,2,12,40,4.8,10,PAV076
31,4,14,1,62.753297,45.0943,14,0,31,4,14,1,5,10,100,10,15,30,4.5,5.5,2,1.0758053,142,0.683128159,0.88323286,3.734891951,8.334891951,46,1,0.0333324,1,2,15,30,4.5,20,PAV076
31,4,15,1,66.486577,46.98566667,15,0,31,4,15,1,5,10,100,10,12,20,2.4,7.6,2,0.8337381,152,0.674567505,0.839609199,4.782013509,8.982013509,44,1,0.0329303,1,2,12,20,2.4,30,PAV076
31,4,16,1,69.936764,49.4691,16,1,31,4,16,1,5,10,100,10,15,80,12,-2,1,1.2834992,167,0.642902469,1.152307028,0.990907516,6.790907516,63,1,0.0329427,1,2,15,80,12,30,PAV076
31,4,17,1,74.103348,53.3257,17,0,31,4,17,1,5,10,100,10,20,50,10,0,2,0.8357593,177,0.532423951,0.525482415,5.101468877,7.901468877,25,1,0.0334997,1,2,20,50,10,0,PAV076
31,4,18,1,77.086822,55.00356667,18,0,31,4,18,1,5,10,100,10,30,40,12,-2,2,0.9189401,187,0.640918392,0.837376902,1.615162663,5.815162663,44,1,0.0334032,1,2,30,40,12,10,PAV076
31,4,19,1,80.569796,57.37083333,19,1,31,4,19,1,5,10,100,10,15,70,10.5,-0.5,1,1.6755015,202,0.552195987,0.872763713,3.522896628,7.922896628,46,1,0.0325066,1,2,15,70,10.5,20,PAV076
31,4,20,1,84.770243,60.2976,20,0,31,4,20,1,5,10,100,10,15,50,7.5,2.5,2,0.8282005,212,0.592184967,0.686618053,2.258434392,5.858434392,35,1,0.0326044,1,2,15,50,7.5,0,PAV076
31,4,21,1,87.986938,61.8696,21,0,31,4,21,1,5,15,60,9,10,100,10,-1,1,0.8613214,222,0.816692534,1.109745778,-0.290912512,5.309087488,60,1,0.032602,1,1,15,60,9,10,PAV076
31,4,22,1,91.887003,64.7536,22,0,31,4,22,1,5,10,100,10,20,50,10,0,2,0.9079322,232,0.710882488,0.795800164,1.510187447,5.510187447,41,1,0.0324098,1,2,20,50,10,0,PAV076
31,4,23,1,95.387067,67.3226,23,0,31,4,23,1,5,12,30,3.6,10,100,10,-6.4,1,0.6560458,242,0.912684811,0.916073003,0.446491089,5.046491089,48,1,0.0325428,1,1,12,30,3.6,20,PAV076
31,4,24,1,98.970434,69.2198,24,0,31,4,24,1,5,25,20,5,10,100,10,-5,1,0.8351652,252,0.681721231,0.83858877,2.867481608,7.067481608,44,1,0.0324725,1,1,25,20,5,30,PAV076
31,4,25,1,102.437119,72.41923333,25,0,31,4,25,1,5,10,100,10,20,50,10,0,2,0.6714289,262,0.75678183,0.971429995,0.835283597,5.835283597,52,1,0.0327372,1,2,20,50,10,0,PAV076
31,4,26,1,105.937158,74.93873333,26,1,31,4,26,1,5,15,90,13.5,10,100,10,3.5,2,0.9475018,277,0.767055822,1.037529928,2.365027866,7.565027866,56,1,0.0322859,1,1,15,90,13.5,40,PAV076
31,4,27,1,109.787256,76.5203,27,0,31,4,27,1,5,10,100,10,30,20,6,4,2,0.8781078,287,0.970503235,0.947978632,3.842436696,8.642436696,50,1,0.0330325,1,2,30,20,6,30,PAV076
31,4,28,1,113.687262,78.88693333,28,0,31,4,28,1,5,30,60,18,10,100,10,8,1,0.5823907,297,0.573749282,1.034040819,2.084315963,7.284315963,56,1,0.0328218,1,1,30,60,18,10,PAV076
31,4,29,1,116.970634,82.24503333,29,0,31,4,29,1,5,10,100,10,20,50,10,0,2,1.0188353,307,0.60130683,0.790536326,5.032337431,9.032337431,41,1,0.0331777,1,2,20,50,10,0,PAV076
31,4,30,1,120.487339,84.18666667,30,0,31,4,30,1,5,25,50,12.5,10,100,10,2.5,1,0.8065007,317,0.935631592,0.520262922,3.77323163,6.57323163,25,1,0.0340702,1,1,25,50,12.5,0,PAV076
31,4,31,1,123.854043,86.33576667,31,0,31,4,31,1,5,15,40,6,10,100,10,-4,1,1.0878524,327,0.749579041,1.064307843,0.787452284,6.187452284,57,1,0.0343358,1,1,15,40,6,10,PAV076
31,4,32,1,127.837433,88.8504,32,0,31,4,32,1,5,25,50,12.5,10,100,10,2.5,1,1.179235,337,0.541085411,0.863005688,3.307526309,7.707526309,45,1,0.0331263,1,1,25,50,12.5,0,PAV076
31,4,33,1,131.520805,91.0194,33,0,31,4,33,1,5,25,40,10,10,100,10,0,1,1.1510549,347,0.895024985,0.99175834,3.940949341,8.940949341,53,1,0.0327689,1,1,25,40,10,10,PAV076
31,4,34,1,135.63735,93.63653333,34,0,31,4,34,1,5,30,40,12,10,100,10,2,1,1.0642793,357,0.6474331,0.63704153,5.614404413,8.814404413,32,1,0.0334266,1,1,30,40,12,10,PAV076
31,4,35,1,139.087168,96.04343333,35,1,31,4,35,1,5,15,60,9,10,100,10,-1,2,2.5268977,372,0.658762216,0.675834545,3.613846037,7.013846037,34,1,0.0332133,1,1,15,60,9,10,PAV076
31,4,36,1,144.037141,98.01906667,36,1,31,4,36,1,5,30,90,27,10,100,10,17,2,0.7108852,372,0.914933798,0.590509466,7.717054099,10.7170541,29,0,0.032945,1,1,30,90,27,40,PAV076
31,4,37,1,147.354334,100.6866,37,0,31,4,37,1,5,10,100,10,12,80,9.6,0.4,2,0.8355742,382,0.565883333,1.084746686,0.248728683,5.848728683,59,1,0.0328361,1,2,12,80,9.6,30,PAV076
31,4,38,1,150.95437,103.1085,38,0,31,4,38,1,5,12,50,6,10,100,10,-4,1,0.6910581,392,0.791227229,1.051055851,5.272161598,10.6721616,57,1,0.0321016,1,1,12,50,6,0,PAV076
31,4,39,1,154.604435,105.1369,39,0,31,4,39,1,5,30,50,15,10,100,10,5,1,0.8514077,402,0.774376447,0.720536075,5.8947906,9.6947906,37,1,0.0348842,1,1,30,50,15,0,PAV076
31,4,40,1,158.054471,107.9698667,40,0,31,4,40,1,5,20,20,4,10,100,10,-6,1,0.7531427,412,0.808447059,0.560418077,6.807334627,9.807334627,27,1,0.0331154,1,1,20,20,4,30,PAV076
31,4,41,1,161.271189,110.6642333,41,1,31,4,41,1,5,30,70,21,10,100,10,11,2,0.7795078,442,0.519899384,0.928702005,0.613243155,5.413243155,49,1,0.0306121,1,1,30,70,21,20,PAV076
31,4,42,1,164.60454,112.6698333,42,0,31,4,42,1,5,10,100,10,30,30,9,1,2,0.8049761,452,0.50893449,0.838954839,4.256149333,8.456149333,44,1,0.0327003,1,2,30,30,9,20,PAV076
31,4,43,1,167.871253,115.3527667,43,0,31,4,43,1,5,15,20,3,10,100,10,-7,1,0.6695939,462,0.743395758,1.106571692,2.897906677,8.497906677,60,1,0.0297033,1,1,15,20,3,30,PAV076
31,4,44,1,171.487951,117.9883333,44,1,31,4,44,1,5,30,80,24,10,100,10,14,2,0.7733416,492,0.740234876,0.730823186,2.911812707,6.711812707,37,1,0.0330484,1,1,30,80,24,30,PAV076
31,4,45,1,174.838026,119.8367,45,0,31,4,45,1,5,25,50,12.5,10,100,10,2.5,1,0.5938206,502,0.708106215,0.919827782,3.854693056,8.454693056,49,1,0.0334748,1,1,25,50,12.5,0,PAV076
31,4,46,1,178.171384,121.8712667,46,0,31,4,46,1,5,10,100,10,20,70,14,-4,2,0.7937357,512,0.768317365,0.725403764,5.020135622,8.820135622,37,1,0.0329906,1,2,20,70,14,20,PAV076
31,4,47,1,181.554764,124.9417333,47,0,31,4,47,1,5,25,60,15,10,100,10,5,1,1.1275344,522,0.923765711,1.035738117,1.343130314,6.543130314,56,1,0.0333523,1,1,25,60,15,10,PAV076
31,4,48,1,185.754802,127.0531667,48,1,31,4,48,1,5,25,70,17.5,10,100,10,7.5,2,1.1939019,522,0.67975828,0.527698432,6.936391104,9.736391104,25,0,0.0329268,1,1,25,70,17.5,20,PAV076
31,4,49,1,189.271531,129.9200333,49,0,31,4,49,1,5,10,100,10,25,90,22.5,-12.5,2,0.6732059,532,0.693300041,0.826086792,4.62406347,8.82406347,43,1,0.0324268,1,2,25,90,22.5,40,PAV076
31,4,50,1,192.55489,132.6713333,50,1,31,4,50,1,5,10,100,10,20,80,16,-6,1,1.1713909,552,0.833152213,0.577459336,2.226841829,5.226841829,28,1,0.0329561,1,2,20,80,16,30,PAV076