trial,run,stimCat,stimN,oldNew,resp,rt,accEncoded,postChoiceDur,isiDur,conf,confRT,confPresses,rt2,acc,wasRDD,nRDD,rddVal,rddRew,rddAcc,totExp,acc2,Subject
1,1,3,29,3,2,2516,0,0.746927473,0.314225036,4,2.7218669,1,2.5158444,1,1,1,30,0,0,1,1,EMUYFK
2,1,3,26,3,2,2539,0,0.510953467,0.376221294,5,2.1578405,2,2.5389184,1,1,1,20,0,0,1,1,EMUYFK
3,1,1,14,1,2,3107,1,0.494468439,0.35692358,4,2.2173433,1,3.1067082,1,1,1,25,25,1,4,1,EMUYFK
4,1,3,37,3,2,1961,0,0.634387233,0.611803715,5,1.2047084,2,1.9612122,1,1,0,30,10,1,1,1,EMUYFK
5,1,1,42,0,1,1083,1,0.708457009,0.60713908,4,2.8628721,1,1.0825427,1,0,NaN,NaN,NaN,NaN,NaN,1,EMUYFK
6,1,3,4,1,2,3108,1,0.538548327,0.744407552,4,2.5009306,1,3.1080612,1,1,1,30,30,1,2,1,EMUYFK
7,1,1,55,0,1,1362,1,0.287169587,0.291159589,4,1.7772728,1,1.3618368,1,0,NaN,NaN,NaN,NaN,NaN,1,EMUYFK
8,1,3,36,3,1,1969,1,0.541096545,0.379646367,4,3.5071722,1,1.9688715,0,1,0,20,10,1,1,0,EMUYFK
9,1,1,33,3,1,1393,1,0.39084807,0.396964585,3,3.3693135,2,1.3931356,0,1,1,20,0,0,1,0,EMUYFK
10,1,2,55,0,1,3825,1,0.703358848,0.588567579,5,1.4162923,2,3.8250449,1,0,NaN,NaN,NaN,NaN,NaN,1,EMUYFK
11,1,2,42,0,1,3384,1,0.276712834,0.67721217,5,1.9475916,2,3.3836363,1,0,NaN,NaN,NaN,NaN,NaN,1,EMUYFK
12,1,1,40,0,1,1768,1,0.550912449,0.522728607,4,0.8335238,1,1.7677877,1,0,NaN,NaN,NaN,NaN,NaN,1,EMUYFK
13,1,1,36,3,2,5663,0,0.707646636,0.493795104,2,1.1449584,1,5.6625984,1,1,0,25,10,1,1,1,EMUYFK
14,1,2,12,1,2,2979,1,0.334194343,0.482883496,3,1.7223336,0,2.9789505,1,1,1,30,30,1,4,1,EMUYFK
15,1,1,39,0,1,1142,1,0.36200721,0.727426366,5,1.5184848,2,1.141724,1,0,NaN,NaN,NaN,NaN,NaN,1,EMUYFK
16,1,1,37,3,1,3143,1,0.529244362,0.667067735,3,1.0234667,0,3.1430503,0,1,0,30,10,1,1,0,EMUYFK
17,1,2,27,3,2,1887,0,0.424097749,0.348728244,5,1.0484327,2,1.8868148,1,1,0,25,10,1,1,1,EMUYFK
18,1,2,43,0,1,3856,1,0.350458698,0.688626657,3,1.7460685,0,3.8556063,1,0,NaN,NaN,NaN,NaN,NaN,1,EMUYFK
19,1,2,28,3,1,5287,1,0.328145476,0.712866023,3,1.5686125,0,5.2871059,0,1,0,25,10,1,1,0,EMUYFK
20,1,1,8,1,2,3326,1,0.275089783,0.505597186,4,1.4130073,1,3.3259446,1,1,0,30,10,1,3,1,EMUYFK
21,1,3,44,0,1,1618,1,0.350094755,0.344938663,4,1.8986506,1,1.6175559,1,0,NaN,NaN,NaN,NaN,NaN,1,EMUYFK
22,1,2,2,1,2,2200,1,0.710058003,0.657590793,5,1.3306954,2,2.2003846,1,1,1,20,20,1,2,1,EMUYFK
23,1,2,47,0,1,1953,1,0.413556255,0.319304813,4,1.4026871,1,1.9531739,1,0,NaN,NaN,NaN,NaN,NaN,1,EMUYFK
24,1,1,53,0,1,1386,1,0.536124885,0.729012597,5,2.1357378,2,1.3856455,1,0,NaN,NaN,NaN,NaN,NaN,1,EMUYFK
25,1,1,11,1,2,1527,1,0.436221695,0.273348235,5,1.3800694,2,1.5265803,1,1,1,20,20,1,4,1,EMUYFK
26,1,1,43,0,1,2875,1,0.613517753,0.309580468,2,2.6986105,1,2.8748726,1,0,NaN,NaN,NaN,NaN,NaN,1,EMUYFK
27,1,3,54,0,2,3741,0,0.4374109,0.522888053,2,0.8830225,1,3.7405357,0,0,NaN,NaN,NaN,NaN,NaN,0,EMUYFK
28,1,2,51,0,1,2127,1,0.436512235,0.578046592,3,1.1718638,0,2.1270739,1,0,NaN,NaN,NaN,NaN,NaN,1,EMUYFK
29,1,1,28,3,1,3376,1,0.260534856,0.702296091,4,2.9883198,1,3.3761437,0,1,0,20,10,1,1,0,EMUYFK
30,1,3,32,3,2,2609,0,0.408630963,0.536033369,5,1.472125,2,2.6084137,1,1,0,25,10,1,1,1,EMUYFK
31,1,1,2,1,2,1821,1,0.566137632,0.625493351,3,0.8579776,0,1.8208717,1,1,1,30,30,1,2,1,EMUYFK
32,1,3,11,1,1,6219,0,0.499816824,0.688369006,4,4.5273017,3,6.2187538,0,1,0,25,10,1,4,0,EMUYFK
33,1,2,32,3,1,2800,1,0.643754555,0.398992413,2,2.8684953,1,2.7996981,0,1,0,30,10,1,1,0,EMUYFK
34,1,3,48,0,2,2439,0,0.716703376,0.740847084,3,1.4275281,0,2.4385748,0,0,NaN,NaN,NaN,NaN,NaN,0,EMUYFK
35,1,3,49,0,1,2465,1,0.649170273,0.379021596,3,2.872957,0,2.465287,1,0,NaN,NaN,NaN,NaN,NaN,1,EMUYFK
36,1,2,13,1,2,2895,1,0.496785002,0.32801638,4,1.2793775,1,2.8949355,1,1,1,30,30,1,4,1,EMUYFK
37,1,2,33,3,1,1991,1,0.558005388,0.643327531,4,3.1464286,1,1.9906715,0,1,0,20,10,1,1,0,EMUYFK
38,1,3,12,1,2,1418,1,0.529747685,0.464141198,5,1.7988278,2,1.4176395,1,1,1,20,20,1,4,1,EMUYFK
39,1,3,56,0,1,3807,1,0.324550686,0.328884712,1,1.8438273,2,3.8070721,1,0,NaN,NaN,NaN,NaN,NaN,1,EMUYFK
40,1,1,32,3,1,2487,1,0.330491102,0.507704799,3,1.6620279,0,2.4870555,0,1,1,30,0,0,1,0,EMUYFK
41,1,1,17,1,2,1373,1,0.393573873,0.515983835,5,1.4865928,2,1.3727654,1,1,4,10,10,1,15,1,EMUYFK
42,1,2,41,0,1,2983,1,0.440599692,0.527362534,3,1.2163141,0,2.982641,1,0,NaN,NaN,NaN,NaN,NaN,1,EMUYFK
43,1,3,50,0,1,3995,1,0.385798794,0.66823673,2,2.5588005,1,3.9952146,1,0,NaN,NaN,NaN,NaN,NaN,1,EMUYFK
44,1,3,51,0,2,1791,0,0.48787796,0.551683149,4,1.7529576,1,1.7909031,0,0,NaN,NaN,NaN,NaN,NaN,0,EMUYFK
45,1,2,24,3,2,4100,0,0.254140814,0.387024054,3,1.6263917,0,4.0998904,1,1,0,25,10,1,1,1,EMUYFK
46,1,2,37,3,2,2696,0,0.49176288,0.267217651,3,0.8927737,0,2.6961047,1,1,1,20,0,0,1,1,EMUYFK
47,1,2,15,1,2,4268,1,0.451430191,0.547222807,5,1.221219,2,4.2680765,1,1,1,30,30,1,4,1,EMUYFK
48,1,1,3,1,2,2631,1,0.375918914,0.278802944,4,1.2565851,1,2.6304112,1,1,1,25,25,1,2,1,EMUYFK
49,1,3,2,1,1,3105,0,0.672004214,0.629931347,1,3.3761049,2,3.1049998,0,1,1,30,30,1,2,0,EMUYFK
50,1,1,5,1,1,2873,0,0.601443,0.734959048,4,2.5830048,1,2.8729332,0,1,0,30,10,1,2,0,EMUYFK
51,1,3,34,3,2,1915,0,0.637353223,0.423709236,5,1.3870156,2,1.9144311,1,1,0,25,10,1,1,1,EMUYFK
52,1,2,3,1,2,2227,1,0.571717541,0.693257479,4,0.8529074,1,2.2272286,1,1,1,20,20,1,2,1,EMUYFK
53,1,2,4,1,2,3711,1,0.671891837,0.631237956,3,2.312927,0,3.7108061,1,1,1,20,20,1,2,1,EMUYFK
54,1,3,6,1,2,3167,1,0.439787218,0.326997846,4,1.9047985,1,3.1673584,1,1,1,25,25,1,3,1,EMUYFK
55,1,2,45,0,1,2509,1,0.358871967,0.306802504,3,1.8255654,0,2.508837,1,0,NaN,NaN,NaN,NaN,NaN,1,EMUYFK
56,1,2,18,1,2,4073,1,0.482656032,0.616322511,2,0.8135692,1,4.0728887,1,1,5,10,10,1,15,1,EMUYFK
57,1,3,16,1,2,4021,1,0.688383907,0.402426357,4,1.5119425,1,4.0205238,1,1,4,10,10,1,15,1,EMUYFK
58,1,1,10,1,2,2921,1,0.294714553,0.476475059,4,3.5459543,5,2.9207721,1,1,1,30,30,1,3,1,EMUYFK
59,1,1,31,3,1,1099,1,0.599513651,0.425603779,5,1.7292236,2,1.0984444,0,1,0,30,10,1,1,0,EMUYFK
60,1,1,48,0,1,2208,1,0.294337754,0.573430439,3,0.698164,0,2.2078961,1,0,NaN,NaN,NaN,NaN,NaN,1,EMUYFK
61,1,3,5,1,1,5376,0,0.640505251,0.461150836,3,1.8878443,0,5.375768,0,1,0,20,10,1,2,0,EMUYFK
62,1,2,52,0,1,3235,1,0.72399679,0.52492924,4,0.8445598,1,3.2346751,1,0,NaN,NaN,NaN,NaN,NaN,1,EMUYFK
63,1,3,38,3,2,1543,0,0.414142966,0.711719909,5,1.6260598,2,1.5426728,1,1,0,30,10,1,1,1,EMUYFK
64,1,2,5,1,2,2102,1,0.668161836,0.648455058,3,1.2524178,0,2.1019447,1,1,0,25,10,1,2,1,EMUYFK
65,1,2,30,3,2,1342,0,0.664033738,0.697256808,4,0.8808569,1,1.3420233,1,1,0,30,10,1,1,1,EMUYFK
66,1,3,55,0,1,2399,1,0.469352924,0.276751744,5,1.1390193,2,2.3984071,1,0,NaN,NaN,NaN,NaN,NaN,1,EMUYFK
67,1,1,50,0,1,2647,1,0.368003759,0.544794172,2,1.9043765,1,2.647298,1,0,NaN,NaN,NaN,NaN,NaN,1,EMUYFK
68,1,2,48,0,1,2566,1,0.686505649,0.404362257,2,0.8819456,1,2.565638,1,0,NaN,NaN,NaN,NaN,NaN,1,EMUYFK
69,1,1,13,1,2,2453,1,0.580700939,0.693063864,4,1.2600808,1,2.4527825,1,1,1,25,25,1,4,1,EMUYFK
70,1,3,18,1,2,2382,1,0.742924108,0.537111721,5,1.2814282,2,2.3821122,1,1,5,10,10,1,15,1,EMUYFK
71,1,1,46,0,1,1997,1,0.316105605,0.485823201,4,2.1162715,1,1.9965761,1,0,NaN,NaN,NaN,NaN,NaN,1,EMUYFK
72,1,1,38,3,2,4001,0,0.601319247,0.444046656,2,2.423043,1,4.0011501,1,1,0,25,10,1,1,1,EMUYFK
73,1,3,13,1,2,2394,1,0.284792661,0.368662938,4,3.2920134,3,2.3936314,1,1,1,25,25,1,4,1,EMUYFK
74,1,2,16,1,1,3963,0,0.420660499,0.315442387,3,2.4840615,0,3.9631422,0,1,6,10,10,1,15,0,EMUYFK
75,1,3,42,0,2,4401,0,0.425709167,0.503538095,3,0.6705118,0,4.4006599,0,0,NaN,NaN,NaN,NaN,NaN,0,EMUYFK
1,1,3,4,1,2,1653,1,0.268247472,0.650911869,4,NaN,1,1.6526402,1,1,0,20,0,0,2,1,EMUYFM
2,1,2,17,1,2,1649,1,0.426520732,0.584619288,5,NaN,2,1.6484095,1,1,8,10,10,1,15,1,EMUYFM
3,1,3,53,0,1,1483,1,0.742562495,0.54470655,1,NaN,2,1.4826586,1,0,NaN,NaN,NaN,NaN,NaN,1,EMUYFM
4,1,2,55,0,1,3298,1,0.583535886,0.639902012,1,1.7420102,2,3.2976265,1,0,NaN,NaN,NaN,NaN,NaN,1,EMUYFM
5,1,3,35,3,2,1719,0,0.307393598,0.366478524,4,1.5594032,1,1.7176464,1,1,0,25,10,1,1,1,EMUYFM
6,1,2,53,0,1,2480,1,0.690625418,0.682632024,2,0.876174,1,2.4801674,1,0,NaN,NaN,NaN,NaN,NaN,1,EMUYFM
7,1,2,9,1,2,2270,1,0.681200489,0.594664733,3,2.6235583,2,2.2698631,1,1,0,20,10,1,3,1,EMUYFM
8,1,1,47,0,1,1017,1,0.413967835,0.332206827,1,2.0574055,2,1.0165995,1,0,NaN,NaN,NaN,NaN,NaN,1,EMUYFM
9,1,3,66,0,1,1092,1,0.327712272,0.383232433,1,1.2793243,2,1.092131,1,0,NaN,NaN,NaN,NaN,NaN,1,EMUYFM
10,1,1,46,0,1,1394,1,0.482199172,0.284562569,1,1.2129623,2,1.3937832,1,0,NaN,NaN,NaN,NaN,NaN,1,EMUYFM
11,1,3,30,3,1,1740,1,0.72627876,0.492465583,2,1.1289808,1,1.7403495,0,1,0,30,10,1,1,0,EMUYFM
12,1,3,1,1,2,1800,1,0.377194529,0.517207257,3,1.126206,0,1.8001826,1,1,0,30,10,1,2,1,EMUYFM
13,1,1,17,1,2,1798,1,0.332895673,0.461960359,4,2.0347261,1,1.7981546,1,1,10,10,10,1,15,1,EMUYFM
14,1,2,12,1,1,2297,0,0.406340474,0.46680684,2,1.6974732,1,2.2973761,0,1,1,25,25,1,4,0,EMUYFM
15,1,1,32,3,2,3452,0,0.56185076,0.62804539,4,1.0473788,1,3.4518403,1,1,0,25,10,1,1,1,EMUYFM
16,1,3,44,0,1,1073,1,0.383119314,0.740978535,1,1.9284896,2,1.0733047,1,0,NaN,NaN,NaN,NaN,NaN,1,EMUYFM
17,1,2,41,0,1,1395,1,0.612148023,0.447792963,1,0.7712568,2,1.3949925,1,0,NaN,NaN,NaN,NaN,NaN,1,EMUYFM
18,1,1,50,0,1,1445,1,0.311918824,0.701747652,1,1.007955,2,1.444423,1,0,NaN,NaN,NaN,NaN,NaN,1,EMUYFM
19,1,2,18,1,2,1221,1,0.334506603,0.522647558,4,1.2344649,1,1.2212443,1,1,10,10,10,1,15,1,EMUYFM
20,1,3,11,1,2,1973,1,0.728974783,0.364021829,4,1.5429432,1,1.9730951,1,1,0,20,10,1,4,1,EMUYFM
21,1,2,54,0,1,1681,1,0.633087666,0.690703876,2,0.814812,1,1.681362,1,0,NaN,NaN,NaN,NaN,NaN,1,EMUYFM
22,1,1,54,0,1,1065,1,0.686498988,0.33188406,1,1.249237,2,1.0651637,1,0,NaN,NaN,NaN,NaN,NaN,1,EMUYFM
23,1,1,24,3,2,3530,0,0.420795945,0.348903338,3,1.2113012,0,3.5299491,1,1,0,30,10,1,1,1,EMUYFM
24,1,1,40,0,1,777,1,0.486788582,0.632010702,2,1.4086428,1,0.7764216,1,0,NaN,NaN,NaN,NaN,NaN,1,EMUYFM
25,1,2,31,3,1,1614,1,0.440389782,0.278267268,2,0.9838143,1,1.6140558,0,1,0,20,10,1,1,0,EMUYFM
26,1,1,36,3,1,1556,1,0.699354583,0.571907865,1,1.3005219,2,1.5559581,0,1,0,25,10,1,1,0,EMUYFM
27,1,3,24,3,1,1132,1,0.704591704,0.468023743,2,0.9670739,1,1.131942,0,1,0,30,10,1,1,0,EMUYFM
28,1,3,6,1,2,2085,1,0.675180177,0.596103328,3,0.7484761,0,2.0851305,1,1,0,20,10,1,3,1,EMUYFM
29,1,1,30,3,1,983,1,0.436751333,0.34936513,2,1.0110751,1,0.9827312,0,1,0,20,10,1,1,0,EMUYFM
30,1,2,48,0,1,1588,1,0.489805115,0.355172493,2,0.9977443,1,1.5883686,1,0,NaN,NaN,NaN,NaN,NaN,1,EMUYFM
31,1,2,3,1,2,2924,1,0.420258234,0.653151468,3,0.9238002,0,2.9242128,1,1,0,30,10,1,2,1,EMUYFM
32,1,2,44,0,1,827,1,0.52407627,0.414864116,3,0.2036528,0,0.8270119,1,0,NaN,NaN,NaN,NaN,NaN,1,EMUYFM
33,1,3,17,1,2,2983,1,0.315836357,0.705316055,4,1.6998903,1,2.9830314,1,1,9,10,10,1,15,1,EMUYFM
34,1,2,29,3,1,895,1,0.502420526,0.642674259,2,1.1547469,1,0.8947504,0,1,0,20,10,1,1,0,EMUYFM
35,1,2,11,1,2,2371,1,0.343157156,0.57980395,3,0.9364316,0,2.3708766,1,1,0,25,10,1,4,1,EMUYFM
36,1,2,34,3,1,906,1,0.344383382,0.740674024,1,1.2632281,2,0.9057933,0,1,0,25,10,1,1,0,EMUYFM
37,1,3,41,0,1,1694,1,0.303775016,0.451298038,2,0.9211916,1,1.6939719,1,0,NaN,NaN,NaN,NaN,NaN,1,EMUYFM
38,1,2,16,1,2,1561,1,0.629483406,0.51256307,3,0.2677882,0,1.5611263,1,1,10,10,10,1,15,1,EMUYFM
39,1,1,13,1,2,2230,1,0.288500972,0.389661385,3,1.0556939,0,2.2302369,1,1,0,25,10,1,4,1,EMUYFM
40,1,1,48,0,1,1228,1,0.542659883,0.567779445,2,1.4330298,1,1.2275462,1,0,NaN,NaN,NaN,NaN,NaN,1,EMUYFM
41,1,3,31,3,2,1111,0,0.677349194,0.672825011,4,2.1869603,1,1.1112978,1,1,0,20,0,0,1,1,EMUYFM
42,1,3,28,3,1,1084,1,0.364713618,0.422908816,2,1.4272497,1,1.0838829,0,1,0,25,10,1,1,0,EMUYFM
43,1,3,9,1,1,1459,0,0.590822498,0.44862629,3,1.0570656,0,1.4586479,0,1,0,20,10,1,3,0,EMUYFM
44,1,2,35,3,1,2977,1,0.466854254,0.481226603,2,1.4689052,1,2.9772215,0,1,0,20,10,1,1,0,EMUYFM
45,1,1,28,3,2,1811,0,0.504547845,0.309822606,3,0.4709687,0,1.8108306,1,1,0,25,10,1,1,1,EMUYFM
46,1,1,3,1,1,819,0,0.458230165,0.454903542,2,2.5650727,1,0.8192164,0,1,0,20,10,1,2,0,EMUYFM
47,1,2,4,1,2,1007,1,0.587203083,0.733728877,4,2.1737587,1,1.0070997,1,1,0,20,10,1,2,1,EMUYFM
48,1,3,45,0,2,1370,0,0.458307274,0.655340072,3,0.55675,0,1.3697551,0,0,NaN,NaN,NaN,NaN,NaN,0,EMUYFM
49,1,3,48,0,1,1245,1,0.26464653,0.540089002,1,1.1189991,2,1.2445502,1,0,NaN,NaN,NaN,NaN,NaN,1,EMUYFM
50,1,3,25,3,1,1476,1,0.440457622,0.644376371,1,1.3752824,2,1.4762162,0,1,0,25,10,1,1,0,EMUYFM
51,1,3,54,0,1,1763,1,0.571293256,0.720434622,2,0.8362763,1,1.7630504,1,0,NaN,NaN,NaN,NaN,NaN,1,EMUYFM
52,1,2,49,0,2,1625,0,0.678118819,0.64496891,3,0.7938953,0,1.6251002,0,0,NaN,NaN,NaN,NaN,NaN,0,EMUYFM
53,1,1,15,1,2,1259,1,0.414983574,0.663815103,3,0.049188,0,1.2586509,1,1,1,30,30,1,4,1,EMUYFM
54,1,3,33,3,2,3636,0,0.548892148,0.537232941,2,1.0189601,1,3.6360127,1,1,0,20,10,1,1,1,EMUYFM
55,1,3,5,1,1,1233,0,0.707092717,0.591541603,1,4.2209691,2,1.2327925,0,1,0,25,10,1,2,0,EMUYFM
56,1,2,38,3,1,1379,1,0.384595542,0.711391595,2,1.1190328,1,1.3791145,0,1,0,25,10,1,1,0,EMUYFM
57,1,2,36,3,1,1937,1,0.541949466,0.728832068,1,1.1948338,2,1.9366336,0,1,0,25,10,1,1,0,EMUYFM
58,1,1,45,0,1,962,1,0.410921231,0.261665817,2,1.3021751,1,0.9621408,1,0,NaN,NaN,NaN,NaN,NaN,1,EMUYFM
59,1,3,16,1,2,1998,1,0.502587921,0.257119714,3,2.9139724,2,1.9983287,1,1,10,10,10,1,15,1,EMUYFM
60,1,1,9,1,1,1355,0,0.391452175,0.642489536,2,1.2803844,1,1.3547986,0,1,0,20,10,1,3,0,EMUYFM
61,1,2,47,0,1,1405,1,0.514446263,0.342647433,2,0.9253073,1,1.4047957,1,0,NaN,NaN,NaN,NaN,NaN,1,EMUYFM
62,1,1,55,0,1,875,1,0.385393259,0.360560967,2,0.815302,1,0.875144,1,0,NaN,NaN,NaN,NaN,NaN,1,EMUYFM
63,1,2,2,1,2,5157,1,0.251385515,0.50531987,3,1.0006338,0,5.1565871,1,1,0,20,10,1,2,1,EMUYFM
64,1,1,37,3,1,1203,1,0.612476219,0.462901381,2,1.0989263,1,1.2025761,0,1,0,20,10,1,1,0,EMUYFM
65,1,1,34,3,2,1698,0,0.430349012,0.548672608,3,0.7854671,0,1.6974256,1,1,0,20,10,1,1,1,EMUYFM
66,1,1,44,0,1,692,1,0.519602644,0.479279037,1,1.0486737,2,0.6918824,1,0,NaN,NaN,NaN,NaN,NaN,1,EMUYFM
67,1,3,56,0,1,1188,1,0.655737529,0.306953427,2,1.2157787,1,1.18832,1,0,NaN,NaN,NaN,NaN,NaN,1,EMUYFM
68,1,3,39,0,1,1041,1,0.625952439,0.650286321,2,1.045482,1,1.040493,1,0,NaN,NaN,NaN,NaN,NaN,1,EMUYFM
69,1,2,45,0,1,1625,1,0.588647616,0.356709033,2,0.8989022,1,1.6247343,1,0,NaN,NaN,NaN,NaN,NaN,1,EMUYFM
70,1,1,6,1,2,2030,1,0.705259684,0.320635725,3,0.4702293,0,2.0297629,1,1,0,25,10,1,3,1,EMUYFM
71,1,1,11,1,2,1856,1,0.487592576,0.521717967,3,0.8965235,0,1.8560647,1,1,0,30,10,1,4,1,EMUYFM
72,1,2,37,3,1,1712,1,0.630781177,0.585569898,2,0.7532302,1,1.7118031,0,1,0,20,10,1,1,0,EMUYFM
73,1,1,2,1,2,2282,1,0.257132007,0.281965891,3,0.3736387,0,2.2822133,1,1,0,30,10,1,2,1,EMUYFM
74,1,3,12,1,1,851,0,0.627347606,0.510012694,2,0.8125355,1,0.8507321,0,1,1,30,30,1,4,0,EMUYFM
75,1,1,7,1,1,805,0,0.324883283,0.708678018,1,1.4506383,2,0.8049442,0,1,0,30,10,1,3,0,EMUYFM
1,2,2,24,3,1,3652,1,0.45326354,0.368113405,1,1.7099981,2,3.6516652,0,1,0,30,10,1,1,0,EMUYFM
2,2,2,10,1,2,1340,1,0.390896793,0.675757177,3,0.7849335,0,1.3375918,1,1,0,20,10,1,3,1,EMUYFM
3,2,2,33,3,1,1202,1,0.346106572,0.362828975,2,0.8777266,1,1.2017968,0,1,0,30,10,1,1,0,EMUYFM
4,2,3,15,1,1,1034,0,0.501771538,0.414111621,1,0.9461396,2,1.0339466,0,1,0,30,10,1,4,0,EMUYFM
5,2,3,26,3,1,2012,1,0.373089921,0.335626369,2,1.1557199,1,2.0115067,0,1,1,30,0,0,1,0,EMUYFM
6,2,2,13,1,2,1670,1,0.351535923,0.610876409,3,0.7526083,0,1.6699386,1,1,0,20,10,1,4,1,EMUYFM
7,2,2,7,1,2,2363,1,0.513231863,0.507155806,3,0.5826473,0,2.3626639,1,1,0,25,10,1,3,1,EMUYFM
8,2,2,25,3,1,2185,1,0.28329476,0.444962952,2,0.7966397,1,2.1853705,0,1,0,25,10,1,1,0,EMUYFM
9,2,1,10,1,2,1730,1,0.741104283,0.616134041,4,1.5629704,1,1.7295856,1,1,0,30,10,1,3,1,EMUYFM
10,2,2,28,3,1,2547,1,0.649671461,0.354369236,2,1.5992097,1,2.5473499,0,1,0,30,10,1,1,0,EMUYFM
11,2,2,39,0,1,1256,1,0.661748211,0.639154301,1,1.0353639,2,1.2555208,1,0,NaN,NaN,NaN,NaN,NaN,1,EMUYFM
12,2,3,37,3,1,1248,1,0.642752508,0.532786374,2,1.0048129,1,1.2479049,0,1,0,25,10,1,1,0,EMUYFM
13,2,3,10,1,2,1157,1,0.414880043,0.370735046,5,1.9129339,2,1.1571492,1,1,0,30,10,1,3,1,EMUYFM
14,2,2,15,1,2,1180,1,0.61073795,0.494403845,5,1.6545444,2,1.1797256,1,1,1,20,20,1,4,1,EMUYFM
15,2,3,51,0,2,3226,0,0.692502101,0.632995435,3,0.9795963,0,3.2258974,0,0,NaN,NaN,NaN,NaN,NaN,0,EMUYFM
16,2,2,5,1,1,1119,0,0.670323143,0.290528643,2,0.9135309,1,1.119246,0,1,0,25,10,1,2,0,EMUYFM
17,2,3,50,0,1,1361,1,0.36556521,0.596843999,1,1.369993,3,1.3612101,1,0,NaN,NaN,NaN,NaN,NaN,1,EMUYFM
18,2,1,18,1,2,1241,1,0.329259779,0.424179275,5,2.0943233,2,1.2411494,1,1,10,10,10,1,15,1,EMUYFM
19,2,1,12,1,2,1217,1,0.353504575,0.406475737,3,0.3758617,0,1.2167807,1,1,0,30,10,1,4,1,EMUYFM
20,2,3,55,0,1,2455,1,0.639441841,0.42378511,2,1.6882708,1,2.4548612,1,0,NaN,NaN,NaN,NaN,NaN,1,EMUYFM
21,2,2,8,1,1,1558,0,0.564486213,0.70311388,3,0.1473726,0,1.5576992,0,1,0,25,10,1,3,0,EMUYFM
22,2,1,56,0,1,1435,1,0.340538228,0.695101801,1,0.7793925,2,1.4345132,1,0,NaN,NaN,NaN,NaN,NaN,1,EMUYFM
23,2,3,14,1,1,3157,0,0.434322985,0.364200667,3,0.5176744,0,3.1565163,0,1,0,20,10,1,4,0,EMUYFM
24,2,2,50,0,2,1057,0,0.565679893,0.735147316,4,1.4906002,1,1.0566284,0,0,NaN,NaN,NaN,NaN,NaN,0,EMUYFM
25,2,3,13,1,2,1336,1,0.542818442,0.62934839,5,1.3292102,2,1.3361249,1,1,1,20,20,1,4,1,EMUYFM
26,2,3,52,0,1,1019,1,0.301734123,0.414130207,3,0.7545636,0,1.018937,1,0,NaN,NaN,NaN,NaN,NaN,1,EMUYFM
27,2,1,43,0,1,1161,1,0.673383352,0.547898072,2,2.5104396,1,1.160759,1,0,NaN,NaN,NaN,NaN,NaN,1,EMUYFM
28,2,2,51,0,1,1731,1,0.462270933,0.497911824,2,1.1691316,1,1.7310301,1,0,NaN,NaN,NaN,NaN,NaN,1,EMUYFM
29,2,3,34,3,2,2713,0,0.438838709,0.619712401,3,0.6013851,0,2.7127072,1,1,0,20,10,1,1,1,EMUYFM
30,2,3,38,3,1,1439,1,0.432842503,0.314504398,1,1.0163112,2,1.4385041,0,1,0,30,10,1,1,0,EMUYFM
31,2,1,29,3,1,2369,1,0.731020607,0.721694107,2,1.860433,3,2.3684094,0,1,0,20,10,1,1,0,EMUYFM
32,2,3,40,0,2,1402,0,0.412115231,0.414787338,3,0.7485352,0,1.401476,0,0,NaN,NaN,NaN,NaN,NaN,0,EMUYFM
33,2,1,35,3,1,1283,1,0.734623319,0.400024323,3,1.4494835,0,1.283296,0,1,0,30,10,1,1,0,EMUYFM
34,2,1,1,1,1,1418,0,0.308169156,0.465422731,1,3.0036086,2,1.4179954,0,1,0,30,10,1,2,0,EMUYFM
35,2,1,8,1,2,1671,1,0.459617164,0.251000372,3,0.9242767,0,1.6705757,1,1,0,25,10,1,3,1,EMUYFM
36,2,2,1,1,1,1382,0,0.263205866,0.522572264,3,1.1846307,0,1.3823059,0,1,0,30,10,1,2,0,EMUYFM
37,2,1,38,3,1,1643,1,0.392207917,0.590630357,3,0.7194076,0,1.6426019,0,1,0,30,10,1,1,0,EMUYFM
38,2,2,32,3,1,1328,1,0.649968622,0.449182274,2,3.3819842,1,1.3276662,0,1,0,25,10,1,1,0,EMUYFM
39,2,2,6,1,2,949,1,0.478098106,0.667480397,5,1.4337581,2,0.9493288,1,1,0,30,10,1,3,1,EMUYFM
40,2,1,51,0,1,904,1,0.453957217,0.506389538,1,1.3626027,2,0.9040905,1,0,NaN,NaN,NaN,NaN,NaN,1,EMUYFM
41,2,1,41,0,1,2743,1,0.278016728,0.258650662,1,1.0102902,2,2.7430606,1,0,NaN,NaN,NaN,NaN,NaN,1,EMUYFM
42,2,3,32,3,1,1659,1,0.486454752,0.370731506,2,0.9213437,1,1.6589528,0,1,0,20,10,1,1,0,EMUYFM
43,2,2,30,3,2,1521,0,0.608105397,0.389990029,2,1.2240208,1,1.5206333,1,1,0,20,10,1,1,1,EMUYFM
44,2,1,49,0,1,1047,1,0.428032823,0.268488999,1,1.0837724,2,1.0472643,1,0,NaN,NaN,NaN,NaN,NaN,1,EMUYFM
45,2,3,18,1,2,1338,1,0.731136774,0.388594415,2,1.1406048,1,1.3375369,1,1,8,10,10,1,15,1,EMUYFM
46,2,1,52,0,1,963,1,0.461268064,0.538667962,1,1.4985752,3,0.9624033,1,0,NaN,NaN,NaN,NaN,NaN,1,EMUYFM
47,2,2,56,0,1,1785,1,0.430205496,0.723832596,2,2.3551076,3,1.7847182,1,0,NaN,NaN,NaN,NaN,NaN,1,EMUYFM
48,2,3,27,3,2,1154,0,0.646918627,0.562843389,4,2.144817,1,1.1534158,1,1,0,30,10,1,1,1,EMUYFM
49,2,3,42,0,1,999,1,0.674716951,0.730047511,1,1.9015072,2,0.9985964,1,0,NaN,NaN,NaN,NaN,NaN,1,EMUYFM
50,2,3,36,3,2,1277,0,0.471713347,0.280673622,3,0.7915676,0,1.2773471,1,1,0,25,10,1,1,1,EMUYFM
51,2,2,52,0,1,1596,1,0.341220973,0.276458005,1,1.267146,2,1.5956357,1,0,NaN,NaN,NaN,NaN,NaN,1,EMUYFM
52,2,3,29,3,2,962,0,0.580519754,0.260304992,3,1.3394555,0,0.9616611,1,1,0,20,10,1,1,1,EMUYFM
53,2,1,42,0,1,868,1,0.339448788,0.315838783,1,0.901673,2,0.8676772,1,0,NaN,NaN,NaN,NaN,NaN,1,EMUYFM
54,2,1,4,1,1,2175,0,0.713351195,0.732971076,1,1.5259171,3,2.1745573,0,1,0,20,10,1,2,0,EMUYFM
55,2,3,8,1,1,1340,0,0.439856574,0.274402092,1,0.952318,2,1.3396017,0,1,0,30,10,1,3,0,EMUYFM
56,2,2,40,0,1,1532,1,0.539391194,0.494748568,2,1.2534721,1,1.5322343,1,0,NaN,NaN,NaN,NaN,NaN,1,EMUYFM
57,2,3,46,0,1,1899,1,0.422414944,0.576255415,2,0.7933913,1,1.8984373,1,0,NaN,NaN,NaN,NaN,NaN,1,EMUYFM
58,2,1,25,3,1,1085,1,0.736797029,0.428485347,1,1.2388973,2,1.0845968,0,1,0,25,10,1,1,0,EMUYFM
59,2,1,5,1,2,2365,1,0.704498451,0.350393121,3,0.7993525,0,2.3650779,1,1,0,25,10,1,2,1,EMUYFM
60,2,1,39,0,1,776,1,0.524368979,0.279291562,1,1.1716153,2,0.7758216,1,0,NaN,NaN,NaN,NaN,NaN,1,EMUYFM
61,2,3,7,1,2,1354,1,0.35034066,0.674159308,3,0.889526,0,1.3543868,1,1,0,25,10,1,3,1,EMUYFM
62,2,1,53,0,1,1056,1,0.736866404,0.265370862,1,1.0158461,2,1.0560489,1,0,NaN,NaN,NaN,NaN,NaN,1,EMUYFM
63,2,1,16,1,2,1130,1,0.395225749,0.494170557,5,3.0205308,2,1.1299539,1,1,9,10,10,1,15,1,EMUYFM
64,2,2,26,3,2,1905,0,0.262334472,0.688529396,3,0.8587853,0,1.9044618,1,1,0,30,10,1,1,1,EMUYFM
65,2,1,27,3,1,1084,1,0.359776776,0.585056361,1,0.9350052,2,1.083849,0,1,0,30,10,1,1,0,EMUYFM
66,2,3,3,1,1,1446,0,0.74140122,0.463461561,1,2.0346494,4,1.4458394,0,1,0,25,10,1,2,0,EMUYFM
67,2,3,47,0,1,1286,1,0.714807512,0.698987726,1,1.0132022,2,1.2859106,1,0,NaN,NaN,NaN,NaN,NaN,1,EMUYFM
68,2,1,31,3,1,2701,1,0.693380929,0.401706999,2,1.179699,1,2.7011234,0,1,0,25,10,1,1,0,EMUYFM
69,2,2,46,0,1,1980,1,0.299475878,0.320703431,2,1.2045399,1,1.9795071,1,0,NaN,NaN,NaN,NaN,NaN,1,EMUYFM
70,2,3,49,0,2,1540,0,0.358705869,0.69505313,3,0.6824058,0,1.5401784,0,0,NaN,NaN,NaN,NaN,NaN,0,EMUYFM
71,2,3,2,1,1,974,0,0.35577129,0.738823586,1,1.0356997,2,0.9735363,0,1,0,25,10,1,2,0,EMUYFM
72,2,1,14,1,2,1229,1,0.586375156,0.550343076,3,0.1813244,0,1.2285958,1,1,0,25,10,1,4,1,EMUYFM
73,2,1,33,3,2,2166,0,0.362163621,0.666202401,3,0.629243,0,2.1658347,1,1,0,20,10,1,1,1,EMUYFM
74,2,2,27,3,1,973,1,0.59497976,0.557250569,1,2.0850545,2,0.9727335,0,1,0,30,10,1,1,0,EMUYFM
75,2,2,14,1,1,2850,0,0.52457665,0.460387023,1,0.9635737,2,2.8497866,0,1,0,25,10,1,4,0,EMUYFM
76,2,1,26,3,2,1365,0,0.35157928,0.62471772,2,1.0560608,1,1.365355,1,1,0,30,10,1,1,1,EMUYFM
77,2,2,42,0,1,901,1,0.63161684,0.298841386,3,0.2400961,0,0.9007655,1,0,NaN,NaN,NaN,NaN,NaN,1,EMUYFM
78,2,2,43,0,1,3066,1,0.34431741,0.46740858,2,0.9992048,1,3.0655813,1,0,NaN,NaN,NaN,NaN,NaN,1,EMUYFM
1,1,3,25,3,1,2851,1,0.40598794,0.259247744,3,3.0390157,0,2.8506091,0,1,0,20,10,1,1,0,EMUYFP
2,1,1,53,0,2,4545,0,0.250234932,0.507697223,2,1.4921681,1,4.5444163,0,0,NaN,NaN,NaN,NaN,NaN,0,EMUYFP
3,1,1,44,0,1,1395,1,0.612657814,0.71141236,3,0.1132227,0,1.3947454,1,0,NaN,NaN,NaN,NaN,NaN,1,EMUYFP
4,1,3,48,0,2,2838,0,0.595944021,0.3690901,3,0.1801795,0,2.8382698,0,0,NaN,NaN,NaN,NaN,NaN,0,EMUYFP
5,1,3,12,1,2,3351,1,0.529973183,0.539320098,4,1.6180282,1,3.3501498,1,1,0,30,10,1,4,1,EMUYFP
6,1,1,35,3,2,1851,0,0.283907243,0.606706311,4,2.3813459,1,1.8503068,1,1,0,20,10,1,1,1,EMUYFP
7,1,2,56,0,2,5845,0,0.263012607,0.651508226,3,1.3879676,0,5.8453653,0,0,NaN,NaN,NaN,NaN,NaN,0,EMUYFP
8,1,1,51,0,1,1006,1,0.294231994,0.401261039,3,2.1859338,0,1.0062222,1,0,NaN,NaN,NaN,NaN,NaN,1,EMUYFP
9,1,2,6,1,2,2718,1,0.642254749,0.711718755,3,2.2068507,0,2.7174275,1,1,0,30,10,1,3,1,EMUYFP
10,1,3,38,3,1,1546,1,0.351024003,0.314859703,3,2.2094386,0,1.5456386,0,1,0,25,10,1,1,0,EMUYFP
11,1,2,31,3,2,1231,0,0.370937335,0.65088523,4,1.342083,1,1.231393,1,1,0,20,10,1,1,1,EMUYFP
12,1,2,40,0,1,1818,1,0.627038353,0.678011276,3,1.0292065,0,1.818035,1,0,NaN,NaN,NaN,NaN,NaN,1,EMUYFP
13,1,3,44,0,2,2126,0,0.267960834,0.295807406,3,1.9567312,0,2.1260311,0,0,NaN,NaN,NaN,NaN,NaN,0,EMUYFP
14,1,3,4,1,1,1234,0,0.570352443,0.349834797,4,3.0858044,1,1.2334463,0,1,0,25,10,1,2,0,EMUYFP
15,1,1,8,1,2,1172,1,0.380948264,0.55465328,5,2.4691866,2,1.1718306,1,1,0,30,10,1,3,1,EMUYFP
16,1,1,26,3,2,1580,0,0.675925838,0.528401634,5,1.9892509,2,1.5802096,1,1,0,25,10,1,1,1,EMUYFP
17,1,1,3,1,2,797,1,0.554042296,0.523837154,5,1.5358404,2,0.7973767,1,1,0,30,10,1,2,1,EMUYFP
18,1,1,52,0,1,1319,1,0.574250833,0.433810785,3,1.1232658,0,1.3185855,1,0,NaN,NaN,NaN,NaN,NaN,1,EMUYFP
19,1,3,47,0,1,4069,1,0.38563011,0.732997619,3,0.8965974,0,4.0689753,1,0,NaN,NaN,NaN,NaN,NaN,1,EMUYFP
20,1,2,51,0,1,2308,1,0.301751974,0.476061233,3,0.9799138,0,2.3077584,1,0,NaN,NaN,NaN,NaN,NaN,1,EMUYFP
21,1,3,16,1,2,1062,1,0.719613973,0.690549202,5,1.3703845,2,1.0618358,1,1,8,10,10,1,15,1,EMUYFP
22,1,1,50,0,1,881,1,0.687264124,0.670179483,5,2.8975668,2,0.8807231,1,0,NaN,NaN,NaN,NaN,NaN,1,EMUYFP
23,1,3,39,0,1,2723,1,0.725517464,0.724260853,3,1.2524417,0,2.7233546,1,0,NaN,NaN,NaN,NaN,NaN,1,EMUYFP
24,1,3,34,3,1,970,1,0.565233225,0.626483807,3,0.5460848,0,0.9700844,0,1,0,25,10,1,1,0,EMUYFP
25,1,2,29,3,2,1839,0,0.36654419,0.533460728,3,1.6754555,0,1.8389588,1,1,0,25,10,1,1,1,EMUYFP
26,1,3,46,0,1,2413,1,0.48669749,0.387983101,3,0.8341328,0,2.4126979,1,0,NaN,NaN,NaN,NaN,NaN,1,EMUYFP
27,1,2,43,0,2,997,0,0.403092357,0.259156138,4,1.5585779,1,0.9973984,0,0,NaN,NaN,NaN,NaN,NaN,0,EMUYFP
28,1,1,16,1,2,974,1,0.547726938,0.693596812,5,1.2840193,2,0.9743569,1,1,5,10,10,1,15,1,EMUYFP
29,1,2,42,0,1,1020,1,0.257611437,0.37024351,4,2.6950259,3,1.0195416,1,0,NaN,NaN,NaN,NaN,NaN,1,EMUYFP
30,1,2,4,1,2,1131,1,0.673810059,0.667383291,5,1.2718465,2,1.1308565,1,1,0,20,10,1,2,1,EMUYFP
31,1,3,33,3,2,1761,0,0.626303099,0.533871056,3,0.079573,0,1.7608846,1,1,0,20,10,1,1,1,EMUYFP
32,1,3,40,0,1,1665,1,0.630801556,0.682583064,4,2.1872396,1,1.6652847,1,0,NaN,NaN,NaN,NaN,NaN,1,EMUYFP
33,1,2,38,3,1,1828,1,0.313270884,0.343197157,3,1.2070422,0,1.8277561,0,1,0,20,10,1,1,0,EMUYFP
34,1,2,28,3,1,3098,1,0.290278115,0.527629061,3,1.1262942,0,3.0982677,0,1,0,30,10,1,1,0,EMUYFP
35,1,3,13,1,2,925,1,0.29540603,0.578151502,4,1.7224528,1,0.9252403,1,1,0,25,10,1,4,1,EMUYFP
36,1,1,41,0,1,929,1,0.415302966,0.565612127,3,1.1386864,0,0.9289256,1,0,NaN,NaN,NaN,NaN,NaN,1,EMUYFP
37,1,2,32,3,2,1372,0,0.299178432,0.612331453,3,1.4307334,0,1.372374,1,1,0,25,10,1,1,1,EMUYFP
38,1,2,47,0,1,1050,1,0.295610034,0.491841055,4,2.1531507,1,1.0499288,1,0,NaN,NaN,NaN,NaN,NaN,1,EMUYFP
39,1,3,51,0,2,2079,0,0.266855107,0.554989287,3,1.0941754,0,2.0789621,0,0,NaN,NaN,NaN,NaN,NaN,0,EMUYFP
40,1,1,30,3,2,1423,0,0.748705067,0.677840541,4,1.7333559,1,1.4225098,1,1,0,20,10,1,1,1,EMUYFP
41,1,1,28,3,2,962,0,0.364975668,0.625694185,5,1.7167829,2,0.9620228,1,1,1,25,0,0,1,1,EMUYFP
42,1,1,36,3,2,1028,0,0.351810914,0.300244521,5,1.6410708,2,1.027762,1,1,0,20,10,1,1,1,EMUYFP
43,1,2,30,3,2,1280,0,0.466837473,0.476288648,3,0.9653693,0,1.2795449,1,1,1,20,0,0,1,1,EMUYFP
44,1,1,2,1,1,864,0,0.695662812,0.374354853,3,1.4019557,0,0.863945,0,1,0,25,10,1,2,0,EMUYFP
45,1,2,15,1,2,949,1,0.463593224,0.342333082,4,1.2099763,1,0.9490954,1,1,0,20,10,1,4,1,EMUYFP
46,1,3,53,0,2,1144,0,0.415957161,0.329656033,5,1.6168129,2,1.143922,0,0,NaN,NaN,NaN,NaN,NaN,0,EMUYFP
47,1,2,14,1,1,739,0,0.440495043,0.680849944,3,1.3520707,0,0.7393144,0,1,1,20,20,1,4,0,EMUYFP
48,1,1,4,1,2,1838,1,0.37357285,0.734928063,3,1.1560589,0,1.8377157,1,1,0,20,10,1,2,1,EMUYFP
49,1,2,7,1,1,3076,0,0.675694993,0.69465411,3,1.1578038,0,3.0754917,0,1,0,30,10,1,3,0,EMUYFP
50,1,1,40,0,1,1268,1,0.47671809,0.399541893,3,0.8760947,0,1.2677691,1,0,NaN,NaN,NaN,NaN,NaN,1,EMUYFP
51,1,3,7,1,2,855,1,0.415306192,0.736692988,4,1.353833,1,0.8548987,1,1,0,30,10,1,3,1,EMUYFP
52,1,2,9,1,2,3021,1,0.362242022,0.659444487,3,1.2154036,0,3.0212952,1,1,0,25,10,1,3,1,EMUYFP
53,1,2,36,3,1,2527,1,0.319436169,0.377959112,3,1.4344421,0,2.5268037,0,1,0,25,10,1,1,0,EMUYFP
54,1,3,18,1,2,1098,1,0.654434619,0.389064622,3,1.4754054,0,1.0983702,1,1,9,10,10,1,15,1,EMUYFP
55,1,2,17,1,2,977,1,0.658900573,0.629157048,3,0.0060599,0,0.9765613,1,1,9,10,10,1,15,1,EMUYFP
56,1,2,41,0,1,1299,1,0.610957809,0.563493073,4,2.8465412,3,1.2987105,1,0,NaN,NaN,NaN,NaN,NaN,1,EMUYFP
57,1,1,17,1,2,868,1,0.471808111,0.311260354,5,1.3702985,2,0.8676465,1,1,10,10,10,1,15,1,EMUYFP
58,1,2,18,1,2,1148,1,0.343147092,0.368562602,5,1.1228578,2,1.1480109,1,1,10,10,10,1,15,1,EMUYFP
59,1,1,33,3,1,4284,1,0.392878527,0.66465489,3,1.0090644,0,4.2837011,0,1,0,25,10,1,1,0,EMUYFP
60,1,2,3,1,2,1594,1,0.522994051,0.332086888,4,1.1991341,1,1.5937496,1,1,1,30,30,1,2,1,EMUYFP
61,1,3,32,3,1,1015,1,0.303403004,0.600590345,4,1.561144,1,1.0148402,0,1,0,25,10,1,1,0,EMUYFP
62,1,2,44,0,1,2491,1,0.543500077,0.462371604,3,0.8665267,0,2.491042,1,0,NaN,NaN,NaN,NaN,NaN,1,EMUYFP
63,1,2,49,0,2,910,0,0.505833528,0.274439453,4,0.9991524,1,0.9097118,0,0,NaN,NaN,NaN,NaN,NaN,0,EMUYFP
64,1,3,29,3,2,1487,0,0.506953981,0.305757169,5,2.1031162,4,1.4872027,1,1,1,25,0,0,1,1,EMUYFP
65,1,1,38,3,2,777,0,0.251580781,0.608724842,5,1.1891463,2,0.7773048,1,1,0,20,10,1,1,1,EMUYFP
66,1,1,9,1,2,1467,1,0.309574653,0.313030372,4,1.3311626,1,1.4665502,1,1,0,30,10,1,3,1,EMUYFP
67,1,1,1,1,1,3277,0,0.639695774,0.440063975,3,1.1938786,0,3.276809,0,1,0,30,10,1,2,0,EMUYFP
68,1,3,14,1,1,1281,0,0.653513782,0.373694432,4,2.1082416,1,1.2813832,0,1,0,30,10,1,4,0,EMUYFP
69,1,1,10,1,2,945,1,0.531767828,0.396893964,5,1.3420146,2,0.9447385,1,1,1,20,20,1,3,1,EMUYFP
70,1,3,10,1,1,3329,0,0.654872732,0.256316983,3,1.0349768,0,3.3285457,0,1,0,20,10,1,3,0,EMUYFP
71,1,3,50,0,1,1130,1,0.532564746,0.531488634,5,1.0210664,2,1.129952,1,0,NaN,NaN,NaN,NaN,NaN,1,EMUYFP
72,1,3,15,1,1,3397,0,0.537675756,0.39790359,3,0.9597735,0,3.3973667,0,1,0,25,10,1,4,0,EMUYFP
73,1,1,47,0,1,3144,1,0.668528887,0.54905542,3,0.9896201,0,3.144089,1,0,NaN,NaN,NaN,NaN,NaN,1,EMUYFP
74,1,3,27,3,2,3792,0,0.537880506,0.474503167,3,1.0722948,0,3.791706,1,1,0,30,10,1,1,1,EMUYFP
75,1,1,48,0,1,742,1,0.637473611,0.711045694,4,1.436575,1,0.7422706,1,0,NaN,NaN,NaN,NaN,NaN,1,EMUYFP
1,2,2,53,0,1,3749,1,0.580667664,0.456928026,3,1.2175042,0,3.748309,1,0,NaN,NaN,NaN,NaN,NaN,1,EMUYFP
2,2,1,6,1,1,1568,0,0.534940763,0.726069743,3,0.7689733,0,1.5682777,0,1,0,25,10,1,3,0,EMUYFP
3,2,1,55,0,2,1009,0,0.337992463,0.450514238,3,0.1829708,0,1.009062,0,0,NaN,NaN,NaN,NaN,NaN,0,EMUYFP
4,2,1,27,3,1,2756,1,0.621039038,0.664480926,3,1.2768041,0,2.7562607,0,1,0,30,10,1,1,0,EMUYFP
5,2,2,25,3,1,2694,1,0.696447143,0.544057436,3,1.1216823,0,2.6935528,0,1,0,20,10,1,1,0,EMUYFP
6,2,2,12,1,2,993,1,0.595924801,0.541834263,3,1.5821105,0,0.9924127,1,1,0,30,10,1,4,1,EMUYFP
7,2,3,42,0,1,925,1,0.650774576,0.290766983,5,1.4793996,2,0.9244207,1,0,NaN,NaN,NaN,NaN,NaN,1,EMUYFP
8,2,1,43,0,1,1341,1,0.544754154,0.609734565,3,0.8648933,0,1.3405945,1,0,NaN,NaN,NaN,NaN,NaN,1,EMUYFP
9,2,2,52,0,1,1269,1,0.52642025,0.625342188,5,1.4663098,2,1.2690757,1,0,NaN,NaN,NaN,NaN,NaN,1,EMUYFP
10,2,3,5,1,1,1518,0,0.267426276,0.412495366,5,1.406719,2,1.5174899,0,1,0,20,10,1,2,0,EMUYFP
11,2,2,5,1,2,2570,1,0.547957155,0.251278428,3,1.0216716,0,2.5695188,1,1,1,30,30,1,2,1,EMUYFP
12,2,1,18,1,2,2877,1,0.449462658,0.623029206,3,1.2722089,0,2.8766168,1,1,9,10,10,1,15,1,EMUYFP
13,2,2,11,1,1,1604,0,0.530060951,0.27904772,3,0.9919272,0,1.6036482,0,1,0,25,10,1,4,0,EMUYFP
14,2,1,46,0,1,1957,1,0.513069593,0.432175587,3,0.9450844,0,1.9570426,1,0,NaN,NaN,NaN,NaN,NaN,1,EMUYFP
15,2,1,13,1,2,3743,1,0.275893531,0.646344883,3,1.0621722,0,3.7432931,1,1,0,25,10,1,4,1,EMUYFP
16,2,2,54,0,2,1490,0,0.495235598,0.328644269,3,0.8574992,0,1.4896406,0,0,NaN,NaN,NaN,NaN,NaN,0,EMUYFP
17,2,3,1,1,1,2275,0,0.485199603,0.561738815,3,1.0610418,0,2.274677,0,1,1,20,20,1,2,0,EMUYFP
18,2,1,11,1,2,1134,1,0.502573356,0.481118132,5,1.1623956,2,1.1340594,1,1,1,30,30,1,4,1,EMUYFP
19,2,3,55,0,1,872,1,0.49030727,0.577016843,4,1.8713981,1,0.8722753,1,0,NaN,NaN,NaN,NaN,NaN,1,EMUYFP
20,2,1,56,0,2,3627,0,0.568157159,0.746774948,3,0.889831,0,3.6271301,0,0,NaN,NaN,NaN,NaN,NaN,0,EMUYFP
21,2,2,1,1,2,1425,1,0.416190116,0.666276187,3,0.6963622,0,1.4247215,1,1,0,25,10,1,2,1,EMUYFP
22,2,3,66,0,1,784,1,0.295892267,0.309468485,4,1.6739265,1,0.7842346,1,0,NaN,NaN,NaN,NaN,NaN,1,EMUYFP
23,2,3,52,0,1,1645,1,0.41196616,0.733009311,5,1.1005492,2,1.6448283,1,0,NaN,NaN,NaN,NaN,NaN,1,EMUYFP
24,2,1,25,3,1,1963,1,0.313181788,0.303242155,4,1.2007364,1,1.9631706,0,1,0,30,10,1,1,0,EMUYFP
25,2,2,37,3,2,1092,0,0.334945177,0.699244218,4,1.3785422,1,1.0921125,1,1,0,30,10,1,1,1,EMUYFP
26,2,3,8,1,1,1450,0,0.294273104,0.44193575,4,1.3625604,1,1.450112,0,1,1,25,25,1,3,0,EMUYFP
27,2,1,29,3,1,3477,1,0.410862451,0.25949019,3,1.0379174,0,3.477164,0,1,0,20,10,1,1,0,EMUYFP
28,2,3,37,3,1,1998,1,0.252845045,0.322037809,3,0.8368214,0,1.997522,0,1,0,25,10,1,1,0,EMUYFP
29,2,2,13,1,2,1052,1,0.518580988,0.280333426,5,1.2991386,2,1.0519452,1,1,0,20,10,1,4,1,EMUYFP
30,2,1,31,3,1,1846,1,0.659292003,0.510754182,3,1.020369,0,1.8456464,0,1,0,30,10,1,1,0,EMUYFP
31,2,2,8,1,1,2215,0,0.518164988,0.620523657,3,2.0673422,2,2.2150999,0,1,0,25,10,1,3,0,EMUYFP
32,2,3,26,3,2,3232,0,0.736471757,0.395318258,3,0.7847144,0,3.2316159,1,1,0,30,10,1,1,1,EMUYFP
33,2,3,24,3,1,1053,1,0.667740074,0.297946148,4,1.4784311,1,1.0524608,0,1,0,30,10,1,1,0,EMUYFP
34,2,3,6,1,2,1316,1,0.368379764,0.379524501,4,1.0976729,1,1.3160715,1,1,0,25,10,1,3,1,EMUYFP
35,2,1,39,0,1,1313,1,0.261542776,0.590771599,4,1.5562811,1,1.3133715,1,0,NaN,NaN,NaN,NaN,NaN,1,EMUYFP
36,2,3,11,1,1,2361,0,0.566958286,0.724227964,4,1.3151148,1,2.3605726,0,1,1,25,25,1,4,0,EMUYFP
37,2,1,37,3,1,1002,1,0.301722122,0.425287658,4,1.2515542,1,1.0016844,0,1,0,30,10,1,1,0,EMUYFP
38,2,3,9,1,1,2201,0,0.644272596,0.283716358,4,1.0111005,1,2.2009019,0,1,0,20,10,1,3,0,EMUYFP
39,2,2,50,0,2,1433,0,0.602336967,0.369884981,5,1.5115691,2,1.4334015,0,0,NaN,NaN,NaN,NaN,NaN,0,EMUYFP
40,2,3,54,0,1,1370,1,0.308764412,0.595358045,4,1.805537,1,1.3702671,1,0,NaN,NaN,NaN,NaN,NaN,1,EMUYFP
41,2,3,49,0,1,2852,1,0.313772436,0.747060611,3,1.2004633,0,2.8520617,1,0,NaN,NaN,NaN,NaN,NaN,1,EMUYFP
42,2,1,7,1,2,1924,1,0.722235415,0.312915249,3,0.1440011,0,1.9237338,1,1,0,20,10,1,3,1,EMUYFP
43,2,2,16,1,2,2966,1,0.670859308,0.275937606,3,1.3307794,0,2.9663564,1,1,6,10,10,1,15,1,EMUYFP
44,2,2,45,0,1,2618,1,0.61556442,0.330871514,3,0.8741353,0,2.617519,1,0,NaN,NaN,NaN,NaN,NaN,1,EMUYFP
45,2,1,32,3,2,2474,0,0.320249739,0.463954982,4,1.529001,1,2.4735684,1,1,0,25,10,1,1,1,EMUYFP
46,2,1,12,1,2,1579,1,0.389327879,0.429277414,4,1.1008502,1,1.5790613,1,1,1,20,20,1,4,1,EMUYFP
47,2,2,34,3,1,1152,1,0.683264045,0.719233153,3,1.0701842,0,1.1518371,0,1,0,20,10,1,1,0,EMUYFP
48,2,3,17,1,1,3145,0,0.257050505,0.543289833,3,0.9690156,0,3.1451569,0,1,8,10,10,1,15,0,EMUYFP
49,2,1,34,3,1,2034,1,0.337886379,0.731449538,3,0.8154526,0,2.0334255,0,1,0,25,10,1,1,0,EMUYFP
50,2,2,48,0,2,1510,0,0.449629001,0.747652577,3,0.8712511,0,1.5101745,0,0,NaN,NaN,NaN,NaN,NaN,0,EMUYFP
51,2,3,36,3,1,1023,1,0.719430705,0.376012084,4,1.1626389,1,1.0225082,0,1,0,20,10,1,1,0,EMUYFP
52,2,3,2,1,1,1326,0,0.692239108,0.454658424,3,1.1097092,0,1.3254646,0,1,0,20,10,1,2,0,EMUYFP
53,2,1,5,1,1,2822,0,0.678165763,0.619148937,3,1.2681266,0,2.8215458,0,1,0,25,10,1,2,0,EMUYFP
54,2,1,42,0,1,1457,1,0.549303487,0.726418281,3,0.5168295,0,1.4570851,1,0,NaN,NaN,NaN,NaN,NaN,1,EMUYFP
55,2,3,41,0,2,2242,0,0.458637678,0.508449454,3,0.7274914,0,2.2422536,0,0,NaN,NaN,NaN,NaN,NaN,0,EMUYFP
56,2,3,56,0,2,1944,0,0.620097996,0.720484633,3,0.8194226,0,1.9435496,0,0,NaN,NaN,NaN,NaN,NaN,0,EMUYFP
57,2,2,10,1,1,854,0,0.401479163,0.365473985,4,1.6246497,1,0.8535041,0,1,0,20,10,1,3,0,EMUYFP
58,2,1,14,1,2,1139,1,0.538619848,0.681006719,4,1.1423444,1,1.1389135,1,1,1,20,20,1,4,1,EMUYFP
59,2,2,26,3,2,1023,0,0.504353987,0.508492117,4,1.0565697,1,1.0227349,1,1,0,30,10,1,1,1,EMUYFP
60,2,2,35,3,1,1043,1,0.583249838,0.34253547,3,0.9540272,0,1.0431196,0,1,1,30,0,0,1,0,EMUYFP
61,2,2,24,3,1,1610,1,0.295117138,0.700481447,4,1.8098707,3,1.6100081,0,1,0,25,10,1,1,0,EMUYFP
62,2,1,45,0,1,2344,1,0.677244007,0.424138002,3,1.5887522,0,2.3441378,1,0,NaN,NaN,NaN,NaN,NaN,1,EMUYFP
63,2,1,15,1,2,1106,1,0.627573749,0.554873208,4,0.9560637,1,1.1062908,1,1,1,30,30,1,4,1,EMUYFP
64,2,1,24,3,1,1718,1,0.543333727,0.740468162,3,0.8267784,0,1.7179153,0,1,0,30,10,1,1,0,EMUYFP
65,2,2,39,0,1,2001,1,0.647110121,0.285617063,3,0.9466977,0,2.0007096,1,0,NaN,NaN,NaN,NaN,NaN,1,EMUYFP
66,2,1,49,0,1,1169,1,0.715259732,0.327052863,5,1.8145945,2,1.1684497,1,0,NaN,NaN,NaN,NaN,NaN,1,EMUYFP
67,2,2,46,0,1,2489,1,0.527666835,0.331125542,3,1.0745775,0,2.4884222,1,0,NaN,NaN,NaN,NaN,NaN,1,EMUYFP
68,2,2,33,3,1,1529,1,0.502636815,0.667812463,3,0.7233299,0,1.5290935,0,1,0,25,10,1,1,0,EMUYFP
69,2,3,31,3,1,3502,1,0.284250612,0.643037036,3,0.6686879,0,3.5021255,0,1,0,20,10,1,1,0,EMUYFP
70,2,2,27,3,1,1461,1,0.339779311,0.555679765,3,0.6064544,0,1.4609917,0,1,0,30,10,1,1,0,EMUYFP
71,2,3,30,3,1,2181,1,0.732702282,0.413106097,3,0.5095183,0,2.1813051,0,1,0,20,10,1,1,0,EMUYFP
72,2,3,28,3,1,863,1,0.321656839,0.363061769,3,0.5596918,0,0.8631082,0,1,0,30,10,1,1,0,EMUYFP
73,2,2,55,0,1,1010,1,0.484739209,0.689569611,3,0.6532994,0,1.0094966,1,0,NaN,NaN,NaN,NaN,NaN,1,EMUYFP
74,2,3,3,1,1,1350,0,0.699975816,0.343397831,3,0.5897598,0,1.3503275,0,1,0,30,10,1,2,0,EMUYFP
75,2,3,35,3,2,1549,0,0.615513125,0.263045013,3,0.0403744,0,1.5492112,1,1,1,30,0,0,1,1,EMUYFP
76,2,3,45,0,2,2605,0,0.506707711,0.681943737,3,0.9175353,0,2.6049015,0,0,NaN,NaN,NaN,NaN,NaN,0,EMUYFP
77,2,1,54,0,1,1210,1,0.48405899,0.322584559,3,0.926205,0,1.2097427,1,0,NaN,NaN,NaN,NaN,NaN,1,EMUYFP
78,2,2,2,1,1,977,0,0.522195911,0.37677798,4,0.8627713,1,0.9768924,0,1,0,25,10,1,2,0,EMUYFP
1,1,2,33,3,1,1283,1,0.378758462,0.526270172,3,NaN,0,1.283660889,0,1,1,20,0,0,1,0,MCW019
2,1,3,28,3,2,5281,0,0.370271602,0.304564525,4,5.037642956,1,5.281073809,1,1,0,30,10,1,1,1,MCW019
3,1,3,33,3,1,2427,1,0.725755589,0.421668485,2,2.86448288,1,2.427047014,0,1,0,25,10,1,1,0,MCW019
4,1,1,56,0,2,2353,0,0.289479235,0.546137947,3,1.606462002,0,2.3528862,0,0,NaN,NaN,NaN,NaN,NaN,0,MCW019
5,1,1,55,0,2,994,0,0.575706152,0.607097765,3,0.729508162,0,0.993579865,0,0,NaN,NaN,NaN,NaN,NaN,0,MCW019
6,1,2,46,0,1,1448,1,0.329252892,0.669820066,1,1.540364981,2,1.448442221,1,0,NaN,NaN,NaN,NaN,NaN,1,MCW019
7,1,1,43,0,2,1366,0,0.607541031,0.537213034,4,2.10249114,1,1.366482019,0,0,NaN,NaN,NaN,NaN,NaN,0,MCW019
8,1,3,54,0,2,1450,0,0.347147598,0.391823895,3,1.185828924,0,1.450438023,0,0,NaN,NaN,NaN,NaN,NaN,0,MCW019
9,1,2,51,0,1,1304,1,0.276469424,0.443289439,2,1.38449192,1,1.304255009,1,0,NaN,NaN,NaN,NaN,NaN,1,MCW019
10,1,1,50,0,1,1516,1,0.39869744,0.419344579,1,1.374552965,2,1.516463995,1,0,NaN,NaN,NaN,NaN,NaN,1,MCW019
11,1,3,55,0,1,1378,1,0.556017617,0.335761303,1,1.042490005,2,1.378530979,1,0,NaN,NaN,NaN,NaN,NaN,1,MCW019
12,1,1,18,1,2,973,1,0.593206389,0.569947931,5,1.294427156,2,0.973834991,1,1,7,10,10,1,15,1,MCW019
13,1,3,7,1,1,1408,0,0.301689291,0.516008124,3,0.827146053,0,1.408550978,0,1,0,30,10,1,3,0,MCW019
14,1,1,30,3,2,1488,0,0.269233171,0.395856621,4,0.905107021,1,1.488487005,1,1,1,20,0,0,1,1,MCW019
15,1,2,14,1,1,899,0,0.691839686,0.483045529,1,0.938448191,2,0.899133921,0,1,1,20,20,1,4,0,MCW019
16,1,3,49,0,2,1339,0,0.436886142,0.264344378,3,1.019829988,0,1.339781046,0,0,NaN,NaN,NaN,NaN,NaN,0,MCW019
17,1,2,3,1,1,1483,0,0.450612215,0.37552157,3,1.0451231,0,1.483865976,0,1,0,25,10,1,2,0,MCW019
18,1,2,30,3,2,1248,0,0.392056616,0.353981886,3,0.617805004,0,1.248494148,1,1,0,30,10,1,1,1,MCW019
19,1,1,4,1,1,1446,0,0.745154095,0.641196818,3,0.61049509,0,1.446527004,0,1,0,20,10,1,2,0,MCW019
20,1,1,46,0,1,1379,1,0.405133558,0.505977492,3,0.771043062,0,1.379134178,1,0,NaN,NaN,NaN,NaN,NaN,1,MCW019
21,1,1,11,1,1,1741,0,0.602453141,0.673514042,3,0.35444212,0,1.741060019,0,1,0,30,10,1,4,0,MCW019
22,1,2,7,1,2,677,1,0.52497338,0.739818259,3,0.461009979,0,0.677803993,1,1,1,30,30,1,3,1,MCW019
23,1,1,10,1,1,793,0,0.677357169,0.505123701,3,0.142518997,0,0.79379487,0,1,0,30,10,1,3,0,MCW019
24,1,3,5,1,1,1240,0,0.559269649,0.305189704,2,1.44761014,1,1.240458965,0,1,0,20,10,1,2,0,MCW019
25,1,2,31,3,1,1045,1,0.676384504,0.732604373,4,2.191868067,1,1.04509902,0,1,1,20,0,0,1,0,MCW019
26,1,2,52,0,1,1455,1,0.471714699,0.362002013,4,1.297782183,1,1.455779076,1,0,NaN,NaN,NaN,NaN,NaN,1,MCW019
27,1,3,34,3,2,1893,0,0.733369393,0.748930051,4,1.463043928,1,1.893211126,1,1,1,25,0,0,1,1,MCW019
28,1,2,9,1,1,1130,0,0.4947146,0.43720407,4,1.480438948,1,1.130423069,0,1,0,20,10,1,3,0,MCW019
29,1,1,32,3,2,1032,0,0.566622605,0.458463658,4,1.007043123,1,1.032449961,1,1,0,30,10,1,1,1,MCW019
30,1,1,15,1,2,946,1,0.449231513,0.697313208,5,0.945739985,2,0.946255922,1,1,1,30,30,1,4,1,MCW019
31,1,3,26,3,1,1379,1,0.273010328,0.512597792,3,0.104417086,0,1.379061937,0,1,0,30,10,1,1,0,MCW019
32,1,2,4,1,1,1218,0,0.401752752,0.425378953,4,1.408354998,1,1.218372107,0,1,0,25,10,1,2,0,MCW019
33,1,1,16,1,2,741,1,0.585101343,0.488741695,5,0.991147995,2,0.741061926,1,1,9,10,10,1,15,1,MCW019
34,1,3,29,3,2,860,0,0.274078349,0.447274717,3,0.058428049,0,0.860411167,1,1,0,30,10,1,1,1,MCW019
35,1,3,1,1,2,783,1,0.737407086,0.664602296,3,0.105159044,0,0.783107996,1,1,0,25,10,1,2,1,MCW019
36,1,2,18,1,1,1753,0,0.700781139,0.405516486,3,0.125751019,0,1.753124952,0,1,7,10,10,1,15,0,MCW019
37,1,3,44,0,1,1275,1,0.454283005,0.5393521,2,1.913813114,1,1.275670052,1,0,NaN,NaN,NaN,NaN,NaN,1,MCW019
38,1,2,48,0,1,1509,1,0.531139864,0.638428184,3,0.355010986,0,1.509602785,1,0,NaN,NaN,NaN,NaN,NaN,1,MCW019
39,1,3,42,0,1,1143,1,0.511053889,0.420116981,3,1.333053112,0,1.143776178,1,0,NaN,NaN,NaN,NaN,NaN,1,MCW019
40,1,3,53,0,2,986,0,0.342902358,0.252116246,3,0.796442986,0,0.986413956,0,0,NaN,NaN,NaN,NaN,NaN,0,MCW019
41,1,2,39,0,2,1336,0,0.412079431,0.747528289,3,0.705705166,0,1.336396933,0,0,NaN,NaN,NaN,NaN,NaN,0,MCW019
42,1,2,42,0,1,874,1,0.502731287,0.370639691,2,1.242441177,1,0.87445116,1,0,NaN,NaN,NaN,NaN,NaN,1,MCW019
43,1,3,17,1,2,829,1,0.523954189,0.31397704,5,0.910353899,2,0.829093933,1,1,8,10,10,1,15,1,MCW019
44,1,1,26,3,1,891,1,0.672542023,0.672990265,2,1.223731995,1,0.891155005,0,1,0,25,10,1,1,0,MCW019
45,1,3,66,0,2,886,0,0.384502317,0.72028308,4,1.022418976,1,0.886417866,0,0,NaN,NaN,NaN,NaN,NaN,0,MCW019
46,1,2,49,0,1,807,1,0.422451066,0.571869654,2,1.11705184,1,0.80705905,1,0,NaN,NaN,NaN,NaN,NaN,1,MCW019
47,1,2,8,1,1,891,0,0.260396392,0.667476611,3,0.013087988,0,0.891791105,0,1,0,20,10,1,3,0,MCW019
48,1,2,26,3,1,868,1,0.40508422,0.329222785,3,0.632355928,0,0.868382931,0,1,0,30,10,1,1,0,MCW019
49,1,3,4,1,2,989,1,0.712005716,0.426332506,4,0.729019165,1,0.989757061,1,1,0,20,10,1,2,1,MCW019
50,1,2,41,0,1,901,1,0.527479361,0.659731652,3,0.491677046,0,0.901612997,1,0,NaN,NaN,NaN,NaN,NaN,1,MCW019
51,1,2,12,1,1,955,0,0.737105003,0.293302792,3,0.671077013,0,0.955733061,0,1,0,30,10,1,4,0,MCW019
52,1,3,9,1,1,837,0,0.450027131,0.704232696,3,0.537084103,0,0.837754965,0,1,1,25,25,1,3,0,MCW019
53,1,3,6,1,1,1051,0,0.526315266,0.252214854,3,0.667076111,0,1.05111599,0,1,1,20,20,1,3,0,MCW019
54,1,3,40,0,1,1091,1,0.289211844,0.376885252,3,0.611748934,0,1.091677904,1,0,NaN,NaN,NaN,NaN,NaN,1,MCW019
55,1,1,9,1,2,679,1,0.674427355,0.520066555,3,0.680335999,0,0.679100037,1,1,0,25,10,1,3,1,MCW019
56,1,1,13,1,2,734,1,0.559680006,0.661911567,5,0.857429028,2,0.734391928,1,1,1,25,25,1,4,1,MCW019
57,1,3,39,0,2,1220,0,0.349593097,0.456316241,3,0.780362844,0,1.220423937,0,0,NaN,NaN,NaN,NaN,NaN,0,MCW019
58,1,2,37,3,2,680,0,0.284296927,0.366616192,3,0.496454,0,0.680398941,1,1,0,25,10,1,1,1,MCW019
59,1,1,39,0,1,891,1,0.500942766,0.259628073,2,0.587065935,1,0.891734123,1,0,NaN,NaN,NaN,NaN,NaN,1,MCW019
60,1,2,47,0,2,738,0,0.421290936,0.343927718,3,0.431109905,0,0.73842001,0,0,NaN,NaN,NaN,NaN,NaN,0,MCW019
61,1,1,27,3,1,975,1,0.543603512,0.379847342,1,0.682366133,2,0.97555089,0,1,0,30,10,1,1,0,MCW019
62,1,2,38,3,2,724,0,0.305365729,0.51837198,3,0.678404808,0,0.724377155,1,1,0,25,10,1,1,1,MCW019
63,1,1,28,3,1,843,1,0.718561115,0.387310448,5,0.884403944,2,0.843757153,0,1,0,20,10,1,1,0,MCW019
64,1,2,15,1,1,813,0,0.675301198,0.363692039,3,1.505023003,0,0.81375289,0,1,0,20,10,1,4,0,MCW019
65,1,1,25,3,2,713,0,0.369187825,0.62621782,3,0.645029068,0,0.713112116,1,1,0,30,10,1,1,1,MCW019
66,1,3,16,1,2,974,1,0.601694145,0.598269381,5,1.042371035,2,0.974350929,1,1,8,10,10,1,15,1,MCW019
67,1,1,47,0,1,1527,1,0.545287455,0.351726337,4,1.244307995,3,1.527806997,1,0,NaN,NaN,NaN,NaN,NaN,1,MCW019
68,1,3,32,3,1,1662,1,0.296869891,0.749107659,4,0.655685902,1,1.662387848,0,1,0,20,10,1,1,0,MCW019
69,1,1,54,0,1,1411,1,0.443754519,0.647464524,4,0.656383991,1,1.411067009,1,0,NaN,NaN,NaN,NaN,NaN,1,MCW019
70,1,1,49,0,1,904,1,0.338475468,0.716857217,4,0.781692982,1,0.904412985,1,0,NaN,NaN,NaN,NaN,NaN,1,MCW019
71,1,3,37,3,2,886,0,0.659916446,0.423262969,4,0.743752003,1,0.88634181,1,1,0,20,10,1,1,1,MCW019
72,1,3,18,1,2,692,1,0.506690183,0.438788183,4,0.627735138,1,0.692358971,1,1,8,10,10,1,15,1,MCW019
73,1,1,7,1,1,1139,0,0.365544332,0.686581379,4,0.630319834,1,1.139747858,0,1,0,20,10,1,3,0,MCW019
74,1,2,24,3,1,1492,1,0.479993403,0.701513838,4,0.589060068,1,1.492431164,0,1,0,30,10,1,1,0,MCW019
75,1,1,29,3,2,1030,0,0.617202508,0.28859306,2,1.195014,1,1.030388117,1,1,0,20,10,1,1,1,MCW019
1,1,3,40,0,0,NaN,0,0.290555322,0.616238825,NaN,NaN,NaN,NaN,0,0,NaN,NaN,NaN,NaN,NaN,0,MCW021
2,1,1,24,3,2,1280,0,0.431392481,0.469078985,3,NaN,2,1.279993057,1,1,0,20,10,1,1,1,MCW021
3,1,2,37,3,2,1436,0,0.506881688,0.264415192,4,NaN,1,1.436691999,1,1,0,25,10,1,1,1,MCW021
4,1,3,42,0,1,1772,1,0.449198588,0.601903231,4,NaN,1,1.772766829,1,0,NaN,NaN,NaN,NaN,NaN,1,MCW021
5,1,1,14,1,2,3904,1,0.613132659,0.489763043,3,NaN,0,3.903333187,1,1,0,20,10,1,4,1,MCW021
6,1,3,12,1,1,1813,0,0.562668498,0.462388938,3,NaN,0,1.813356161,0,1,0,25,10,1,4,0,MCW021
7,1,2,49,0,2,1332,0,0.450267355,0.556343307,4,NaN,1,1.332746029,0,0,NaN,NaN,NaN,NaN,NaN,0,MCW021
8,1,3,11,1,1,2379,0,0.399050039,0.453984831,3,NaN,0,2.379420996,0,1,0,30,10,1,4,0,MCW021
9,1,3,26,3,2,1583,0,0.518204677,0.646551165,4,NaN,1,1.583421946,1,1,0,25,10,1,1,1,MCW021
10,1,3,4,1,2,1642,1,0.519245154,0.499565599,4,NaN,1,1.642055988,1,1,1,30,30,1,2,1,MCW021
11,1,2,26,3,2,1376,0,0.494921006,0.28458616,4,NaN,1,1.376666069,1,1,1,25,0,0,1,1,MCW021
12,1,1,3,1,1,1184,0,0.529381679,0.34012387,4,NaN,1,1.184015989,0,1,0,25,10,1,2,0,MCW021
13,1,3,16,1,2,1486,1,0.447589313,0.497063515,3,NaN,0,1.486649036,1,1,7,10,10,1,15,1,MCW021
14,1,2,54,0,2,1490,0,0.473543641,0.635222471,4,NaN,1,1.490643978,0,0,NaN,NaN,NaN,NaN,NaN,0,MCW021
15,1,2,40,0,2,1167,0,0.499219619,0.427337549,4,NaN,1,1.167396069,0,0,NaN,NaN,NaN,NaN,NaN,0,MCW021
16,1,2,29,3,2,1260,0,0.592409634,0.318553309,4,NaN,1,1.260048151,1,1,0,25,10,1,1,1,MCW021
17,1,2,11,1,2,1258,1,0.530585035,0.745297305,4,NaN,1,1.258725882,1,1,1,25,25,1,4,1,MCW021
18,1,1,31,3,1,1594,1,0.47066308,0.342243792,4,NaN,1,1.594027996,0,1,0,30,10,1,1,0,MCW021
19,1,3,35,3,2,1746,0,0.612099461,0.374018351,4,NaN,1,1.746052027,1,1,0,20,10,1,1,1,MCW021
20,1,1,32,3,2,2050,0,0.284865355,0.615746015,3,NaN,0,2.050076008,1,1,0,20,10,1,1,1,MCW021
21,1,1,51,0,1,1716,1,0.629739739,0.409714968,3,NaN,0,1.716769934,1,0,NaN,NaN,NaN,NaN,NaN,1,MCW021
22,1,1,56,0,2,2188,0,0.453367845,0.723859182,3,NaN,0,2.188065052,0,0,NaN,NaN,NaN,NaN,NaN,0,MCW021
23,1,2,7,1,2,1234,1,0.254653412,0.692739352,4,NaN,1,1.234738827,1,1,1,30,30,1,3,1,MCW021
24,1,2,1,1,2,908,1,0.420923229,0.639300319,4,NaN,1,0.908084869,1,1,0,25,10,1,2,1,MCW021
25,1,1,47,0,1,1506,1,0.611842588,0.740920255,4,NaN,1,1.506036043,1,0,NaN,NaN,NaN,NaN,NaN,1,MCW021
26,1,1,41,0,1,1916,1,0.502574372,0.483707121,4,NaN,1,1.916738987,1,0,NaN,NaN,NaN,NaN,NaN,1,MCW021
27,1,3,32,3,2,1165,0,0.704322847,0.31042144,4,NaN,1,1.165347099,1,1,0,25,10,1,1,1,MCW021
28,1,1,50,0,2,2022,0,0.71337478,0.711005921,3,NaN,0,2.022644997,0,0,NaN,NaN,NaN,NaN,NaN,0,MCW021
29,1,3,25,3,2,1242,0,0.530269111,0.321910772,3,NaN,0,1.242689133,1,1,0,20,10,1,1,1,MCW021
30,1,2,16,1,2,948,1,0.542659259,0.28966245,4,NaN,1,0.948704958,1,1,2,10,10,1,15,1,MCW021
31,1,1,26,3,1,1878,1,0.702390159,0.5639646,4,NaN,1,1.878652096,0,1,0,25,10,1,1,0,MCW021
32,1,2,53,0,2,957,0,0.5602742,0.733937706,4,NaN,1,0.958007097,0,0,NaN,NaN,NaN,NaN,NaN,0,MCW021
33,1,1,8,1,1,1721,0,0.603303879,0.665315331,4,NaN,1,1.721301079,0,1,0,20,10,1,3,0,MCW021
34,1,3,38,3,2,1106,0,0.364198335,0.553660086,3,NaN,0,1.106575012,1,1,0,25,10,1,1,1,MCW021
35,1,3,37,3,1,1519,1,0.376317742,0.657477693,4,NaN,3,1.519269943,0,1,1,25,0,0,1,0,MCW021
36,1,3,49,0,2,1868,0,0.495962251,0.533186391,3,NaN,0,1.868561029,0,0,NaN,NaN,NaN,NaN,NaN,0,MCW021
37,1,1,7,1,1,2346,0,0.416897637,0.596842888,3,NaN,0,2.346560001,0,1,0,25,10,1,3,0,MCW021
38,1,2,9,1,2,849,1,0.329861412,0.416593991,4,NaN,1,0.849936008,1,1,1,25,25,1,3,1,MCW021
39,1,2,15,1,2,927,1,0.455828003,0.465879937,4,NaN,1,0.927224874,1,1,1,30,30,1,4,1,MCW021
40,1,2,43,0,2,1237,0,0.553395671,0.529509978,4,NaN,1,1.237879992,0,0,NaN,NaN,NaN,NaN,NaN,0,MCW021
41,1,3,53,0,2,1293,0,0.73421166,0.697869088,4,NaN,1,1.293879032,0,0,NaN,NaN,NaN,NaN,NaN,0,MCW021
42,1,2,27,3,1,1877,1,0.656176093,0.427144356,4,NaN,1,1.877259016,0,1,1,25,0,0,1,0,MCW021
43,1,2,13,1,2,1119,1,0.478541238,0.432170073,4,NaN,1,1.119959116,1,1,1,25,25,1,4,1,MCW021
44,1,3,31,3,2,1251,0,0.319064369,0.661795494,4,NaN,1,1.251950026,1,1,0,25,10,1,1,1,MCW021
45,1,1,25,3,1,2455,1,0.492341196,0.388004716,4,NaN,1,2.455268145,0,1,0,20,10,1,1,0,MCW021
46,1,1,40,0,1,1962,1,0.466397541,0.731869887,4,NaN,1,1.962590933,1,0,NaN,NaN,NaN,NaN,NaN,1,MCW021
47,1,1,10,1,2,1177,1,0.592259192,0.383631638,3,NaN,0,1.177248955,1,1,0,20,10,1,3,1,MCW021
48,1,3,48,0,2,1120,0,0.426397101,0.549251753,4,NaN,1,1.12062788,0,0,NaN,NaN,NaN,NaN,NaN,0,MCW021
49,1,3,5,1,1,1207,0,0.675486836,0.551044419,4,NaN,1,1.207945108,0,1,0,25,10,1,2,0,MCW021
50,1,1,38,3,2,983,0,0.743115023,0.438939865,4,NaN,1,0.983934164,1,1,1,20,0,0,1,1,MCW021
51,1,1,36,3,2,1070,0,0.348762608,0.269612115,4,NaN,1,1.070611,1,1,0,25,10,1,1,1,MCW021
52,1,2,32,3,2,759,0,0.485807476,0.542384128,4,NaN,1,0.759934902,1,1,0,30,10,1,1,1,MCW021
53,1,2,28,3,2,1001,0,0.321853781,0.328547523,4,NaN,1,1.001247168,1,1,1,20,0,0,1,1,MCW021
54,1,1,11,1,2,1843,1,0.639962635,0.701353734,3,NaN,2,1.84386301,1,1,1,25,25,1,4,1,MCW021
55,1,1,13,1,1,1920,0,0.527196739,0.277293844,4,NaN,1,1.920552969,0,1,0,20,10,1,4,0,MCW021
56,1,1,52,0,1,1340,1,0.365242091,0.538381937,4,NaN,1,1.340526819,1,0,NaN,NaN,NaN,NaN,NaN,1,MCW021
57,1,1,5,1,1,1263,0,0.444756559,0.308309958,4,NaN,1,1.263923883,0,1,0,30,10,1,2,0,MCW021
58,1,1,53,0,1,1051,1,0.736954402,0.466409667,4,NaN,1,1.051889181,1,0,NaN,NaN,NaN,NaN,NaN,1,MCW021
59,1,1,6,1,2,1874,1,0.692441659,0.278605299,3,NaN,0,1.874577999,1,1,0,25,10,1,3,1,MCW021
60,1,3,55,0,1,1774,1,0.4311938,0.383928947,4,NaN,1,1.774546146,1,0,NaN,NaN,NaN,NaN,NaN,1,MCW021
61,1,3,3,1,2,1395,1,0.636452235,0.483834887,3,NaN,0,1.395875931,1,1,0,30,10,1,2,1,MCW021
62,1,2,17,1,2,897,1,0.699865545,0.496617465,4,NaN,1,0.89716506,1,1,4,10,10,1,15,1,MCW021
63,1,2,52,0,1,1673,1,0.600786197,0.573514024,4,NaN,1,1.673141003,1,0,NaN,NaN,NaN,NaN,NaN,1,MCW021
64,1,2,46,0,2,1563,0,0.700487319,0.570065708,4,NaN,1,1.563123941,0,0,NaN,NaN,NaN,NaN,NaN,0,MCW021
65,1,3,45,0,2,1001,0,0.44671684,0.483131555,4,NaN,1,1.001760006,0,0,NaN,NaN,NaN,NaN,NaN,0,MCW021
66,1,3,18,1,2,1049,1,0.415140876,0.267363368,4,NaN,1,1.049839973,1,1,4,10,10,1,15,1,MCW021
67,1,1,55,0,2,1528,0,0.638564128,0.406848098,3,NaN,0,1.528517008,0,0,NaN,NaN,NaN,NaN,NaN,0,MCW021
68,1,3,39,0,2,1379,0,0.455075889,0.363289169,3,NaN,0,1.379194975,0,0,NaN,NaN,NaN,NaN,NaN,0,MCW021
69,1,3,14,1,1,1645,0,0.290456112,0.394687544,4,NaN,1,1.645143986,0,1,0,30,10,1,4,0,MCW021
70,1,2,39,0,2,869,0,0.646051403,0.719187194,4,NaN,1,0.869155169,0,0,NaN,NaN,NaN,NaN,NaN,0,MCW021
71,1,3,1,1,2,3133,1,0.25651493,0.290822031,4,NaN,1,3.133186817,1,1,1,20,20,1,2,1,MCW021
72,1,3,52,0,2,1278,0,0.61599741,0.418474599,4,NaN,1,1.278475046,0,0,NaN,NaN,NaN,NaN,NaN,0,MCW021
73,1,2,18,1,2,991,1,0.42220562,0.674166628,4,NaN,1,0.991128922,1,1,7,10,10,1,15,1,MCW021
74,1,2,48,0,2,1336,0,0.503845567,0.261413171,4,NaN,1,1.336477995,0,0,NaN,NaN,NaN,NaN,NaN,0,MCW021
75,1,2,35,3,2,1989,0,0.285270876,0.477883441,3,NaN,0,1.98905015,1,1,0,30,10,1,1,1,MCW021
1,1,3,29,3,0,NaN,0,0.345458447,0.279701943,NaN,NaN,NaN,NaN,0,1,0,30,10,1,1,0,PAV037
2,1,1,42,0,1,2546,1,0.654923862,0.665724237,5,NaN,2,2.5459373,1,0,NaN,NaN,NaN,NaN,NaN,1,PAV037
3,1,3,49,0,0,NaN,0,0.591106989,0.662469797,NaN,NaN,NaN,NaN,0,0,NaN,NaN,NaN,NaN,NaN,0,PAV037
4,1,1,33,3,1,1925,1,0.383347454,0.506769711,5,3.1747735,2,1.9242259,0,1,0,25,10,1,1,0,PAV037
5,1,1,9,1,2,2107,1,0.56724345,0.728735364,5,2.4231777,2,2.1059313,1,1,1,20,20,1,3,1,PAV037
6,1,3,38,3,1,2223,1,0.490629468,0.367048342,5,4.2875627,2,2.2224737,0,1,0,25,10,1,1,0,PAV037
7,1,3,15,1,2,1856,1,0.406631753,0.684583102,5,2.2999299,2,1.8561725,1,1,1,30,30,1,4,1,PAV037
8,1,2,6,1,2,2861,1,0.525127459,0.626846217,5,1.8933169,2,2.8610553,1,1,1,30,30,1,3,1,PAV037
9,1,3,1,1,0,NaN,0,0.581924019,0.717728547,NaN,NaN,NaN,NaN,0,1,0,30,10,1,2,0,PAV037
10,1,3,8,1,2,1663,1,0.552641008,0.329100984,5,1.6543909,2,1.6623701,1,1,1,25,25,1,3,1,PAV037
11,1,2,2,1,2,1557,1,0.656041791,0.65615289,5,1.5377619,2,1.5571293,1,1,1,20,20,1,2,1,PAV037
12,1,2,8,1,1,4127,0,0.630355174,0.589722389,3,1.8906952,0,4.1262834,0,1,0,30,10,1,3,0,PAV037
13,1,2,35,3,0,NaN,0,0.667964201,0.708209261,NaN,NaN,NaN,NaN,0,1,0,30,10,1,1,0,PAV037
14,1,1,14,1,2,1900,1,0.718193585,0.306243651,5,1.5135727,2,1.8993452,1,1,0,30,10,1,4,1,PAV037
15,1,2,49,0,0,NaN,0,0.568427581,0.648220109,NaN,NaN,NaN,NaN,0,0,NaN,NaN,NaN,NaN,NaN,0,PAV037
16,1,3,2,1,2,1800,1,0.636987138,0.664220072,5,1.4376668,2,1.7996642,1,1,0,25,10,1,2,1,PAV037
17,1,3,55,0,1,2511,1,0.600744214,0.46297765,3,3.0334987,0,2.5109712,1,0,NaN,NaN,NaN,NaN,NaN,1,PAV037
18,1,3,47,0,2,4331,0,0.320572577,0.6012827,3,1.0842519,0,4.3306707,0,0,NaN,NaN,NaN,NaN,NaN,0,PAV037
19,1,2,53,0,1,1405,1,0.733941958,0.425926926,5,2.6731822,2,1.4050596,1,0,NaN,NaN,NaN,NaN,NaN,1,PAV037
20,1,2,38,3,0,NaN,0,0.275811401,0.683047044,NaN,NaN,NaN,NaN,0,1,0,25,10,1,1,0,PAV037
21,1,2,27,3,1,2602,1,0.277341606,0.544205658,3,1.3424302,0,2.6015552,0,1,0,25,10,1,1,0,PAV037
22,1,3,11,1,1,4028,0,0.638244201,0.458580748,3,1.3806415,0,4.0279031,0,1,0,30,10,1,4,0,PAV037
23,1,2,7,1,2,1920,1,0.286948253,0.524153731,3,1.565063,0,1.9193347,1,1,1,25,25,1,3,1,PAV037
24,1,1,5,1,1,1814,0,0.350481598,0.746114557,5,2.6656837,2,1.8141591,0,1,1,20,20,1,2,0,PAV037
25,1,3,9,1,2,1552,1,0.592026978,0.656532853,5,1.8274956,2,1.5521242,1,1,1,30,30,1,3,1,PAV037
26,1,1,28,3,1,4196,1,0.660086523,0.595003618,3,0.9005361,0,4.1948154,0,1,0,20,10,1,1,0,PAV037
27,1,2,13,1,2,1833,1,0.708772149,0.709423098,5,2.0906705,2,1.8325386,1,1,1,25,25,1,4,1,PAV037
28,1,1,11,1,2,4335,1,0.727011646,0.28944809,5,1.902514,2,4.3321,1,1,0,20,0,0,4,1,PAV037
29,1,2,41,0,1,1985,1,0.358125393,0.632486737,3,2.2848766,0,1.9847414,1,0,NaN,NaN,NaN,NaN,NaN,1,PAV037
30,1,2,42,0,1,2343,1,0.314860193,0.334844178,3,1.0508031,0,2.3423822,1,0,NaN,NaN,NaN,NaN,NaN,1,PAV037
31,1,1,51,0,1,1840,1,0.365103654,0.528878459,5,1.7281177,2,1.8399669,1,0,NaN,NaN,NaN,NaN,NaN,1,PAV037
32,1,1,16,1,2,1652,1,0.445946072,0.533377912,5,1.7730114,2,1.6518837,1,1,8,10,10,1,15,1,PAV037
33,1,1,4,1,2,1738,1,0.567595077,0.498441805,5,1.2081517,2,1.7378966,1,1,0,25,10,1,2,1,PAV037
34,1,1,25,3,0,NaN,0,0.474161518,0.697788053,NaN,NaN,NaN,NaN,0,1,0,25,10,1,1,0,PAV037
35,1,1,15,1,2,2127,1,0.497141358,0.354329359,3,1.1238917,0,2.1269558,1,1,1,25,25,1,4,1,PAV037
36,1,3,24,3,2,2427,0,0.730047116,0.673628429,3,0.9277091,0,2.4271338,1,1,0,25,10,1,1,1,PAV037
37,1,1,55,0,1,1432,1,0.741712374,0.260107591,5,1.4533294,2,1.4317699,1,0,NaN,NaN,NaN,NaN,NaN,1,PAV037
38,1,2,16,1,1,3128,0,0.597921892,0.279651647,5,1.196013,2,3.1275334,0,1,8,10,10,1,15,0,PAV037
39,1,3,56,0,2,4006,0,0.716801341,0.469342883,3,0.8944171,0,4.0059441,0,0,NaN,NaN,NaN,NaN,NaN,0,PAV037
40,1,2,48,0,1,3080,1,0.462659575,0.473706001,3,0.852828,0,3.0803035,1,0,NaN,NaN,NaN,NaN,NaN,1,PAV037
41,1,1,53,0,1,1409,1,0.423318802,0.57251579,5,1.9869414,2,1.4091773,1,0,NaN,NaN,NaN,NaN,NaN,1,PAV037
42,1,3,39,0,1,2988,1,0.30140953,0.705406682,3,1.2395691,0,2.9875945,1,0,NaN,NaN,NaN,NaN,NaN,1,PAV037
43,1,1,34,3,1,2085,1,0.622399162,0.560953788,5,2.7173277,2,2.0850493,0,1,0,30,10,1,1,0,PAV037
44,1,2,32,3,0,NaN,0,0.370048082,0.400766416,NaN,NaN,NaN,NaN,0,1,0,25,10,1,1,0,PAV037
45,1,1,56,0,1,1782,1,0.562511029,0.614485714,5,2.984407,2,1.7817076,1,0,NaN,NaN,NaN,NaN,NaN,1,PAV037
46,1,1,54,0,1,2955,1,0.299348328,0.739176314,3,0.9619781,0,2.9549085,1,0,NaN,NaN,NaN,NaN,NaN,1,PAV037
47,1,1,44,0,1,1151,1,0.300537295,0.626479386,5,2.0171775,2,1.1503862,1,0,NaN,NaN,NaN,NaN,NaN,1,PAV037
48,1,2,50,0,2,4091,0,0.439299718,0.676046222,3,0.7340655,0,4.0906738,0,0,NaN,NaN,NaN,NaN,NaN,0,PAV037
49,1,1,43,0,1,1326,1,0.274625877,0.335225828,5,1.568849,2,1.3259129,1,0,NaN,NaN,NaN,NaN,NaN,1,PAV037
50,1,3,7,1,2,2993,1,0.738199412,0.390686866,3,0.6919333,0,2.9931891,1,1,1,25,25,1,3,1,PAV037
51,1,1,18,1,2,1653,1,0.729809869,0.629883935,5,1.7011858,2,1.6528872,1,1,8,10,10,1,15,1,PAV037
52,1,1,41,0,1,1166,1,0.466219056,0.586182821,5,2.2639884,2,1.166023,1,0,NaN,NaN,NaN,NaN,NaN,1,PAV037
53,1,2,56,0,0,NaN,0,0.345000726,0.44568432,NaN,NaN,NaN,NaN,0,0,NaN,NaN,NaN,NaN,NaN,0,PAV037
54,1,1,3,1,1,2053,0,0.628914443,0.576431969,3,1.0452558,0,2.0525028,0,1,0,20,10,1,2,0,PAV037
55,1,2,39,0,1,2292,1,0.719316164,0.696587461,3,0.4474818,0,2.2915126,1,0,NaN,NaN,NaN,NaN,NaN,1,PAV037
56,1,3,41,0,2,1401,0,0.567951927,0.420230469,5,1.6234766,2,1.4010945,0,0,NaN,NaN,NaN,NaN,NaN,0,PAV037
57,1,3,36,3,2,3239,0,0.360796616,0.49010526,3,0.4712873,0,3.2392327,1,1,0,20,10,1,1,1,PAV037
58,1,2,30,3,2,1217,0,0.508061894,0.440041951,5,1.7563679,2,1.2167227,1,1,1,30,0,0,1,1,PAV037
59,1,2,9,1,2,2332,1,0.721189865,0.72297895,5,2.1405696,2,2.3313671,1,1,1,20,20,1,3,1,PAV037
60,1,3,40,0,1,1457,1,0.746915762,0.579083891,5,1.9641545,2,1.4566666,1,0,NaN,NaN,NaN,NaN,NaN,1,PAV037
61,1,1,35,3,0,NaN,0,0.3717303,0.293623362,NaN,NaN,NaN,NaN,0,1,0,20,10,1,1,0,PAV037
62,1,2,29,3,0,NaN,0,0.307482231,0.537500119,NaN,NaN,NaN,NaN,0,1,0,20,10,1,1,0,PAV037
63,1,2,52,0,1,1240,1,0.597561595,0.337054948,5,1.8748499,2,1.2400376,1,0,NaN,NaN,NaN,NaN,NaN,1,PAV037
64,1,1,27,3,1,1802,1,0.395079799,0.559405517,3,1.4106819,0,1.8015352,0,1,0,20,10,1,1,0,PAV037
65,1,2,11,1,0,NaN,0,0.419792856,0.346037492,NaN,NaN,NaN,NaN,0,1,1,20,20,1,4,0,PAV037
66,1,1,38,3,1,1768,1,0.444560871,0.456318464,3,1.4318018,0,1.7673315,0,1,0,20,10,1,1,0,PAV037
67,1,2,37,3,0,NaN,0,0.640011632,0.528771178,NaN,NaN,NaN,NaN,0,1,0,20,10,1,1,0,PAV037
68,1,3,25,3,1,1981,1,0.610531955,0.482127955,3,0.7879253,0,1.9808779,0,1,0,30,10,1,1,0,PAV037
69,1,3,28,3,1,1403,1,0.293898882,0.317424503,5,1.7852602,2,1.4023474,0,1,0,30,10,1,1,0,PAV037
70,1,2,5,1,2,3338,1,0.417266682,0.529498867,3,0.8484875,0,3.338084,1,1,0,25,10,1,2,1,PAV037
71,1,3,17,1,1,4001,0,0.456193532,0.692604426,3,0.5629985,0,4.0009565,0,1,8,10,10,1,15,0,PAV037
72,1,3,66,0,2,4168,0,0.533622388,0.266152123,3,0.6483425,0,4.1677295,0,0,NaN,NaN,NaN,NaN,NaN,0,PAV037
73,1,3,37,3,0,NaN,0,0.309236443,0.698539196,NaN,NaN,NaN,NaN,0,1,0,25,10,1,1,0,PAV037
74,1,3,14,1,1,2507,0,0.427991348,0.644979054,3,1.7046251,0,2.5068282,0,1,0,20,10,1,4,0,PAV037
75,1,3,52,0,1,1568,1,0.713449668,0.712685531,5,1.7870034,2,1.5675228,1,0,NaN,NaN,NaN,NaN,NaN,1,PAV037
1,2,2,33,3,1,1675,1,0.371014504,0.36878944,5,2.2832034,2,1.6742529,0,1,0,20,10,1,1,0,PAV037
2,2,1,8,1,2,2100,1,0.447046484,0.420179442,5,1.7272591,2,2.0995845,1,1,1,30,30,1,3,1,PAV037
3,2,2,44,0,1,1930,1,0.689306194,0.561643368,3,2.2682204,0,1.9297193,1,0,NaN,NaN,NaN,NaN,NaN,1,PAV037
4,2,2,55,0,1,1047,1,0.696562834,0.353528489,5,1.3160216,2,1.0456541,1,0,NaN,NaN,NaN,NaN,NaN,1,PAV037
5,2,3,48,0,2,1878,0,0.566685582,0.622145458,5,1.6023119,2,1.8767371,0,0,NaN,NaN,NaN,NaN,NaN,0,PAV037
6,2,3,26,3,2,2240,0,0.415858517,0.677866485,5,1.7164768,2,2.2393291,1,1,0,20,10,1,1,1,PAV037
7,2,1,32,3,1,1450,1,0.291802655,0.549164756,5,2.6804939,2,1.449484,0,1,0,30,10,1,1,0,PAV037
8,2,1,6,1,2,1703,1,0.582601244,0.346973608,5,1.7254568,2,1.7028741,1,1,0,20,10,1,3,1,PAV037
9,2,2,47,0,1,1572,1,0.633186276,0.551088684,5,2.2560242,2,1.5710822,1,0,NaN,NaN,NaN,NaN,NaN,1,PAV037
10,2,3,4,1,2,2537,1,0.39941881,0.474123404,5,1.9826725,2,2.5366737,1,1,0,30,10,1,2,1,PAV037
11,2,1,47,0,1,1641,1,0.702300835,0.693688986,5,1.6413656,2,1.6411059,1,0,NaN,NaN,NaN,NaN,NaN,1,PAV037
12,2,2,51,0,2,3577,0,0.513910342,0.548114217,3,0.9730653,0,3.5763556,0,0,NaN,NaN,NaN,NaN,NaN,0,PAV037
13,2,2,17,1,2,2190,1,0.614613958,0.509988422,5,1.3256897,2,2.1896328,1,1,3,10,10,1,15,1,PAV037
14,2,3,18,1,2,3123,1,0.307280336,0.569615585,5,2.6785586,2,3.1224169,1,1,9,10,10,1,15,1,PAV037
15,2,1,7,1,1,3227,0,0.394686947,0.379049386,3,1.5599097,0,3.2271188,0,1,0,20,0,0,3,0,PAV037
16,2,1,29,3,2,2485,0,0.715635947,0.255821446,5,1.4541389,2,2.484935,1,1,0,30,10,1,1,1,PAV037
17,2,1,2,1,2,1699,1,0.506549969,0.511718277,5,1.4464694,2,1.6991918,1,1,0,20,10,1,2,1,PAV037
18,2,2,10,1,0,NaN,0,0.738486997,0.47091291,NaN,NaN,NaN,NaN,0,1,0,20,10,1,3,0,PAV037
19,2,2,1,1,1,3202,0,0.35293175,0.455268102,3,0.7160925,0,3.201076,0,1,0,30,10,1,2,0,PAV037
20,2,1,24,3,2,2680,0,0.446937371,0.635330815,5,1.6119017,2,2.6800002,1,1,0,20,10,1,1,1,PAV037
21,2,1,26,3,2,1603,0,0.275504768,0.483949603,5,2.1416513,2,1.6028727,1,1,0,25,10,1,1,1,PAV037
22,2,2,36,3,1,2360,1,0.256272564,0.376897685,3,1.4253648,0,2.3596932,0,1,1,30,0,0,1,0,PAV037
23,2,2,45,0,0,NaN,0,0.426181876,0.590566395,NaN,NaN,NaN,NaN,0,0,NaN,NaN,NaN,NaN,NaN,0,PAV037
24,2,2,3,1,1,1638,0,0.716745027,0.590850393,3,1.2331748,0,1.6380001,0,1,0,30,10,1,2,0,PAV037
25,2,3,13,1,2,1233,1,0.300564863,0.505167789,5,1.5844519,2,1.2326907,1,1,1,30,30,1,4,1,PAV037
26,2,3,44,0,2,1403,0,0.554259075,0.287783299,5,2.4111292,2,1.4024313,0,0,NaN,NaN,NaN,NaN,NaN,0,PAV037
27,2,3,32,3,2,1348,0,0.285159679,0.460573745,5,1.260811,2,1.3478069,1,1,0,25,10,1,1,1,PAV037
28,2,1,50,0,1,1295,1,0.415286506,0.377438828,5,2.0695242,2,1.2951915,1,0,NaN,NaN,NaN,NaN,NaN,1,PAV037
29,2,1,12,1,2,1174,1,0.531186934,0.623359248,5,1.2727259,2,1.1736243,1,1,1,25,25,1,4,1,PAV037
30,2,2,34,3,2,4800,0,0.700724178,0.343718934,3,0.5735773,0,4.7987112,1,1,0,20,10,1,1,1,PAV037
31,2,2,28,3,1,2902,1,0.287049565,0.536138324,3,1.1928915,0,2.9020431,0,1,0,25,10,1,1,0,PAV037
32,2,3,51,0,2,1397,0,0.740922289,0.251700121,5,1.4886373,2,1.3969951,0,0,NaN,NaN,NaN,NaN,NaN,0,PAV037
33,2,3,12,1,2,3495,1,0.545822023,0.661298008,3,3.5949335,2,3.4944072,1,1,1,30,30,1,4,1,PAV037
34,2,1,49,0,1,1441,1,0.510341542,0.371433361,5,1.6453827,2,1.441058,1,0,NaN,NaN,NaN,NaN,NaN,1,PAV037
35,2,3,31,3,2,3542,0,0.639842594,0.708462732,5,1.6276974,2,3.5417133,1,1,0,25,10,1,1,1,PAV037
36,2,1,1,1,1,2825,0,0.630131776,0.337325639,3,1.0098493,0,2.8249543,0,1,0,25,10,1,2,0,PAV037
37,2,3,45,0,1,4124,1,0.578073262,0.659735809,3,0.6256385,0,4.1240615,1,0,NaN,NaN,NaN,NaN,NaN,1,PAV037
38,2,1,46,0,1,1015,1,0.544640015,0.65549363,5,1.8079966,2,1.0145645,1,0,NaN,NaN,NaN,NaN,NaN,1,PAV037
39,2,2,43,0,2,5459,0,0.42532488,0.252229096,3,0.8154705,0,5.4590686,0,0,NaN,NaN,NaN,NaN,NaN,0,PAV037
40,2,1,30,3,1,1030,1,0.383179786,0.350526459,5,1.7565516,2,1.0298923,0,1,0,30,10,1,1,0,PAV037
41,2,2,14,1,2,4473,1,0.379739941,0.554969195,3,0.7076514,0,4.4724584,1,1,0,25,10,1,4,1,PAV037
42,2,1,17,1,2,1499,1,0.744163732,0.36320155,5,1.2663933,2,1.4991221,1,1,8,10,10,1,15,1,PAV037
43,2,2,54,0,0,NaN,0,0.496279746,0.559365712,NaN,NaN,NaN,NaN,0,0,NaN,NaN,NaN,NaN,NaN,0,PAV037
44,2,2,26,3,1,4316,1,0.46652544,0.338877975,3,0.6615977,0,4.3155644,0,1,1,30,0,0,1,0,PAV037
45,2,3,50,0,1,1346,1,0.697281223,0.46118239,5,0.9369272,2,1.3455083,1,0,NaN,NaN,NaN,NaN,NaN,1,PAV037
46,2,2,12,1,2,3562,1,0.45341835,0.715632456,3,0.9616645,0,3.5622119,1,1,0,25,10,1,4,1,PAV037
47,2,3,33,3,2,1334,0,0.673435198,0.542229853,5,1.7775661,2,1.3335327,1,1,0,20,0,0,1,1,PAV037
48,2,1,31,3,1,1086,1,0.639158461,0.718633258,5,2.3264271,2,1.0862351,0,1,0,25,10,1,1,0,PAV037
49,2,2,15,1,1,6727,0,0.463148607,0.399297947,3,0.7833893,0,6.7271483,0,1,1,20,20,1,4,0,PAV037
50,2,1,10,1,0,NaN,0,0.424535617,0.469347937,NaN,NaN,NaN,NaN,0,1,1,25,25,1,3,0,PAV037
51,2,3,30,3,2,1559,0,0.72443261,0.274105671,5,1.3046333,2,1.5592217,1,1,0,30,10,1,1,1,PAV037
52,2,1,40,0,1,1758,1,0.696176601,0.620986757,3,1.3359472,0,1.7578702,1,0,NaN,NaN,NaN,NaN,NaN,1,PAV037
53,2,1,39,0,1,1487,1,0.438575882,0.567144545,5,1.6650787,2,1.4865743,1,0,NaN,NaN,NaN,NaN,NaN,1,PAV037
54,2,3,27,3,2,1215,0,0.515276822,0.718410371,5,1.3583882,2,1.2146694,1,1,0,20,10,1,1,1,PAV037
55,2,2,46,0,1,4526,1,0.352189871,0.624880412,3,0.9335863,0,4.5257397,1,0,NaN,NaN,NaN,NaN,NaN,1,PAV037
56,2,1,45,0,1,1362,1,0.55987869,0.2534485,5,0.9742766,2,1.3613583,1,0,NaN,NaN,NaN,NaN,NaN,1,PAV037
57,2,2,18,1,2,2638,1,0.747101806,0.74906401,5,1.0755616,2,2.6374484,1,1,8,10,10,1,15,1,PAV037
58,2,1,13,1,2,1477,1,0.618982429,0.678933404,5,0.92117,2,1.4763689,1,1,0,20,10,1,4,1,PAV037
59,2,3,10,1,2,1326,1,0.342571922,0.697522618,5,1.5900976,2,1.3262501,1,1,1,25,25,1,3,1,PAV037
60,2,2,25,3,1,1360,1,0.538490351,0.627350378,3,0.5958679,0,1.3602945,0,1,0,25,10,1,1,0,PAV037
61,2,3,42,0,1,1126,1,0.28140407,0.35130594,5,2.1859494,2,1.1256875,1,0,NaN,NaN,NaN,NaN,NaN,1,PAV037
62,2,3,53,0,1,5141,1,0.744628013,0.273574129,3,0.6953301,0,5.1408543,1,0,NaN,NaN,NaN,NaN,NaN,1,PAV037
63,2,3,6,1,1,4221,0,0.425326196,0.405604493,3,0.9314203,0,4.2209443,0,1,0,30,10,1,3,0,PAV037
64,2,3,46,0,1,955,1,0.59662291,0.726650634,3,0.3054374,0,0.9550807,1,0,NaN,NaN,NaN,NaN,NaN,1,PAV037
65,2,3,35,3,2,1418,0,0.42892765,0.485394672,5,2.5497675,2,1.4182293,1,1,0,30,10,1,1,1,PAV037
66,2,1,52,0,1,1286,1,0.293457129,0.601918951,5,1.1432011,2,1.2860702,1,0,NaN,NaN,NaN,NaN,NaN,1,PAV037
67,2,1,37,3,1,1065,1,0.301968773,0.521473672,5,1.446075,2,1.0642019,0,1,0,30,10,1,1,0,PAV037
68,2,1,36,3,2,1152,0,0.494006755,0.331174748,5,1.2351976,2,1.1515902,1,1,0,25,10,1,1,1,PAV037
69,2,2,31,3,2,3582,0,0.587999163,0.286832125,5,1.6355163,2,3.5814482,1,1,0,20,10,1,1,1,PAV037
70,2,2,4,1,1,6219,0,0.479915276,0.309671036,3,0.7014898,0,6.2183668,0,1,1,30,30,1,2,0,PAV037
71,2,3,3,1,1,1403,0,0.493439856,0.30925846,3,1.5910777,0,1.4030707,0,1,0,25,10,1,2,0,PAV037
72,2,3,54,0,1,6008,1,0.344234446,0.398636293,3,0.9634163,0,6.008105,1,0,NaN,NaN,NaN,NaN,NaN,1,PAV037
73,2,1,48,0,1,1303,1,0.354578674,0.551076699,5,1.4963233,2,1.3032136,1,0,NaN,NaN,NaN,NaN,NaN,1,PAV037
74,2,3,16,1,2,5565,1,0.391622164,0.545552686,3,0.7838773,0,5.5650345,1,1,6,10,10,1,15,1,PAV037
75,2,3,34,3,1,1123,1,0.308723249,0.387040198,5,1.4988826,2,1.1229596,0,1,0,20,10,1,1,0,PAV037
76,2,2,40,0,1,1232,1,0.555454863,0.334935289,5,1.8906534,2,1.2308747,1,0,NaN,NaN,NaN,NaN,NaN,1,PAV037
77,2,3,5,1,1,4126,0,0.253241332,0.333231979,3,2.3447781,2,4.1262215,0,1,0,20,10,1,2,0,PAV037
78,2,2,24,3,0,NaN,0,0.724240009,0.609259441,NaN,NaN,NaN,NaN,0,1,0,30,10,1,1,0,PAV037
1,1,2,12,1,2,2182,1,0.717979843,0.315137611,5,3.6978174,2,2.1811822,1,1,0,25,10,1,4,1,PAV038
2,1,3,50,0,1,1656,1,0.405679207,0.689604493,5,2.370882399,4,1.6560086,1,0,NaN,NaN,NaN,NaN,NaN,1,PAV038
3,1,1,38,3,2,1238,0,0.486408868,0.605162233,5,1.6917423,2,1.2379299,1,1,0,20,10,1,1,1,PAV038
4,1,3,1,1,2,1194,1,0.409740816,0.741533376,5,1.4254071,2,1.193550699,1,1,0,25,10,1,2,1,PAV038
5,1,1,52,0,1,1553,1,0.471778418,0.723380584,5,1.343476,2,1.551674199,1,0,NaN,NaN,NaN,NaN,NaN,1,PAV038
6,1,1,34,3,2,820,0,0.575910848,0.328197805,5,1.0050115,2,0.8194871,1,1,0,25,10,1,1,1,PAV038
7,1,3,34,3,2,1082,0,0.507511157,0.399925771,3,1.1139333,0,1.0692,1,1,0,25,10,1,1,1,PAV038
8,1,2,10,1,2,1700,1,0.261160913,0.617301035,4,2.2265056,1,1.6995075,1,1,0,20,10,1,3,1,PAV038
9,1,1,41,0,1,1174,1,0.686064492,0.64332679,5,2.0948019,2,1.1735309,1,0,NaN,NaN,NaN,NaN,NaN,1,PAV038
10,1,2,31,3,2,2873,0,0.575743015,0.612821367,3,0.7211469,0,2.8727576,1,1,0,20,10,1,1,1,PAV038
11,1,1,7,1,2,848,1,0.419436752,0.491483274,5,0.782358699,2,0.8473968,1,1,0,20,10,1,3,1,PAV038
12,1,2,39,0,1,2673,1,0.706115366,0.412962861,5,0.7737109,2,2.672755,1,0,NaN,NaN,NaN,NaN,NaN,1,PAV038
13,1,1,49,0,1,1002,1,0.343393632,0.428366402,5,0.8300917,2,1.0016278,1,0,NaN,NaN,NaN,NaN,NaN,1,PAV038
14,1,3,53,0,2,825,0,0.683781544,0.40436204,4,1.0267644,1,0.8250644,0,0,NaN,NaN,NaN,NaN,NaN,0,PAV038
15,1,2,36,3,1,1714,1,0.389977107,0.427315062,5,0.9776375,2,1.7139651,0,1,0,20,10,1,1,0,PAV038
16,1,1,55,0,2,1888,0,0.442964292,0.749093226,3,0.4781028,0,1.887798299,0,0,NaN,NaN,NaN,NaN,NaN,0,PAV038
17,1,3,55,0,1,1279,1,0.496936265,0.713706033,5,1.1828728,2,1.2792019,1,0,NaN,NaN,NaN,NaN,NaN,1,PAV038
18,1,2,52,0,1,1431,1,0.611180966,0.726304466,5,1.0816792,2,1.430469,1,0,NaN,NaN,NaN,NaN,NaN,1,PAV038
19,1,2,1,1,2,3149,1,0.616163685,0.369290057,2,1.819236,1,3.1491463,1,1,0,20,10,1,2,1,PAV038
20,1,2,29,3,1,3624,1,0.433618417,0.391525722,3,2.3115784,0,3.6238685,0,1,0,30,10,1,1,0,PAV038
21,1,2,7,1,2,2724,1,0.517462736,0.632573403,2,1.833462301,1,2.724254699,1,1,0,30,10,1,3,1,PAV038
22,1,1,13,1,2,3039,1,0.533244045,0.400468062,2,0.8443519,1,3.038398,1,1,0,25,10,1,4,1,PAV038
23,1,3,49,0,1,1940,1,0.404132994,0.747866814,5,0.854141001,2,1.9396158,1,0,NaN,NaN,NaN,NaN,NaN,1,PAV038
24,1,3,2,1,1,1928,0,0.44504436,0.687148802,2,1.7704427,1,1.9280677,0,1,0,25,10,1,2,0,PAV038
25,1,3,17,1,2,632,1,0.501133856,0.369529645,3,0.0465843,0,0.632300801,1,1,9,10,10,1,15,1,PAV038
26,1,1,26,3,1,2678,1,0.567495666,0.284619183,3,1.7594474,0,2.6781051,0,1,0,20,10,1,1,0,PAV038
27,1,2,35,3,1,2030,1,0.275885928,0.663989561,5,1.0671752,2,2.0200922,0,1,0,25,10,1,1,0,PAV038
28,1,3,10,1,2,1048,1,0.308499406,0.545407565,5,0.894155401,2,1.045803901,1,1,0,25,10,1,3,1,PAV038
29,1,3,39,0,1,3152,1,0.507794925,0.534373408,3,0.8401621,0,3.151336101,1,0,NaN,NaN,NaN,NaN,NaN,1,PAV038
30,1,3,18,1,2,801,1,0.400037198,0.388783313,5,0.797386699,2,0.800632601,1,1,9,10,10,1,15,1,PAV038
31,1,1,40,0,1,1375,1,0.639889436,0.264316133,5,0.9924393,2,1.3746947,1,0,NaN,NaN,NaN,NaN,NaN,1,PAV038
32,1,3,11,1,1,2080,0,0.602575864,0.412828247,5,1.4137805,2,2.076199801,0,1,0,30,10,1,4,0,PAV038
33,1,2,53,0,2,1006,0,0.433810602,0.356460556,4,0.8761389,1,1.0058402,0,0,NaN,NaN,NaN,NaN,NaN,0,PAV038
34,1,3,24,3,2,1381,0,0.306297537,0.673344356,4,1.183902401,1,1.380558399,1,1,0,30,10,1,1,1,PAV038
35,1,2,55,0,1,1040,1,0.443805896,0.450960911,5,1.280293101,2,1.0394044,1,0,NaN,NaN,NaN,NaN,NaN,1,PAV038
36,1,3,6,1,2,853,1,0.320969277,0.480362305,5,0.887383901,2,0.8524167,1,1,0,30,10,1,3,1,PAV038
37,1,3,35,3,2,720,0,0.735202601,0.393005324,5,0.8018872,2,0.7196341,1,1,0,20,10,1,1,1,PAV038
38,1,3,12,1,1,719,0,0.273794687,0.583393513,5,0.7297101,2,0.7193421,0,1,1,30,30,1,4,0,PAV038
39,1,1,15,1,1,1378,0,0.589199394,0.442736258,4,1.205959001,1,1.3777476,0,1,0,25,10,1,4,0,PAV038
40,1,3,66,0,1,1346,1,0.300344635,0.480202758,5,0.7844113,2,1.3460859,1,0,NaN,NaN,NaN,NaN,NaN,1,PAV038
41,1,3,47,0,2,1001,0,0.581258759,0.352545733,5,0.7395812,2,1.001172001,0,0,NaN,NaN,NaN,NaN,NaN,0,PAV038
42,1,3,13,1,1,1034,0,0.544367816,0.665584848,5,1.0928727,2,1.0333538,0,1,0,20,10,1,4,0,PAV038
43,1,2,30,3,2,751,0,0.284748932,0.39966556,5,0.8252024,2,0.7509508,1,1,0,25,10,1,1,1,PAV038
44,1,1,17,1,2,975,1,0.742033142,0.444597776,5,0.7449886,2,0.9747676,1,1,10,10,10,1,15,1,PAV038
45,1,2,9,1,2,1779,1,0.371499512,0.747014646,4,1.1557924,1,1.7790872,1,1,1,25,25,1,3,1,PAV038
46,1,3,30,3,2,1345,0,0.368438267,0.685700075,5,0.8709955,2,1.3451139,1,1,0,20,10,1,1,1,PAV038
47,1,1,46,0,1,1181,1,0.355478473,0.692965494,5,0.9007068,2,1.180375,1,0,NaN,NaN,NaN,NaN,NaN,1,PAV038
48,1,1,32,3,1,2125,1,0.375988274,0.447757207,1,2.176797399,2,2.1251133,0,1,0,20,10,1,1,0,PAV038
49,1,1,25,3,1,1400,1,0.312989013,0.462234004,5,0.8197826,2,1.3996281,0,1,0,30,10,1,1,0,PAV038
50,1,3,25,3,1,2306,1,0.56631179,0.509709338,5,0.8632775,2,2.3062971,0,1,0,25,10,1,1,0,PAV038
51,1,1,42,0,1,1085,1,0.677906527,0.385939879,5,1.0018768,2,1.0734348,1,0,NaN,NaN,NaN,NaN,NaN,1,PAV038
52,1,1,12,1,2,1145,1,0.401455014,0.266373839,5,0.849913,2,1.145302599,1,1,1,20,20,1,4,1,PAV038
53,1,1,29,3,1,927,1,0.618787836,0.63864747,5,0.858626,2,0.9267244,0,1,0,25,10,1,1,0,PAV038
54,1,2,25,3,1,2324,1,0.402743207,0.563661552,2,1.6617791,1,2.3238569,0,1,0,20,10,1,1,0,PAV038
55,1,3,36,3,2,2305,0,0.619334631,0.299129603,3,2.5305595,2,2.304449201,1,1,0,20,10,1,1,1,PAV038
56,1,2,48,0,2,1815,0,0.675046705,0.657202024,4,1.193447799,1,1.8151272,0,0,NaN,NaN,NaN,NaN,NaN,0,PAV038
57,1,3,33,3,2,858,0,0.275510721,0.609853908,5,0.848475699,2,0.8582362,1,1,0,30,10,1,1,1,PAV038
58,1,1,18,1,2,766,1,0.397554368,0.579706255,5,0.986367,2,0.765453001,1,1,9,10,10,1,15,1,PAV038
59,1,2,42,0,1,1388,1,0.654403162,0.533182176,5,0.898476699,2,1.3872737,1,0,NaN,NaN,NaN,NaN,NaN,1,PAV038
60,1,2,24,3,1,1300,1,0.283977874,0.693433697,5,0.7820055,2,1.2992643,0,1,0,30,10,1,1,0,PAV038
61,1,1,2,1,2,1851,1,0.443427232,0.389124229,3,1.258858301,0,1.8504092,1,1,0,30,10,1,2,1,PAV038
62,1,2,11,1,1,1961,0,0.572875048,0.403730946,3,0.4942919,0,1.961029001,0,1,1,25,25,1,4,0,PAV038
63,1,2,17,1,2,733,1,0.574384455,0.677023708,5,0.9290137,2,0.7330945,1,1,10,10,10,1,15,1,PAV038
64,1,2,46,0,1,1463,1,0.492174934,0.73845811,2,2.7505977,5,1.462407,1,0,NaN,NaN,NaN,NaN,NaN,1,PAV038
65,1,1,8,1,1,2957,0,0.411023224,0.512367791,5,1.3587563,2,2.9569081,0,1,0,25,10,1,3,0,PAV038
66,1,1,24,3,2,903,0,0.393586392,0.550547675,5,0.8316187,2,0.9027346,1,1,0,30,10,1,1,1,PAV038
67,1,1,5,1,1,1223,0,0.450701361,0.567072331,5,0.7751804,2,1.2232085,0,1,0,25,10,1,2,0,PAV038
68,1,3,40,0,1,1060,1,0.428266345,0.590995658,5,0.7699279,2,1.0593718,1,0,NaN,NaN,NaN,NaN,NaN,1,PAV038
69,1,3,56,0,2,1279,0,0.351956911,0.477545935,4,0.6325906,1,1.2784719,0,0,NaN,NaN,NaN,NaN,NaN,0,PAV038
70,1,2,56,0,2,3261,0,0.46196854,0.314337048,3,1.0478474,0,3.260671601,0,0,NaN,NaN,NaN,NaN,NaN,0,PAV038
71,1,1,47,0,1,1374,1,0.354604701,0.465089494,2,1.3021561,1,1.374077099,1,0,NaN,NaN,NaN,NaN,NaN,1,PAV038
72,1,2,43,0,2,690,0,0.465224886,0.457213489,5,0.708360299,2,0.689897,0,0,NaN,NaN,NaN,NaN,NaN,0,PAV038
73,1,1,45,0,1,1726,1,0.429685555,0.433300513,5,0.834203,2,1.7259843,1,0,NaN,NaN,NaN,NaN,NaN,1,PAV038
74,1,2,13,1,2,1296,1,0.634919913,0.723945556,4,0.9906466,1,1.296325,1,1,0,25,10,1,4,1,PAV038
75,1,2,15,1,2,789,1,0.499864231,0.387732807,5,0.711643101,2,0.7893353,1,1,0,30,10,1,4,1,PAV038
1,2,2,4,1,2,2751,1,0.74414276,0.382188163,3,3.1684711,2,2.750059701,1,1,0,25,10,1,2,1,PAV038
2,2,3,3,1,1,1328,0,0.564627257,0.37463423,5,0.771179399,2,1.3274058,0,1,0,25,10,1,2,0,PAV038
3,2,2,32,3,1,1186,1,0.344219624,0.395488002,5,0.7654491,2,1.1862331,0,1,0,25,10,1,1,0,PAV038
4,2,3,44,0,2,890,0,0.303504931,0.366179009,4,0.8086552,1,0.890020899,0,0,NaN,NaN,NaN,NaN,NaN,0,PAV038
5,2,3,7,1,2,758,1,0.708381795,0.527688386,5,0.5550032,2,0.7580508,1,1,0,30,10,1,3,1,PAV038
6,2,2,45,0,1,1150,1,0.599830154,0.395313271,5,0.7708972,2,1.1452433,1,0,NaN,NaN,NaN,NaN,NaN,1,PAV038
7,2,2,18,1,2,689,1,0.532923239,0.724350192,5,0.6169082,2,0.6827112,1,1,8,10,10,1,15,1,PAV038
8,2,3,38,3,1,968,1,0.723981784,0.665286807,5,0.8872884,2,0.9678477,0,1,0,30,10,1,1,0,PAV038
9,2,1,9,1,1,1873,0,0.505449247,0.550830893,2,1.4147374,1,1.872896501,0,1,0,25,10,1,3,0,PAV038
10,2,2,38,3,2,2066,0,0.627312001,0.297184494,3,0.5619355,0,2.0654763,1,1,0,25,10,1,1,1,PAV038
11,2,2,40,0,1,1053,1,0.674767146,0.728826994,5,0.8322071,2,1.052907401,1,0,NaN,NaN,NaN,NaN,NaN,1,PAV038
12,2,1,56,0,1,1030,1,0.568659987,0.393876371,5,0.7248843,2,1.0293507,1,0,NaN,NaN,NaN,NaN,NaN,1,PAV038
13,2,1,37,3,1,822,1,0.511072925,0.672719424,5,0.718878901,2,0.821590601,0,1,0,30,10,1,1,0,PAV038
14,2,2,47,0,2,1958,0,0.282490993,0.28576156,3,0.54125,0,1.9582365,0,0,NaN,NaN,NaN,NaN,NaN,0,PAV038
15,2,3,5,1,1,916,0,0.284452945,0.650818193,5,0.9784765,2,0.9160949,0,1,0,20,10,1,2,0,PAV038
16,2,1,48,0,1,978,1,0.375184179,0.376870665,5,0.6959674,2,0.978128401,1,0,NaN,NaN,NaN,NaN,NaN,1,PAV038
17,2,2,6,1,1,1312,0,0.739483352,0.619780899,5,0.9523043,2,1.311334301,0,1,0,30,10,1,3,0,PAV038
18,2,3,45,0,2,1893,0,0.683046297,0.647228952,3,0.651886701,0,1.892519999,0,0,NaN,NaN,NaN,NaN,NaN,0,PAV038
19,2,1,39,0,1,828,1,0.4759921,0.586344924,5,0.7647993,2,0.827800401,1,0,NaN,NaN,NaN,NaN,NaN,1,PAV038
20,2,3,9,1,2,1210,1,0.358450306,0.30733476,4,1.1723999,1,1.2100919,1,1,0,20,10,1,3,1,PAV038
21,2,3,42,0,1,890,1,0.3314594,0.602415004,5,0.9477199,2,0.8896569,1,0,NaN,NaN,NaN,NaN,NaN,1,PAV038
22,2,2,3,1,2,566,1,0.501469777,0.634181621,5,0.6062534,2,0.565502101,1,1,0,20,10,1,2,1,PAV038
23,2,1,54,0,1,2655,1,0.506462934,0.514332723,2,2.051313199,1,2.654629701,1,0,NaN,NaN,NaN,NaN,NaN,1,PAV038
24,2,3,37,3,1,1730,1,0.496759008,0.526589706,5,0.7733054,2,1.729779799,0,1,0,30,10,1,1,0,PAV038
25,2,3,26,3,1,886,1,0.268739452,0.715772446,5,0.9686283,2,0.8860125,0,1,0,20,10,1,1,0,PAV038
26,2,1,3,1,2,2271,1,0.556769641,0.496576155,4,2.069556001,1,2.2706064,1,1,0,30,10,1,2,1,PAV038
27,2,3,28,3,2,1626,0,0.727501563,0.274403288,3,1.6292471,0,1.626221,1,1,0,25,10,1,1,1,PAV038
28,2,3,54,0,1,1736,1,0.543972964,0.43757132,2,1.595810601,1,1.7355341,1,0,NaN,NaN,NaN,NaN,NaN,1,PAV038
29,2,2,37,3,2,637,0,0.323998448,0.415900949,5,0.8000787,2,0.6371686,1,1,0,30,10,1,1,1,PAV038
30,2,3,15,1,1,944,0,0.525150769,0.661532543,5,1.0228414,2,0.9434652,0,1,0,30,10,1,4,0,PAV038
31,2,1,11,1,2,1453,1,0.73312951,0.65840642,5,1.38289,2,1.452458,1,1,0,30,10,1,4,1,PAV038
32,2,2,51,0,1,1310,1,0.564132031,0.542743611,5,0.970757101,2,1.3087098,1,0,NaN,NaN,NaN,NaN,NaN,1,PAV038
33,2,1,33,3,1,3200,1,0.350293967,0.602263668,2,1.7790571,1,3.1994084,0,1,0,20,10,1,1,0,PAV038
34,2,2,50,0,2,923,0,0.640376461,0.372228922,5,0.8191203,2,0.9232946,0,0,NaN,NaN,NaN,NaN,NaN,0,PAV038
35,2,2,2,1,1,1109,0,0.390392572,0.555174565,5,0.7397099,2,1.1090186,0,1,0,30,10,1,2,0,PAV038
36,2,3,48,0,2,3105,0,0.410206191,0.704973554,3,1.0316107,0,3.104677401,0,0,NaN,NaN,NaN,NaN,NaN,0,PAV038
37,2,3,41,0,2,1699,0,0.65560254,0.512947281,3,1.2659093,0,1.6985939,0,0,NaN,NaN,NaN,NaN,NaN,0,PAV038
38,2,2,33,3,1,945,1,0.4983668,0.653873775,5,0.774188,2,0.9408046,0,1,0,30,10,1,1,0,PAV038
39,2,3,29,3,2,3605,0,0.321295859,0.693591832,4,0.7338724,1,3.6049408,1,1,0,30,10,1,1,1,PAV038
40,2,3,52,0,1,804,1,0.317022153,0.421307335,5,0.710035999,2,0.8042257,1,0,NaN,NaN,NaN,NaN,NaN,1,PAV038
41,2,2,28,3,1,1413,1,0.578701453,0.699766379,5,1.804837,2,1.413209501,0,1,0,20,10,1,1,0,PAV038
42,2,1,4,1,1,1035,0,0.343026862,0.325811652,5,0.988737,2,1.0344166,0,1,0,30,10,1,2,0,PAV038
43,2,2,44,0,1,976,1,0.290220413,0.279172153,5,0.8067531,2,0.976062301,1,0,NaN,NaN,NaN,NaN,NaN,1,PAV038
44,2,2,34,3,2,2139,0,0.283621669,0.425778527,3,1.677758399,0,2.1287554,1,1,0,20,10,1,1,1,PAV038
45,2,3,27,3,1,3488,1,0.493114086,0.524574852,4,1.9053962,3,3.4881233,0,1,0,25,10,1,1,0,PAV038
46,2,2,26,3,1,2471,1,0.615789996,0.483374654,5,0.8868473,2,2.470563499,0,1,0,25,10,1,1,0,PAV038
47,2,1,50,0,1,1083,1,0.515724524,0.493357698,5,0.7768714,2,1.0824207,1,0,NaN,NaN,NaN,NaN,NaN,1,PAV038
48,2,1,16,1,2,921,1,0.650911141,0.609155356,5,0.7272499,2,0.9212163,1,1,10,10,10,1,15,1,PAV038
49,2,2,8,1,2,2631,1,0.411403799,0.512202204,4,1.1716352,1,2.6313416,1,1,1,30,30,1,3,1,PAV038
50,2,2,27,3,1,858,1,0.619973031,0.529583286,5,0.7538011,2,0.8575618,0,1,0,30,10,1,1,0,PAV038
51,2,2,41,0,1,945,1,0.654948373,0.348407985,5,0.7479808,2,0.9441983,1,0,NaN,NaN,NaN,NaN,NaN,1,PAV038
52,2,1,51,0,2,1399,0,0.358930851,0.739093138,3,1.4584912,0,1.3984201,0,0,NaN,NaN,NaN,NaN,NaN,0,PAV038
53,2,1,27,3,1,1009,1,0.332096249,0.400569198,5,0.8345566,2,1.0091617,0,1,0,25,10,1,1,0,PAV038
54,2,2,16,1,2,1222,1,0.386512596,0.49125328,4,0.6597779,1,1.2214097,1,1,8,10,10,1,15,1,PAV038
55,2,3,32,3,1,908,1,0.439398935,0.401370468,5,0.828125601,2,0.9077727,0,1,0,20,10,1,1,0,PAV038
56,2,3,8,1,1,2798,0,0.255285865,0.717981855,3,1.9273063,0,2.7977724,0,1,1,20,20,1,3,0,PAV038
57,2,2,49,0,2,746,0,0.614103584,0.570704634,5,1.4006523,2,0.745920501,0,0,NaN,NaN,NaN,NaN,NaN,0,PAV038
58,2,1,14,1,2,1335,1,0.284462841,0.43016592,4,0.9876384,1,1.3347386,1,1,0,20,10,1,4,1,PAV038
59,2,3,31,3,1,1060,1,0.38482111,0.541617216,2,1.543949299,1,1.060344,0,1,0,25,10,1,1,0,PAV038
60,2,2,54,0,1,1929,1,0.44156549,0.44748554,5,1.1558137,2,1.9289457,1,0,NaN,NaN,NaN,NaN,NaN,1,PAV038
61,2,3,14,1,1,1117,0,0.648238291,0.623860745,5,0.8124407,2,1.107281,0,1,0,20,10,1,4,0,PAV038
62,2,1,44,0,1,1730,1,0.648588787,0.605382058,5,1.105288301,2,1.7244938,1,0,NaN,NaN,NaN,NaN,NaN,1,PAV038
63,2,1,1,1,1,1838,0,0.617776123,0.611100211,2,0.974488799,1,1.837581,0,1,0,30,10,1,2,0,PAV038
64,2,1,53,0,1,885,1,0.49386855,0.408773738,5,0.7908603,2,0.8849418,1,0,NaN,NaN,NaN,NaN,NaN,1,PAV038
65,2,2,5,1,1,969,0,0.626668283,0.363122171,5,0.723215,2,0.9689696,0,1,0,20,10,1,2,0,PAV038
66,2,1,30,3,1,1084,1,0.659670108,0.529386936,5,0.7502277,2,1.0842962,0,1,0,30,10,1,1,0,PAV038
67,2,1,10,1,1,1073,0,0.451333429,0.429604742,5,0.7360372,2,1.0724393,0,1,0,25,10,1,3,0,PAV038
68,2,3,4,1,1,938,0,0.363068036,0.709597339,5,0.717229201,2,0.9304735,0,1,0,20,10,1,2,0,PAV038
69,2,1,43,0,1,1089,1,0.371794364,0.322551247,5,0.733068801,2,1.0882024,1,0,NaN,NaN,NaN,NaN,NaN,1,PAV038
70,2,1,31,3,2,1328,0,0.507493663,0.468000838,5,2.0408429,2,1.328107,1,1,0,20,10,1,1,1,PAV038
71,2,1,36,3,1,1106,1,0.474682081,0.415117638,3,0.7443111,0,1.106328201,0,1,0,30,10,1,1,0,PAV038
72,2,3,16,1,2,2106,1,0.550780328,0.714171605,4,1.3224761,1,2.1056247,1,1,10,10,10,1,15,1,PAV038
73,2,1,28,3,2,1296,0,0.49668839,0.679949648,2,1.555660301,1,1.295849101,1,1,0,25,10,1,1,1,PAV038
74,2,1,6,1,1,931,0,0.483477948,0.480909161,4,1.3566102,1,0.924948701,0,1,0,20,10,1,3,0,PAV038
75,2,1,35,3,2,1377,0,0.460457464,0.739555848,4,0.7802645,1,1.3764922,1,1,0,25,10,1,1,1,PAV038
76,2,2,14,1,1,2422,0,0.417789489,0.551273052,3,1.076996599,0,2.4223145,0,1,1,20,20,1,4,0,PAV038
77,2,3,46,0,1,906,1,0.384412684,0.524061351,5,0.7288209,2,0.8973049,1,0,NaN,NaN,NaN,NaN,NaN,1,PAV038
78,2,3,51,0,2,3706,0,0.350985385,0.744075956,3,1.3085388,0,3.705762899,0,0,NaN,NaN,NaN,NaN,NaN,0,PAV038
1,1,1,51,0,1,2835,1,0.495347678,0.464613246,4,3.6295246,1,2.8347399,1,0,NaN,NaN,NaN,NaN,NaN,1,PAV042
2,1,3,54,0,2,3857,0,0.747355653,0.305244349,3,2.1152664,0,3.8565303,0,0,NaN,NaN,NaN,NaN,NaN,0,PAV042
3,1,1,40,0,1,2348,1,0.631199236,0.601846618,3,3.8995233,0,2.3473521,1,0,NaN,NaN,NaN,NaN,NaN,1,PAV042
4,1,2,41,0,1,1448,1,0.539229169,0.517553991,4,2.8077545,3,1.447494199,1,0,NaN,NaN,NaN,NaN,NaN,1,PAV042
5,1,2,48,0,1,2236,1,0.384170724,0.548608636,3,1.5155918,0,2.2345227,1,0,NaN,NaN,NaN,NaN,NaN,1,PAV042
6,1,1,49,0,1,974,1,0.276886091,0.56194119,5,1.4399244,2,0.973337799,1,0,NaN,NaN,NaN,NaN,NaN,1,PAV042
7,1,2,14,1,2,2768,1,0.400300782,0.584141247,3,1.5401031,0,2.7678729,1,1,1,20,20,1,4,1,PAV042
8,1,2,42,0,1,1274,1,0.421094438,0.475638015,5,0.9131023,2,1.273780799,1,0,NaN,NaN,NaN,NaN,NaN,1,PAV042
9,1,1,26,3,1,1398,1,0.293709735,0.30708246,4,2.289077099,1,1.3973484,0,1,0,30,10,1,1,0,PAV042
10,1,2,53,0,1,1443,1,0.692044757,0.622590555,3,1.2408989,0,1.442353699,1,0,NaN,NaN,NaN,NaN,NaN,1,PAV042
11,1,1,8,1,1,1044,0,0.346302295,0.562798253,3,2.383904501,0,1.043443,0,1,0,25,10,1,3,0,PAV042
12,1,2,17,1,2,1123,1,0.394109593,0.570109482,4,0.847149299,1,1.1223418,1,1,7,10,10,1,15,1,PAV042
13,1,1,12,1,2,901,1,0.344713678,0.745136627,5,0.7631757,2,0.9008212,1,1,1,25,25,1,4,1,PAV042
14,1,2,7,1,2,2253,1,0.51728475,0.396116055,4,0.741896,1,2.252830501,1,1,1,25,25,1,3,1,PAV042
15,1,3,66,0,1,717,1,0.732332863,0.347924031,4,0.6494299,1,0.7169882,1,0,NaN,NaN,NaN,NaN,NaN,1,PAV042
16,1,1,13,1,2,1218,1,0.532246246,0.69801957,3,1.455451099,2,1.217928,1,1,1,25,25,1,4,1,PAV042
17,1,1,37,3,1,807,1,0.407030908,0.293011407,5,0.9622015,2,0.8071442,0,1,0,30,10,1,1,0,PAV042
18,1,2,2,1,2,1092,1,0.519428777,0.367305913,5,0.8441926,2,1.0914471,1,1,1,30,30,1,2,1,PAV042
19,1,3,12,1,2,968,1,0.571447279,0.688925607,5,0.7107707,2,0.9666114,1,1,1,30,30,1,4,1,PAV042
20,1,1,41,0,1,807,1,0.566356047,0.746306422,5,0.663412401,2,0.8071403,1,0,NaN,NaN,NaN,NaN,NaN,1,PAV042
21,1,2,26,3,1,1530,1,0.320080436,0.537283509,4,0.983713199,1,1.530228,0,1,0,30,10,1,1,0,PAV042
22,1,3,24,3,2,3512,0,0.333753627,0.470010738,3,0.312361,0,3.5117843,1,1,0,25,10,1,1,1,PAV042
23,1,2,40,0,1,2553,1,0.297578059,0.539859233,4,1.7362657,1,2.5525748,1,0,NaN,NaN,NaN,NaN,NaN,1,PAV042
24,1,3,9,1,2,920,1,0.478827414,0.572833891,5,0.5168715,2,0.9202026,1,1,0,25,10,1,3,1,PAV042
25,1,1,6,1,2,1140,1,0.598637732,0.324222369,3,0.2731661,0,1.1399467,1,1,0,25,10,1,3,1,PAV042
26,1,1,52,0,1,3197,1,0.531834664,0.315458263,3,1.3558553,0,3.1961074,1,0,NaN,NaN,NaN,NaN,NaN,1,PAV042
27,1,3,51,0,2,971,0,0.432341517,0.314672699,4,1.9258078,1,0.9711462,0,0,NaN,NaN,NaN,NaN,NaN,0,PAV042
28,1,2,56,0,1,1640,1,0.313724708,0.520852342,2,2.7811458,1,1.6394807,1,0,NaN,NaN,NaN,NaN,NaN,1,PAV042
29,1,2,43,0,1,2266,1,0.579301651,0.406716657,2,1.275747,1,2.262743,1,0,NaN,NaN,NaN,NaN,NaN,1,PAV042
30,1,3,38,3,1,3014,1,0.303165325,0.494954787,3,0.5451414,0,3.0139995,0,1,0,25,10,1,1,0,PAV042
31,1,2,29,3,1,1066,1,0.561405079,0.605048167,3,0.54823,0,1.066031501,0,1,0,20,10,1,1,0,PAV042
32,1,3,26,3,2,2294,0,0.397407823,0.547629805,4,0.572062899,1,2.293509101,1,1,0,20,10,1,1,1,PAV042
33,1,3,28,3,2,1055,0,0.39560032,0.63409795,4,0.6960281,1,1.054305901,1,1,1,20,0,0,1,1,PAV042
34,1,1,9,1,1,2100,0,0.607279241,0.749138657,2,1.678685799,1,2.1001866,0,1,0,20,10,1,3,0,PAV042
35,1,1,48,0,1,1545,1,0.606208484,0.514882132,4,0.604431299,1,1.5450385,1,0,NaN,NaN,NaN,NaN,NaN,1,PAV042
36,1,3,1,1,2,1135,1,0.633228816,0.495119104,4,0.7072713,1,1.1343944,1,1,1,20,20,1,2,1,PAV042
37,1,2,18,1,2,1042,1,0.260106643,0.557587109,5,0.7374554,2,1.0418191,1,1,7,10,10,1,15,1,PAV042
38,1,3,37,3,1,1040,1,0.671252844,0.702923217,4,0.5039277,1,1.039363599,0,1,0,20,10,1,1,0,PAV042
39,1,3,36,3,1,1336,1,0.462190076,0.508858454,4,0.5008619,1,1.336163,0,1,0,20,10,1,1,0,PAV042
40,1,2,11,1,2,1110,1,0.443751593,0.533548945,5,0.579394599,2,1.1096027,1,1,0,30,10,1,4,1,PAV042
41,1,1,2,1,2,858,1,0.457608014,0.292924237,4,0.6054505,1,0.85782,1,1,0,30,10,1,2,1,PAV042
42,1,2,32,3,1,760,1,0.473998721,0.251434634,4,0.4628133,1,0.7603611,0,1,0,30,10,1,1,0,PAV042
43,1,1,31,3,1,929,1,0.363011292,0.466905272,4,0.6576834,1,0.9288565,0,1,0,20,10,1,1,0,PAV042
44,1,1,28,3,2,2890,0,0.647291916,0.674666913,2,0.8747612,1,2.8893684,1,1,0,25,10,1,1,1,PAV042
45,1,1,38,3,1,2642,1,0.534030011,0.712165482,3,0.8264602,0,2.6296516,0,1,0,20,10,1,1,0,PAV042
46,1,1,29,3,2,1419,0,0.579134205,0.714812011,4,0.4474404,1,1.4153413,1,1,0,20,10,1,1,1,PAV042
47,1,3,8,1,2,905,1,0.308920244,0.728711788,5,0.5130096,2,0.904868,1,1,0,20,10,1,3,1,PAV042
48,1,3,46,0,1,898,1,0.348208431,0.313905093,4,3.278957901,3,0.8981798,1,0,NaN,NaN,NaN,NaN,NaN,1,PAV042
49,1,3,53,0,2,853,0,0.54491706,0.726254716,4,0.4858781,1,0.853252499,0,0,NaN,NaN,NaN,NaN,NaN,0,PAV042
50,1,3,11,1,1,3923,0,0.698437079,0.488668431,3,0.6175538,0,3.9230158,0,1,0,25,10,1,4,0,PAV042
51,1,2,46,0,1,1008,1,0.545857058,0.341833628,5,0.422869501,2,1.008308,1,0,NaN,NaN,NaN,NaN,NaN,1,PAV042
52,1,1,16,1,2,859,1,0.45873241,0.49199572,5,0.4515072,2,0.8591907,1,1,9,10,10,1,15,1,PAV042
53,1,3,2,1,2,1070,1,0.433110713,0.688018786,5,0.9224884,2,1.0700982,1,1,0,20,10,1,2,1,PAV042
54,1,2,4,1,2,777,1,0.54899497,0.335969418,5,0.7501096,2,0.7767097,1,1,0,30,10,1,2,1,PAV042
55,1,3,4,1,1,1215,0,0.59088281,0.503140639,4,0.4481748,1,1.204549899,0,1,0,20,10,1,2,0,PAV042
56,1,3,40,0,1,744,1,0.693586813,0.527373693,4,0.585103501,1,0.743608399,1,0,NaN,NaN,NaN,NaN,NaN,1,PAV042
57,1,2,15,1,2,2307,1,0.540245292,0.261710243,3,0.2177576,0,2.307118299,1,1,1,20,20,1,4,1,PAV042
58,1,3,16,1,2,2991,1,0.44012187,0.398010406,2,0.9054472,1,2.990865299,1,1,7,10,10,1,15,1,PAV042
59,1,2,55,0,1,1057,1,0.553751212,0.400173773,4,0.4997723,1,1.0570913,1,0,NaN,NaN,NaN,NaN,NaN,1,PAV042
60,1,1,42,0,1,1313,1,0.494264098,0.547386173,3,0.3108226,0,1.3130463,1,0,NaN,NaN,NaN,NaN,NaN,1,PAV042
61,1,2,33,3,1,1838,1,0.670629549,0.4569874,4,1.0257251,1,1.838146101,0,1,0,30,10,1,1,0,PAV042
62,1,2,31,3,2,950,0,0.315682445,0.326055552,5,0.6488918,2,0.9500225,1,1,0,25,10,1,1,1,PAV042
63,1,1,44,0,1,2400,1,0.683850017,0.743249945,3,0.4973827,0,2.3995311,1,0,NaN,NaN,NaN,NaN,NaN,1,PAV042
64,1,2,13,1,2,2022,1,0.385355357,0.429661561,4,0.6002067,1,2.0221624,1,1,1,25,25,1,4,1,PAV042
65,1,3,48,0,1,1078,1,0.543318511,0.593910644,4,1.5791846,1,1.077871799,1,0,NaN,NaN,NaN,NaN,NaN,1,PAV042
66,1,3,39,0,1,2550,1,0.331969171,0.501208285,4,0.673770799,1,2.549841099,1,0,NaN,NaN,NaN,NaN,NaN,1,PAV042
67,1,2,30,3,2,2211,0,0.416825204,0.483184573,3,0.1734788,0,2.2112087,1,1,0,30,10,1,1,1,PAV042
68,1,1,47,0,1,1312,1,0.260691647,0.347779886,4,1.3764931,1,1.3121678,1,0,NaN,NaN,NaN,NaN,NaN,1,PAV042
69,1,3,18,1,2,984,1,0.413960321,0.730439495,4,0.3834407,1,0.9837759,1,1,7,10,10,1,15,1,PAV042
70,1,3,34,3,2,782,0,0.37086868,0.653679224,5,0.560231499,2,0.7814467,1,1,0,25,10,1,1,1,PAV042
71,1,1,11,1,2,1795,1,0.432384743,0.251864405,2,0.4110804,1,1.794791301,1,1,0,20,10,1,4,1,PAV042
72,1,1,24,3,2,1358,0,0.395922324,0.376724744,5,0.5910819,2,1.357439,1,1,0,25,10,1,1,1,PAV042
73,1,2,34,3,2,630,0,0.305377828,0.263768238,5,0.465576899,2,0.630128901,1,1,0,20,10,1,1,1,PAV042
74,1,3,52,0,2,3983,0,0.349045157,0.419059477,3,0.240665999,0,3.9824607,0,0,NaN,NaN,NaN,NaN,NaN,0,PAV042
75,1,1,7,1,2,1034,1,0.469703291,0.523223446,5,0.4259794,2,1.0338872,1,1,1,30,30,1,3,1,PAV042
1,2,3,17,1,2,2648,1,0.695197052,0.701666689,4,1.2247595,1,2.647315701,1,1,8,10,10,1,15,1,PAV042
2,2,1,1,1,2,2629,1,0.340689924,0.436940942,4,0.7802385,1,2.6289919,1,1,0,30,10,1,2,1,PAV042
3,2,1,14,1,2,857,1,0.451353953,0.481469044,5,1.2444565,2,0.8568795,1,1,0,20,10,1,4,1,PAV042
4,2,3,6,1,2,935,1,0.485779463,0.4444447,4,0.5768565,1,0.9348,1,1,0,20,10,1,3,1,PAV042
5,2,3,29,3,1,1056,1,0.350226457,0.552643968,3,0.9922036,0,1.0555494,0,1,0,30,10,1,1,0,PAV042
6,2,2,6,1,2,676,1,0.3867572,0.470510936,5,0.906838699,2,0.6758912,1,1,1,30,30,1,3,1,PAV042
7,2,3,27,3,2,707,0,0.524723781,0.510020606,5,0.450754001,2,0.6984116,1,1,0,30,10,1,1,1,PAV042
8,2,2,54,0,1,1160,1,0.517468605,0.717372042,3,0.5811203,0,1.1595667,1,0,NaN,NaN,NaN,NaN,NaN,1,PAV042
9,2,2,51,0,1,1331,1,0.455600735,0.616361687,4,0.5447226,1,1.3305521,1,0,NaN,NaN,NaN,NaN,NaN,1,PAV042
10,2,1,32,3,1,2651,1,0.692459674,0.294162435,4,1.5209819,3,2.6505581,0,1,0,20,10,1,1,0,PAV042
11,2,3,33,3,2,819,0,0.274250157,0.679487378,4,0.6275185,1,0.8190592,1,1,0,30,10,1,1,1,PAV042
12,2,1,25,3,2,2239,0,0.689225131,0.726725047,4,0.5286291,1,2.2384129,1,1,0,25,10,1,1,1,PAV042
13,2,1,27,3,1,1025,1,0.657464647,0.518370334,4,0.585427901,1,1.0243774,0,1,0,30,10,1,1,0,PAV042
14,2,3,5,1,1,772,0,0.742081204,0.623820477,4,0.391670301,1,0.7626532,0,1,0,30,10,1,2,0,PAV042
15,2,3,41,0,2,901,0,0.723541188,0.43616637,4,0.5603497,1,0.9004154,0,0,NaN,NaN,NaN,NaN,NaN,0,PAV042
16,2,3,42,0,1,1214,1,0.285566567,0.35011725,4,0.6250305,1,1.2141505,1,0,NaN,NaN,NaN,NaN,NaN,1,PAV042
17,2,2,36,3,1,1239,1,0.309249046,0.457487765,4,0.491961299,1,1.232296,0,1,0,25,10,1,1,0,PAV042
18,2,3,10,1,2,743,1,0.671357807,0.525444588,4,1.0572842,1,0.742366999,1,1,1,30,30,1,3,1,PAV042
19,2,2,39,0,1,847,1,0.611172275,0.309899805,4,0.5239031,1,0.8470316,1,0,NaN,NaN,NaN,NaN,NaN,1,PAV042
20,2,1,55,0,1,1136,1,0.298442387,0.37864089,3,0.8278271,2,1.1355256,1,0,NaN,NaN,NaN,NaN,NaN,1,PAV042
21,2,1,18,1,2,939,1,0.613605046,0.558509173,5,0.7407638,2,0.9384262,1,1,7,10,10,1,15,1,PAV042
22,2,3,56,0,1,2883,1,0.447495921,0.676064476,3,0.4041786,0,2.8829592,1,0,NaN,NaN,NaN,NaN,NaN,1,PAV042
23,2,1,33,3,2,1072,0,0.716500755,0.662708364,3,0.3421502,0,1.0714905,1,1,0,30,10,1,1,1,PAV042
24,2,2,9,1,2,3701,1,0.663522274,0.72678922,2,0.8660415,1,3.7011797,1,1,0,20,10,1,3,1,PAV042
25,2,3,30,3,2,5284,0,0.636240608,0.3075924,3,0.4100194,0,5.267807299,1,1,0,25,10,1,1,1,PAV042
26,2,2,27,3,2,1197,0,0.390021286,0.393517736,3,0.2080727,0,1.1959787,1,1,0,20,10,1,1,1,PAV042
27,2,1,39,0,1,1873,1,0.481958593,0.507275302,4,0.511043,1,1.873168101,1,0,NaN,NaN,NaN,NaN,NaN,1,PAV042
28,2,1,34,3,2,772,0,0.323305944,0.485721967,5,0.6790986,2,0.7723239,1,1,0,30,10,1,1,1,PAV042
29,2,1,46,0,1,745,1,0.347876918,0.701964622,5,0.6546857,2,0.736352599,1,0,NaN,NaN,NaN,NaN,NaN,1,PAV042
30,2,2,45,0,1,1040,1,0.568576577,0.353951254,4,0.5578576,1,1.0393961,1,0,NaN,NaN,NaN,NaN,NaN,1,PAV042
31,2,3,25,3,1,1434,1,0.434156532,0.686661074,4,0.4014402,1,1.4342707,0,1,0,20,10,1,1,0,PAV042
32,2,1,36,3,2,2446,0,0.706226979,0.648966709,2,0.611945,1,2.4462226,1,1,0,25,10,1,1,1,PAV042
33,2,1,35,3,2,784,0,0.550862425,0.703995151,5,0.5814373,2,0.7842,1,1,0,20,10,1,1,1,PAV042
34,2,2,50,0,2,791,0,0.374607747,0.744620526,5,0.5638215,2,0.7912965,0,0,NaN,NaN,NaN,NaN,NaN,0,PAV042
35,2,2,24,3,2,921,0,0.645419135,0.735407913,5,0.4274461,2,0.9204364,1,1,0,30,10,1,1,1,PAV042
36,2,3,47,0,2,2404,0,0.267626017,0.311130169,3,0.2127586,0,2.404014899,0,0,NaN,NaN,NaN,NaN,NaN,0,PAV042
37,2,3,31,3,2,2537,0,0.675954474,0.560286047,3,0.3601687,0,2.5371914,1,1,1,30,0,0,1,1,PAV042
38,2,1,54,0,1,873,1,0.43821853,0.637976576,4,0.513154,1,0.872374699,1,0,NaN,NaN,NaN,NaN,NaN,1,PAV042
39,2,2,16,1,2,978,1,0.628561784,0.509550523,5,0.5673672,2,0.9774029,1,1,8,10,10,1,15,1,PAV042
40,2,1,15,1,2,963,1,0.624527984,0.725525477,5,0.8314509,2,0.954070301,1,1,1,30,30,1,4,1,PAV042
41,2,1,53,0,1,752,1,0.733784423,0.390969879,4,0.6686599,1,0.7523384,1,0,NaN,NaN,NaN,NaN,NaN,1,PAV042
42,2,2,38,3,2,831,0,0.532410745,0.406002889,3,0.3046129,0,0.8312121,1,1,0,20,10,1,1,1,PAV042
43,2,2,52,0,1,1138,1,0.444215496,0.695873663,4,1.4003919,1,1.1379642,1,0,NaN,NaN,NaN,NaN,NaN,1,PAV042
44,2,2,47,0,1,1335,1,0.472634677,0.310067128,4,0.512833499,1,1.3345824,1,0,NaN,NaN,NaN,NaN,NaN,1,PAV042
45,2,1,4,1,2,1846,1,0.347238264,0.497954234,4,0.5252883,1,1.8456349,1,1,1,25,25,1,2,1,PAV042
46,2,3,15,1,2,1311,1,0.6700727,0.580864112,3,0.5168746,0,1.301085199,1,1,1,30,30,1,4,1,PAV042
47,2,1,50,0,2,986,0,0.518682226,0.591648714,5,0.4462073,2,0.9855993,0,0,NaN,NaN,NaN,NaN,NaN,0,PAV042
48,2,1,3,1,1,1313,0,0.63207225,0.7239375,4,0.5512785,1,1.312964399,0,1,0,20,10,1,2,0,PAV042
49,2,1,43,0,2,992,0,0.329124632,0.544088268,3,1.0024484,0,0.9921296,0,0,NaN,NaN,NaN,NaN,NaN,0,PAV042
50,2,2,37,3,1,2342,1,0.305719746,0.444505341,4,0.5078863,1,2.3415163,0,1,0,25,10,1,1,0,PAV042
51,2,2,1,1,1,903,0,0.567196088,0.675625426,3,1.1500062,0,0.9029782,0,1,0,25,10,1,2,0,PAV042
52,2,1,56,0,1,870,1,0.351793338,0.419077241,3,1.0543835,0,0.8697392,1,0,NaN,NaN,NaN,NaN,NaN,1,PAV042
53,2,1,10,1,2,629,1,0.451151374,0.676482271,4,0.628090801,1,0.6247506,1,1,1,30,30,1,3,1,PAV042
54,2,1,17,1,2,1024,1,0.480272441,0.390605628,5,0.547564,2,1.0241625,1,1,8,10,10,1,15,1,PAV042
55,2,3,55,0,2,2072,0,0.721208785,0.508512416,3,0.2794383,0,2.0720148,0,0,NaN,NaN,NaN,NaN,NaN,0,PAV042
56,2,3,35,3,2,673,0,0.312695961,0.58488394,4,0.4996857,1,0.672402401,1,1,0,30,10,1,1,1,PAV042
57,2,3,50,0,2,2055,0,0.454342706,0.311769433,3,0.4003043,0,2.0546634,0,0,NaN,NaN,NaN,NaN,NaN,0,PAV042
58,2,1,30,3,2,1901,0,0.565027594,0.578316721,2,0.4425689,1,1.901175,1,1,0,25,10,1,1,1,PAV042
59,2,2,3,1,1,973,0,0.508411362,0.748250904,4,2.681147,3,0.9726771,0,1,0,25,10,1,2,0,PAV042
60,2,3,14,1,2,906,1,0.659125536,0.670958804,5,0.819333999,2,0.904404,1,1,0,25,10,1,4,1,PAV042
61,2,2,49,0,1,1448,1,0.404086962,0.649128738,4,0.495503999,1,1.4478838,1,0,NaN,NaN,NaN,NaN,NaN,1,PAV042
62,2,2,35,3,2,1489,0,0.570957506,0.418453727,3,0.2058998,0,1.4888734,1,1,1,20,0,0,1,1,PAV042
63,2,2,28,3,1,1249,1,0.546534648,0.411321046,3,0.2274454,0,1.248923999,0,1,0,25,10,1,1,0,PAV042
64,2,2,5,1,1,751,0,0.458395558,0.33262558,1,1.3148244,2,0.7508915,0,1,0,25,10,1,2,0,PAV042
65,2,3,45,0,2,1678,0,0.364962254,0.337906315,3,1.0607734,0,1.677532,0,0,NaN,NaN,NaN,NaN,NaN,0,PAV042
66,2,2,12,1,2,1179,1,0.329850823,0.70412844,3,2.078526299,2,1.1785829,1,1,0,20,10,1,4,1,PAV042
67,2,1,5,1,1,936,0,0.363802672,0.33182906,3,0.395731299,0,0.928386699,0,1,0,20,10,1,2,0,PAV042
68,2,2,44,0,1,1280,1,0.349877692,0.726716357,5,0.5696424,2,1.2795852,1,0,NaN,NaN,NaN,NaN,NaN,1,PAV042
69,2,3,13,1,2,838,1,0.433683441,0.585032524,5,0.5889824,2,0.837986699,1,1,1,30,30,1,4,1,PAV042
70,2,3,49,0,1,886,1,0.426673561,0.625244879,3,0.2994173,0,0.8854896,1,0,NaN,NaN,NaN,NaN,NaN,1,PAV042
71,2,2,10,1,2,985,1,0.4550857,0.403285879,3,0.1446583,0,0.984868,1,1,1,25,25,1,3,1,PAV042
72,2,3,44,0,1,1756,1,0.432436921,0.335309751,3,0.407346,0,1.755992199,1,0,NaN,NaN,NaN,NaN,NaN,1,PAV042
73,2,2,25,3,1,939,1,0.747428271,0.27010262,3,0.3301797,0,0.9314366,0,1,0,25,10,1,1,0,PAV042
74,2,3,3,1,1,2326,0,0.430823232,0.427008072,3,0.472718799,0,2.318572001,0,1,0,25,10,1,2,0,PAV042
75,2,3,32,3,1,1223,1,0.43969578,0.43148712,4,1.339004301,1,1.222363001,0,1,0,25,10,1,1,0,PAV042
76,2,1,45,0,1,1850,1,0.52685623,0.460035091,3,0.7982903,0,1.841838701,1,0,NaN,NaN,NaN,NaN,NaN,1,PAV042
77,2,3,7,1,2,882,1,0.46745618,0.438165242,4,0.5383351,1,0.8822384,1,1,1,30,30,1,3,1,PAV042
78,2,2,8,1,1,2146,0,0.471400534,0.695842973,4,1.453981199,3,2.1457535,0,1,0,20,10,1,3,0,PAV042
1,1,3,2,1,2,4720,1,0.383764109,0.491666015,3,0.0028789,0,4.7198771,1,1,0,30,10,1,2,1,PAV043
2,1,2,2,1,2,2566,1,0.65031093,0.330762333,5,1.7616199,2,2.5600315,1,1,0,25,10,1,2,1,PAV043
3,1,3,30,3,1,2720,1,0.585481309,0.657996529,3,1.2932094,0,2.7194427,0,1,0,25,10,1,1,0,PAV043
4,1,2,42,0,2,1914,0,0.393290665,0.339206744,3,0.0352319,0,1.913946,0,0,NaN,NaN,NaN,NaN,NaN,0,PAV043
5,1,2,27,3,2,962,0,0.256174808,0.551611512,3,0.0726653,0,0.9610616,1,1,0,30,10,1,1,1,PAV043
6,1,1,55,0,1,1930,1,0.276546131,0.332424736,3,0.0335933,0,1.9296442,1,0,NaN,NaN,NaN,NaN,NaN,1,PAV043
7,1,2,15,1,1,2170,0,0.408540936,0.42365241,2,2.0019303,1,2.1666805,0,1,1,20,20,1,4,0,PAV043
8,1,3,49,0,1,2251,1,0.621327863,0.297637141,4,3.2551512,3,2.2496451,1,0,NaN,NaN,NaN,NaN,NaN,1,PAV043
9,1,2,49,0,2,1232,0,0.710622991,0.257414684,5,1.4446519,2,1.2317616,0,0,NaN,NaN,NaN,NaN,NaN,0,PAV043
10,1,3,8,1,2,960,1,0.740423526,0.355072734,5,1.1231399,2,0.9598127,1,1,0,25,10,1,3,1,PAV043
11,1,3,41,0,2,1048,0,0.715929675,0.693926728,5,0.9038493,2,1.0470989,0,0,NaN,NaN,NaN,NaN,NaN,0,PAV043
12,1,2,17,1,2,713,1,0.312534746,0.674421689,3,0.1385021,0,0.7121384,1,1,8,10,10,1,15,1,PAV043
13,1,1,8,1,1,1651,0,0.679054731,0.49728444,3,0.3606983,0,1.6510405,0,1,0,20,10,1,3,0,PAV043
14,1,1,37,3,1,1061,1,0.302061636,0.622311763,1,0.9194047,2,1.0596284,0,1,0,20,10,1,1,0,PAV043
15,1,2,41,0,1,2074,1,0.519226708,0.662739585,5,1.6638255,2,2.0735749,1,0,NaN,NaN,NaN,NaN,NaN,1,PAV043
16,1,2,29,3,1,2224,1,0.600365893,0.293716757,3,0.3021949,0,2.2236634,0,1,0,25,10,1,1,0,PAV043
17,1,1,7,1,2,1126,1,0.543699618,0.479868029,5,1.6127443,2,1.1261198,1,1,1,25,25,1,3,1,PAV043
18,1,3,7,1,2,835,1,0.327968576,0.622274829,5,0.925642,3,0.8335594,1,1,0,25,10,1,3,1,PAV043
19,1,1,33,3,1,2918,1,0.292398798,0.506686199,3,0.393992,0,2.9158318,0,1,0,30,10,1,1,0,PAV043
20,1,3,53,0,2,3076,0,0.319066655,0.373464195,4,0.7469953,1,3.0755051,0,0,NaN,NaN,NaN,NaN,NaN,0,PAV043
21,1,1,52,0,1,1761,1,0.403176901,0.380981476,1,1.0308546,2,1.7597141,1,0,NaN,NaN,NaN,NaN,NaN,1,PAV043
22,1,3,27,3,2,1067,0,0.530528478,0.285055166,5,1.7114551,2,1.0668616,1,1,1,25,0,0,1,1,PAV043
23,1,3,15,1,2,1674,1,0.434740178,0.326973766,5,1.5075468,2,1.6732574,1,1,1,20,20,1,4,1,PAV043
24,1,3,37,3,2,1519,0,0.566417145,0.483471864,5,1.6278306,2,1.5187675,1,1,0,20,10,1,1,1,PAV043
25,1,1,17,1,2,847,1,0.496630098,0.353407037,5,1.8809951,2,0.8461538,1,1,7,10,10,1,15,1,PAV043
26,1,3,26,3,2,883,0,0.590232315,0.603755181,4,1.0630685,1,0.8831371,1,1,1,20,0,0,1,1,PAV043
27,1,2,44,0,1,939,1,0.631342207,0.67890309,5,2.606561,4,0.9384371,1,0,NaN,NaN,NaN,NaN,NaN,1,PAV043
28,1,2,45,0,2,1051,0,0.622402691,0.431647539,3,0.5370465,0,1.0492946,0,0,NaN,NaN,NaN,NaN,NaN,0,PAV043
29,1,2,47,0,1,846,1,0.335684135,0.279337738,3,0.0092469,0,0.8451512,1,0,NaN,NaN,NaN,NaN,NaN,1,PAV043
30,1,2,12,1,2,1132,1,0.455398188,0.261776099,3,1.1695603,0,1.1313176,1,1,0,20,10,1,4,1,PAV043
31,1,1,46,0,1,792,1,0.677591134,0.356817514,3,0.0087428,0,0.7923046,1,0,NaN,NaN,NaN,NaN,NaN,1,PAV043
32,1,2,43,0,1,1245,1,0.289838035,0.43078681,3,0.9710366,0,1.2442829,1,0,NaN,NaN,NaN,NaN,NaN,1,PAV043
33,1,1,24,3,2,962,0,0.733674844,0.641045107,4,1.2594592,1,0.9620273,1,1,0,20,10,1,1,1,PAV043
34,1,3,1,1,2,1466,1,0.512498365,0.434167858,3,0.0523136,0,1.4654188,1,1,0,20,10,1,2,1,PAV043
35,1,2,11,1,2,2021,1,0.41028897,0.294054612,4,0.6472348,1,2.0211932,1,1,1,20,20,1,4,1,PAV043
36,1,1,31,3,1,1370,1,0.443057782,0.326271522,5,1.7081732,2,1.3696308,0,1,0,20,10,1,1,0,PAV043
37,1,3,3,1,1,1854,0,0.625097261,0.292380003,4,1.4564301,1,1.8512138,0,1,0,25,10,1,2,0,PAV043
38,1,3,31,3,1,1648,1,0.318496665,0.665481736,3,0.1233525,0,1.647979,0,1,0,25,10,1,1,0,PAV043
39,1,1,29,3,2,1537,0,0.363832738,0.397915744,3,0.1182335,0,1.5362466,1,1,0,25,10,1,1,1,PAV043
40,1,1,5,1,2,1388,1,0.428239603,0.387335795,5,1.4957477,2,1.3874934,1,1,1,25,25,1,2,1,PAV043
41,1,3,45,0,1,1203,1,0.497839409,0.513936102,3,0.0002301,0,1.2025353,1,0,NaN,NaN,NaN,NaN,NaN,1,PAV043
42,1,1,42,0,1,1154,1,0.588152011,0.469702479,3,0.1171268,0,1.1535847,1,0,NaN,NaN,NaN,NaN,NaN,1,PAV043
43,1,1,51,0,2,1446,0,0.397840423,0.35607376,3,0.0637111,0,1.4456532,0,0,NaN,NaN,NaN,NaN,NaN,0,PAV043
44,1,1,38,3,2,1027,0,0.384553149,0.737286664,3,1.665944,0,1.026542,1,1,0,25,10,1,1,1,PAV043
45,1,2,26,3,2,1637,0,0.439630504,0.612104729,3,1.2991713,0,1.6346277,1,1,1,30,0,0,1,1,PAV043
46,1,1,18,1,2,1519,1,0.275768798,0.684533739,5,1.8199137,2,1.5190608,1,1,8,10,10,1,15,1,PAV043
47,1,3,39,0,1,928,1,0.301630449,0.562024356,2,1.6638809,1,0.9278258,1,0,NaN,NaN,NaN,NaN,NaN,1,PAV043
48,1,2,18,1,2,1108,1,0.611177081,0.385592688,3,1.628341,0,1.1076487,1,1,8,10,10,1,15,1,PAV043
49,1,3,55,0,1,1786,1,0.455011773,0.363567154,3,0.1751688,0,1.7828116,1,0,NaN,NaN,NaN,NaN,NaN,1,PAV043
50,1,3,6,1,1,1303,0,0.356983994,0.446462084,3,0.0755994,0,1.3032428,0,1,0,30,10,1,3,0,PAV043
51,1,3,11,1,2,1144,1,0.63532862,0.353482579,3,0.0641038,0,1.1437105,1,1,0,25,10,1,4,1,PAV043
52,1,2,55,0,1,2457,1,0.535488698,0.301730318,3,0.4713043,0,2.4503186,1,0,NaN,NaN,NaN,NaN,NaN,1,PAV043
53,1,2,33,3,1,980,1,0.56288843,0.296605411,5,1.6447773,2,0.9799921,0,1,0,30,10,1,1,0,PAV043
54,1,3,66,0,1,1326,1,0.654431643,0.736569007,3,0.4368224,0,1.3257021,1,0,NaN,NaN,NaN,NaN,NaN,1,PAV043
55,1,2,1,1,2,1193,1,0.305090379,0.663636301,3,0.6317072,0,1.1922441,1,1,0,20,10,1,2,1,PAV043
56,1,1,13,1,2,1322,1,0.557058632,0.299741171,5,2.4877912,2,1.3213987,1,1,0,30,10,1,4,1,PAV043
57,1,2,38,3,1,802,1,0.653282258,0.482821137,3,0.1112495,0,0.8022908,0,1,0,20,10,1,1,0,PAV043
58,1,1,56,0,1,1011,1,0.471190788,0.285438593,5,1.422606,2,1.0096588,1,0,NaN,NaN,NaN,NaN,NaN,1,PAV043
59,1,2,25,3,1,2540,1,0.265289633,0.35389376,2,1.7274767,1,2.539793,0,1,0,20,10,1,1,0,PAV043
60,1,3,44,0,2,1318,0,0.29807112,0.672565373,3,0.8518926,0,1.317721,0,0,NaN,NaN,NaN,NaN,NaN,0,PAV043
61,1,1,6,1,1,688,0,0.464602495,0.412787908,4,1.1070605,1,0.6874168,0,1,0,30,10,1,3,0,PAV043
62,1,3,24,3,1,944,1,0.30252161,0.27697194,3,0.0989648,0,0.943636,0,1,0,30,10,1,1,0,PAV043
63,1,2,24,3,1,1065,1,0.620525316,0.47527013,5,2.3599019,2,1.0650053,0,1,0,25,10,1,1,0,PAV043
64,1,1,41,0,1,765,1,0.388232008,0.600632895,3,0.003412,0,0.7648852,1,0,NaN,NaN,NaN,NaN,NaN,1,PAV043
65,1,2,50,0,2,1426,0,0.302685567,0.654941898,3,0.3967824,0,1.4260132,0,0,NaN,NaN,NaN,NaN,NaN,0,PAV043
66,1,3,52,0,1,751,1,0.498714247,0.486440081,3,0.0323278,0,0.7506547,1,0,NaN,NaN,NaN,NaN,NaN,1,PAV043
67,1,3,33,3,2,1440,0,0.438064421,0.614015591,4,2.0500221,1,1.4398559,1,1,0,25,10,1,1,1,PAV043
68,1,2,8,1,1,1626,0,0.282728108,0.72716777,3,1.7054431,0,1.6255824,0,1,0,25,10,1,3,0,PAV043
69,1,1,2,1,2,1523,1,0.697160578,0.721939951,4,1.9684987,1,1.5230062,1,1,0,20,10,1,2,1,PAV043
70,1,1,32,3,1,900,1,0.513998937,0.698501088,4,1.8417472,1,0.8994627,0,1,0,30,10,1,1,0,PAV043
71,1,2,14,1,1,894,0,0.743273725,0.746162202,5,1.6863252,2,0.8935623,0,1,0,25,10,1,4,0,PAV043
72,1,1,15,1,2,873,1,0.668236898,0.514192333,5,1.1870358,2,0.8725966,1,1,1,20,20,1,4,1,PAV043
73,1,1,44,0,1,740,1,0.337767786,0.574732953,3,1.1574165,0,0.7392725,1,0,NaN,NaN,NaN,NaN,NaN,1,PAV043
74,1,3,9,1,2,928,1,0.453103694,0.57237987,4,1.8816307,1,0.9276085,1,1,0,25,10,1,3,1,PAV043
75,1,1,43,0,1,585,1,0.297596884,0.449601278,3,0.066487,0,0.5844316,1,0,NaN,NaN,NaN,NaN,NaN,1,PAV043
1,2,2,56,0,1,2518,1,0.655764378,0.588449164,2,3.2654952,1,2.5176034,1,0,NaN,NaN,NaN,NaN,NaN,1,PAV043
2,2,3,40,0,1,1947,1,0.251089505,0.38852363,4,2.4161815,1,1.9464359,1,0,NaN,NaN,NaN,NaN,NaN,1,PAV043
3,2,1,25,3,1,2205,1,0.535599937,0.673094144,3,0.986867,0,2.2046645,0,1,0,25,10,1,1,0,PAV043
4,2,3,47,0,1,1003,1,0.452675109,0.4924677,4,1.3589092,1,1.0023606,1,0,NaN,NaN,NaN,NaN,NaN,1,PAV043
5,2,2,4,1,2,1748,1,0.336828188,0.400082382,4,1.4398743,1,1.7471664,1,1,0,30,10,1,2,1,PAV043
6,2,2,52,0,1,716,1,0.579026471,0.709425405,2,1.1311769,1,0.7155035,1,0,NaN,NaN,NaN,NaN,NaN,1,PAV043
7,2,3,4,1,1,931,0,0.338718886,0.637766754,4,1.248304,1,0.9308953,0,1,0,25,10,1,2,0,PAV043
8,2,3,14,1,1,3471,0,0.710293055,0.694881717,4,1.9979441,3,3.4712289,0,1,0,25,10,1,4,0,PAV043
9,2,2,37,3,1,1541,1,0.476536931,0.442833465,4,1.7116218,1,1.5407432,0,1,0,30,10,1,1,0,PAV043
10,2,3,50,0,1,1093,1,0.34093979,0.497850775,4,1.998066,3,1.0932716,1,0,NaN,NaN,NaN,NaN,NaN,1,PAV043
11,2,1,11,1,2,2212,1,0.25646729,0.571985042,5,1.8171648,2,2.2121627,1,1,0,30,10,1,4,1,PAV043
12,2,1,30,3,1,752,1,0.260229873,0.46880709,5,1.9927431,2,0.7520698,0,1,0,25,10,1,1,0,PAV043
13,2,2,54,0,1,813,1,0.569288461,0.572958482,4,1.5716182,1,0.8129679,1,0,NaN,NaN,NaN,NaN,NaN,1,PAV043
14,2,2,40,0,1,1746,1,0.343158098,0.477242781,5,1.5605298,2,1.7461651,1,0,NaN,NaN,NaN,NaN,NaN,1,PAV043
15,2,2,36,3,1,997,1,0.576907406,0.747230941,3,0.7492385,0,0.9965955,0,1,0,25,10,1,1,0,PAV043
16,2,2,46,0,1,996,1,0.572788715,0.562696985,5,1.276588,2,0.9954892,1,0,NaN,NaN,NaN,NaN,NaN,1,PAV043
17,2,1,40,0,1,1170,1,0.742653826,0.728709541,2,1.1208964,1,1.1699613,1,0,NaN,NaN,NaN,NaN,NaN,1,PAV043
18,2,1,10,1,2,1777,1,0.352039747,0.525848409,4,0.9097125,1,1.7773088,1,1,1,30,30,1,3,1,PAV043
19,2,1,53,0,1,711,1,0.263614139,0.676299938,5,2.3608924,4,0.710666,1,0,NaN,NaN,NaN,NaN,NaN,1,PAV043
20,2,3,38,3,1,1152,1,0.382080776,0.531074495,5,1.6788005,2,1.1523558,0,1,0,20,10,1,1,0,PAV043
21,2,1,35,3,1,895,1,0.268062057,0.403088573,4,1.2578702,1,0.8944745,0,1,0,30,10,1,1,0,PAV043
22,2,3,48,0,1,973,1,0.267824674,0.419730282,5,1.760964,2,0.9725284,1,0,NaN,NaN,NaN,NaN,NaN,1,PAV043
23,2,3,35,3,1,1395,1,0.692348779,0.255088418,4,1.5507555,1,1.3952926,0,1,0,30,10,1,1,0,PAV043
24,2,2,16,1,1,1783,0,0.353583611,0.418460287,4,1.3559836,1,1.7829786,0,1,8,10,10,1,15,0,PAV043
25,2,2,28,3,1,2618,1,0.438461049,0.336139787,4,1.4894984,1,2.6176137,0,1,0,25,10,1,1,0,PAV043
26,2,3,12,1,1,663,0,0.329883661,0.510820756,5,1.2950732,2,0.6627111,0,1,0,25,10,1,4,0,PAV043
27,2,3,34,3,1,724,1,0.629341955,0.681559575,5,1.0116464,2,0.7237478,0,1,0,20,10,1,1,0,PAV043
28,2,2,5,1,1,556,0,0.522742624,0.576400145,5,1.3032698,2,0.5556237,0,1,1,30,30,1,2,0,PAV043
29,2,3,51,0,2,1517,0,0.400334312,0.452755787,4,0.9124764,1,1.5171103,0,0,NaN,NaN,NaN,NaN,NaN,0,PAV043
30,2,1,14,1,2,1476,1,0.638021239,0.404715792,5,1.0779037,2,1.4756444,1,1,0,30,10,1,4,1,PAV043
31,2,2,13,1,1,1633,0,0.256049403,0.701238852,3,0.6972145,0,1.6332854,0,1,1,30,30,1,4,0,PAV043
32,2,3,56,0,2,1100,0,0.456574535,0.339551425,4,0.9759173,1,1.1000558,0,0,NaN,NaN,NaN,NaN,NaN,0,PAV043
33,2,3,32,3,1,1044,1,0.678064889,0.685949987,3,0.5260703,0,1.0442889,0,1,0,25,10,1,1,0,PAV043
34,2,3,17,1,1,1029,0,0.604136805,0.417732711,3,0.3270851,0,1.0292729,0,1,8,10,10,1,15,0,PAV043
35,2,1,50,0,1,929,1,0.694579101,0.694982638,3,0.039436,0,0.9289486,1,0,NaN,NaN,NaN,NaN,NaN,1,PAV043
36,2,1,16,1,2,1117,1,0.641258696,0.388676713,5,0.8537596,2,1.1164246,1,1,10,10,10,1,15,1,PAV043
37,2,3,54,0,1,1194,1,0.316885518,0.365874709,4,1.5800338,1,1.1940237,1,0,NaN,NaN,NaN,NaN,NaN,1,PAV043
38,2,3,28,3,2,1117,0,0.516240634,0.517316475,5,1.0401361,2,1.1171382,1,1,1,30,0,0,1,1,PAV043
39,2,1,12,1,1,1436,0,0.291983666,0.530747554,3,0.6635182,0,1.4360019,0,1,0,25,10,1,4,0,PAV043
40,2,1,26,3,1,720,1,0.474592557,0.654616344,3,0.3398574,0,0.7201307,0,1,0,25,10,1,1,0,PAV043
41,2,2,32,3,1,901,1,0.27016476,0.575764078,4,1.3252066,1,0.9010786,0,1,0,20,10,1,1,0,PAV043
42,2,1,4,1,1,747,0,0.307888548,0.368003463,5,1.8341594,2,0.7465883,0,1,0,30,10,1,2,0,PAV043
43,2,3,42,0,1,771,1,0.672063802,0.251357889,4,1.5486385,1,0.7713085,1,0,NaN,NaN,NaN,NaN,NaN,1,PAV043
44,2,3,18,1,1,634,0,0.433449023,0.580070067,4,1.3506611,1,0.6341552,0,1,9,10,10,1,15,0,PAV043
45,2,2,53,0,1,638,1,0.252725229,0.340470045,4,0.9731916,1,0.6377682,1,0,NaN,NaN,NaN,NaN,NaN,1,PAV043
46,2,1,39,0,1,680,1,0.725451941,0.366434161,3,1.7421593,0,0.68027,1,0,NaN,NaN,NaN,NaN,NaN,1,PAV043
47,2,3,36,3,1,749,1,0.51581738,0.647910509,3,0.7231007,0,0.7493079,0,1,0,30,10,1,1,0,PAV043
48,2,2,34,3,1,772,1,0.747999266,0.608280206,4,1.1006306,1,0.7718731,0,1,0,30,10,1,1,0,PAV043
49,2,2,48,0,1,908,1,0.507781469,0.6349977,4,1.0300621,1,0.9077444,1,0,NaN,NaN,NaN,NaN,NaN,1,PAV043
50,2,1,1,1,2,1646,1,0.479976583,0.319394156,4,0.7423229,1,1.6460343,1,1,0,30,10,1,2,1,PAV043
51,2,2,51,0,1,678,1,0.73245383,0.274043099,4,1.1794447,1,0.678032,1,0,NaN,NaN,NaN,NaN,NaN,1,PAV043
52,2,1,47,0,1,693,1,0.266454747,0.588608695,3,0.3867127,0,0.6932995,1,0,NaN,NaN,NaN,NaN,NaN,1,PAV043
53,2,1,48,0,0,NaN,0,0.710087423,0.330731036,NaN,NaN,NaN,NaN,0,0,NaN,NaN,NaN,NaN,NaN,0,PAV043
54,2,2,30,3,1,862,1,0.729451661,0.257962837,3,0.4265448,0,0.8615981,0,1,0,20,10,1,1,0,PAV043
55,2,2,10,1,1,739,0,0.382219528,0.374051581,5,1.298903,2,0.738586,0,1,0,20,10,1,3,0,PAV043
56,2,3,5,1,1,655,0,0.277069217,0.617925917,5,1.3818338,2,0.6552858,0,1,0,25,10,1,2,0,PAV043
57,2,1,3,1,1,1438,0,0.456050026,0.508849888,3,0.3406634,0,1.4379017,0,1,0,20,10,1,2,0,PAV043
58,2,2,3,1,2,1252,1,0.571139636,0.49649439,4,0.6651048,1,1.2522777,1,1,0,20,10,1,2,1,PAV043
59,2,2,7,1,1,942,0,0.627039155,0.61231574,5,0.9342751,2,0.9416842,0,1,1,20,20,1,3,0,PAV043
60,2,2,31,3,1,622,1,0.416737044,0.297634359,3,0.747314,0,0.621828,0,1,0,25,10,1,1,0,PAV043
61,2,1,9,1,2,764,1,0.491641897,0.698328446,4,0.7052653,1,0.7640018,1,1,0,30,10,1,3,1,PAV043
62,2,3,46,0,1,582,1,0.282114446,0.29191972,5,1.5034586,2,0.5822228,1,0,NaN,NaN,NaN,NaN,NaN,1,PAV043
63,2,2,6,1,1,654,0,0.495142787,0.254070643,5,1.3513544,2,0.6540882,0,1,0,20,10,1,3,0,PAV043
64,2,1,49,0,1,575,1,0.682768035,0.341755568,5,0.8483371,2,0.5747862,1,0,NaN,NaN,NaN,NaN,NaN,1,PAV043
65,2,1,34,3,2,840,0,0.716100838,0.378918248,5,1.0159181,2,0.8399955,1,1,0,20,10,1,1,1,PAV043
66,2,2,35,3,1,577,1,0.385906102,0.290186108,4,1.3265507,1,0.5766359,0,1,0,20,10,1,1,0,PAV043
67,2,1,28,3,1,1074,1,0.407943193,0.490433367,5,1.3322536,2,1.0734912,0,1,0,30,10,1,1,0,PAV043
68,2,3,13,1,2,1229,1,0.304571878,0.503981797,4,1.0407186,1,1.2287152,1,1,0,30,10,1,4,1,PAV043
69,2,3,10,1,1,656,0,0.291768687,0.635605781,3,0.7878322,0,0.6558384,0,1,1,30,30,1,3,0,PAV043
70,2,1,27,3,1,651,1,0.593714701,0.608327884,3,0.516481,0,0.6508606,0,1,0,30,10,1,1,0,PAV043
71,2,1,54,0,1,649,1,0.374201443,0.624075386,5,1.4317595,2,0.6487277,1,0,NaN,NaN,NaN,NaN,NaN,1,PAV043
72,2,1,36,3,2,1260,0,0.329661867,0.445542944,3,0.6683459,0,1.259859,1,1,1,20,0,0,1,1,PAV043
73,2,3,25,3,1,609,1,0.699938581,0.518310083,5,0.8730747,2,0.6085472,0,1,0,20,10,1,1,0,PAV043
74,2,3,29,3,1,700,1,0.519482571,0.491677653,4,2.2115485,1,0.7003568,0,1,0,30,10,1,1,0,PAV043
75,2,2,39,0,1,588,1,0.706614957,0.614185476,5,1.6581571,2,0.588262,1,0,NaN,NaN,NaN,NaN,NaN,1,PAV043
76,2,2,9,1,1,717,0,0.672058988,0.390362207,5,0.8717574,2,0.7172753,0,1,0,20,10,1,3,0,PAV043
77,2,1,45,0,1,1014,1,0.257686237,0.610832933,5,0.864554,2,1.0137752,1,0,NaN,NaN,NaN,NaN,NaN,1,PAV043
78,2,3,16,1,2,1097,1,0.696530692,0.671796394,5,1.63339,2,1.0971343,1,1,8,10,10,1,15,1,PAV043
1,1,2,46,0,1,2400,1,0.561158888,0.266204767,4,4.4694876,1,2.3996652,1,0,NaN,NaN,NaN,NaN,NaN,1,PAV044
2,1,2,53,0,1,3054,1,0.644133838,0.699649049,3,3.1494512,0,3.0512064,1,0,NaN,NaN,NaN,NaN,NaN,1,PAV044
3,1,2,42,0,1,3055,1,0.540963834,0.712190261,4,2.2688325,1,3.0549565,1,0,NaN,NaN,NaN,NaN,NaN,1,PAV044
4,1,2,31,3,1,4152,1,0.441942238,0.354720393,4,2.5558319,1,4.1513439,0,1,0,30,0,0,1,0,PAV044
5,1,3,34,3,1,3614,1,0.725589706,0.654848916,2,4.1571691,1,3.6128866,0,1,0,20,0,0,1,0,PAV044
6,1,2,28,3,1,2437,1,0.476556776,0.574491754,3,2.8105869,0,2.4362773,0,1,0,20,10,1,1,0,PAV044
7,1,2,17,1,2,2201,1,0.295150361,0.278847957,4,2.2741341,1,2.2000025,1,1,5,10,10,1,15,1,PAV044
8,1,1,25,3,1,2186,1,0.527439415,0.570096725,4,2.9970126,3,2.1828452,0,1,0,20,10,1,1,0,PAV044
9,1,2,30,3,2,4008,0,0.363655537,0.643380213,3,3.1312438,0,4.0081126,1,1,1,30,0,0,1,1,PAV044
10,1,2,12,1,2,2790,1,0.462426675,0.289374252,4,3.3182314,1,2.7894877,1,1,1,25,25,1,4,1,PAV044
11,1,2,27,3,1,2281,1,0.671849378,0.560983675,3,2.5301024,0,2.2811903,0,1,0,30,10,1,1,0,PAV044
12,1,1,3,1,1,2845,0,0.704233635,0.643255675,3,4.0392858,0,2.8448779,0,1,0,30,10,1,2,0,PAV044
13,1,1,17,1,2,1182,1,0.667879894,0.559166257,4,1.3421629,1,1.1821166,1,1,8,10,10,1,15,1,PAV044
14,1,2,32,3,1,3492,1,0.621037549,0.301863657,4,3.6378726,1,3.4911627,0,1,1,20,0,0,1,0,PAV044
15,1,2,35,3,1,1515,1,0.327310321,0.730084971,3,3.3323138,0,1.5150642,0,1,0,30,10,1,1,0,PAV044
16,1,1,11,1,2,3965,1,0.704095951,0.460591151,4,2.4369722,1,3.9641387,1,1,0,20,10,1,4,1,PAV044
17,1,3,18,1,2,2227,1,0.641924626,0.530565247,5,4.5189648,2,2.2270035,1,1,6,10,10,1,15,1,PAV044
18,1,3,36,3,1,1971,1,0.749274628,0.595927258,2,3.9517848,1,1.9711592,0,1,1,25,0,0,1,0,PAV044
19,1,1,52,0,1,2278,1,0.522631101,0.463915735,3,2.5957041,0,2.2769341,1,0,NaN,NaN,NaN,NaN,NaN,1,PAV044
20,1,2,41,0,1,6158,1,0.507232791,0.484580634,4,3.3802766,1,6.157986,1,0,NaN,NaN,NaN,NaN,NaN,1,PAV044
21,1,1,43,0,1,2754,1,0.536471977,0.581475892,4,3.3642671,3,2.7538924,1,0,NaN,NaN,NaN,NaN,NaN,1,PAV044
22,1,3,10,1,2,3707,1,0.529538815,0.350904482,4,3.4099128,1,3.7066217,1,1,0,30,10,1,3,1,PAV044
23,1,1,29,3,1,1951,1,0.643431388,0.513927546,2,2.1242176,1,1.9504648,0,1,0,20,10,1,1,0,PAV044
24,1,3,52,0,1,3110,1,0.26800864,0.711289143,3,2.9520523,0,3.109563,1,0,NaN,NaN,NaN,NaN,NaN,1,PAV044
25,1,3,46,0,1,4263,1,0.597446027,0.433075981,4,5.5142535,1,4.2624632,1,0,NaN,NaN,NaN,NaN,NaN,1,PAV044
26,1,3,35,3,2,2847,0,0.319646655,0.675040869,3,2.1231526,0,2.8467976,1,1,1,20,0,0,1,1,PAV044
27,1,2,5,1,1,3738,0,0.590714181,0.576076056,5,2.488968,2,3.7374288,0,1,0,20,10,1,2,0,PAV044
28,1,3,66,0,1,2272,1,0.388143308,0.33207256,4,4.3281465,1,2.2693073,1,0,NaN,NaN,NaN,NaN,NaN,1,PAV044
29,1,1,6,1,2,3742,1,0.291656596,0.425616161,3,3.7278572,0,3.7417887,1,1,0,30,10,1,3,1,PAV044
30,1,3,8,1,2,2945,1,0.468046904,0.463282537,4,2.9061336,1,2.9448886,1,1,0,20,10,1,3,1,PAV044
31,1,1,26,3,1,3147,1,0.332918266,0.372933206,4,4.5945827,1,3.1461617,0,1,0,20,10,1,1,0,PAV044
32,1,3,4,1,2,2413,1,0.487224044,0.634137404,4,4.1837601,1,2.4122551,1,1,0,20,10,1,2,1,PAV044
33,1,2,6,1,2,3728,1,0.656955585,0.669717505,4,2.1513994,1,3.7279708,1,1,1,30,30,1,3,1,PAV044
34,1,3,3,1,1,2279,0,0.5197062,0.503506446,3,3.0184594,0,2.2783989,0,1,1,30,30,1,2,0,PAV044
35,1,1,15,1,2,2172,1,0.489775995,0.301844017,4,3.6412676,1,2.1712781,1,1,0,25,10,1,4,1,PAV044
36,1,1,7,1,2,4332,1,0.684909577,0.458751125,4,2.7560569,1,4.3310843,1,1,0,20,10,1,3,1,PAV044
37,1,3,29,3,1,3956,1,0.725090361,0.662924126,4,6.2452781,1,3.9554742,0,1,0,25,10,1,1,0,PAV044
38,1,1,54,0,1,2932,1,0.308272037,0.370865157,4,2.4184589,1,2.9320785,1,0,NaN,NaN,NaN,NaN,NaN,1,PAV044
39,1,1,55,0,2,6028,0,0.580713885,0.345900561,2,1.8162944,1,6.0282393,0,0,NaN,NaN,NaN,NaN,NaN,0,PAV044
40,1,1,40,0,1,2014,1,0.358143337,0.446925084,4,3.2243158,1,2.013625,1,0,NaN,NaN,NaN,NaN,NaN,1,PAV044
41,1,3,24,3,1,2771,1,0.612361102,0.605151375,4,4.1300865,1,2.7707947,0,1,1,20,0,0,1,0,PAV044
42,1,1,53,0,1,2229,1,0.421504377,0.648824545,4,4.0427941,1,2.2288938,1,0,NaN,NaN,NaN,NaN,NaN,1,PAV044
43,1,2,8,1,2,3723,1,0.72714196,0.341642945,4,2.4439416,1,3.7220748,1,1,0,25,10,1,3,1,PAV044
44,1,3,55,0,1,2342,1,0.699180077,0.277808475,4,2.1981051,1,2.3399145,1,0,NaN,NaN,NaN,NaN,NaN,1,PAV044
45,1,1,45,0,1,3371,1,0.400755057,0.649214206,4,2.9609955,1,3.3705849,1,0,NaN,NaN,NaN,NaN,NaN,1,PAV044
46,1,2,51,0,2,2360,0,0.726216122,0.629742456,2,3.7013569,1,2.360147,0,0,NaN,NaN,NaN,NaN,NaN,0,PAV044
47,1,2,54,0,1,2516,1,0.30923242,0.720135343,3,2.4965438,0,2.5157828,1,0,NaN,NaN,NaN,NaN,NaN,1,PAV044
48,1,2,13,1,2,3831,1,0.452243656,0.32096241,4,2.8919239,1,3.830784,1,1,1,30,30,1,4,1,PAV044
49,1,1,28,3,1,3938,1,0.741040404,0.640091552,4,4.2723959,1,3.9381518,0,1,1,30,0,0,1,0,PAV044
50,1,3,42,0,1,3217,1,0.343315435,0.255358006,4,3.2006192,1,3.2169812,1,0,NaN,NaN,NaN,NaN,NaN,1,PAV044
51,1,2,39,0,1,2471,1,0.308826923,0.520165917,4,4.5866386,1,2.4708405,1,0,NaN,NaN,NaN,NaN,NaN,1,PAV044
52,1,1,39,0,2,5075,0,0.647951323,0.529587688,3,2.5688908,0,5.0744659,0,0,NaN,NaN,NaN,NaN,NaN,0,PAV044
53,1,2,11,1,2,3483,1,0.571621782,0.351737337,4,2.9143655,1,3.4823414,1,1,1,30,30,1,4,1,PAV044
54,1,3,13,1,2,1684,1,0.263280163,0.593773361,5,4.4448673,2,1.6835686,1,1,1,20,20,1,4,1,PAV044
55,1,1,42,0,1,4223,1,0.341594176,0.550245516,4,3.2346229,1,4.2207695,1,0,NaN,NaN,NaN,NaN,NaN,1,PAV044
56,1,2,36,3,1,5102,1,0.396886069,0.58031773,4,2.8533562,1,5.0995781,0,1,1,30,0,0,1,0,PAV044
57,1,3,25,3,1,2468,1,0.563005775,0.330201425,5,3.2967163,2,2.4679196,0,1,0,25,10,1,1,0,PAV044
58,1,3,54,0,1,4583,1,0.50589507,0.679134501,4,3.803876,1,4.5823322,1,0,NaN,NaN,NaN,NaN,NaN,1,PAV044
59,1,2,15,1,1,5739,0,0.593569512,0.456386205,3,1.9953561,0,5.7387204,0,1,1,20,20,1,4,0,PAV044
60,1,1,16,1,2,3369,1,0.715080803,0.623060586,4,2.6876969,1,3.369197,1,1,9,10,10,1,15,1,PAV044
61,1,1,14,1,1,3504,0,0.544040326,0.629918007,3,5.3307259,2,3.5041034,0,1,0,25,10,1,4,0,PAV044
62,1,3,7,1,2,2287,1,0.296258599,0.509173217,4,2.5520322,1,2.2865797,1,1,0,25,0,0,3,1,PAV044
63,1,3,6,1,1,3604,0,0.533214788,0.339881223,4,4.3272194,1,3.6036163,0,1,0,25,10,1,3,0,PAV044
64,1,3,39,0,2,2288,0,0.562197742,0.610635428,5,2.4983669,2,2.2883402,0,0,NaN,NaN,NaN,NaN,NaN,0,PAV044
65,1,1,24,3,1,2808,1,0.311329882,0.682573073,4,3.3093194,1,2.8073136,0,1,0,25,10,1,1,0,PAV044
66,1,2,44,0,1,4491,1,0.64779588,0.492832924,3,2.3949484,0,4.4903635,1,0,NaN,NaN,NaN,NaN,NaN,1,PAV044
67,1,3,48,0,2,4102,0,0.688676808,0.698237327,4,1.8980058,1,4.1020217,0,0,NaN,NaN,NaN,NaN,NaN,0,PAV044
68,1,3,53,0,1,5303,1,0.302946283,0.411081781,4,4.5165025,1,5.3031336,1,0,NaN,NaN,NaN,NaN,NaN,1,PAV044
69,1,1,4,1,2,3840,1,0.597563067,0.603279246,2,3.3987012,1,3.8377775,1,1,0,20,10,1,2,1,PAV044
70,1,2,50,0,1,3009,1,0.331440615,0.493436663,5,3.0622935,2,3.0087209,1,0,NaN,NaN,NaN,NaN,NaN,1,PAV044
71,1,3,28,3,2,3891,0,0.292771398,0.655785111,4,2.4169941,1,3.8894214,1,1,1,30,0,0,1,1,PAV044
72,1,3,12,1,1,2630,0,0.512009662,0.366815242,5,3.4471124,2,2.6294221,0,1,0,20,10,1,4,0,PAV044
73,1,2,1,1,1,3703,0,0.500639287,0.330304421,4,3.0075792,1,3.7024945,0,1,0,25,10,1,2,0,PAV044
74,1,1,37,3,1,3080,1,0.309349257,0.631905727,4,4.3669576,1,3.0803227,0,1,0,30,10,1,1,0,PAV044
75,1,1,30,3,2,2528,0,0.321776126,0.528725839,4,2.4713757,1,2.5273817,1,1,0,25,10,1,1,1,PAV044
1,1,3,40,0,1,2682,1,0.701334689,0.747786841,3,NaN,0,2.6787672,1,0,NaN,NaN,NaN,NaN,NaN,1,PAV045
2,1,2,45,0,2,2054,0,0.644515211,0.317371798,3,NaN,0,2.0536072,0,0,NaN,NaN,NaN,NaN,NaN,0,PAV045
3,1,2,50,0,2,3898,0,0.424524123,0.275239652,3,NaN,2,3.8952946,0,0,NaN,NaN,NaN,NaN,NaN,0,PAV045
4,1,1,14,1,2,2072,1,0.328123501,0.678665179,4,NaN,1,2.0710295,1,1,1,20,20,1,4,1,PAV045
5,1,2,33,3,1,2263,1,0.280309688,0.280011823,3,6.2059747,0,2.2622886,0,1,0,20,10,1,1,0,PAV045
6,1,3,47,0,2,2343,0,0.376259336,0.671469626,3,5.5812431,0,2.3424913,0,0,NaN,NaN,NaN,NaN,NaN,0,PAV045
7,1,1,12,1,2,1920,1,0.434389802,0.680477869,4,2.5604326,1,1.9193406,1,1,0,30,10,1,4,1,PAV045
8,1,1,8,1,2,1868,1,0.43199683,0.682733983,3,1.0463924,0,1.8674058,1,1,0,25,10,1,3,1,PAV045
9,1,2,35,3,2,1707,0,0.586674266,0.403817924,3,1.3932882,0,1.7039571,1,1,0,30,10,1,1,1,PAV045
10,1,1,35,3,2,1053,0,0.619234281,0.578104727,3,3.0036177,0,1.052455,1,1,0,25,10,1,1,1,PAV045
11,1,3,12,1,1,1121,0,0.641715703,0.56716504,2,3.7382845,1,1.1205092,0,1,0,25,10,1,4,0,PAV045
12,1,3,35,3,2,1972,0,0.439298306,0.472458905,3,0.6276772,0,1.971431,1,1,0,25,10,1,1,1,PAV045
13,1,2,40,0,1,3432,1,0.577008198,0.3343642,3,1.3191869,0,3.4311613,1,0,NaN,NaN,NaN,NaN,NaN,1,PAV045
14,1,1,42,0,2,1744,0,0.487958965,0.309336848,3,0.7394404,0,1.7437913,0,0,NaN,NaN,NaN,NaN,NaN,0,PAV045
15,1,2,16,1,2,3192,1,0.580585235,0.38765995,4,2.8886491,1,3.1913563,1,1,8,10,10,1,15,1,PAV045
16,1,3,7,1,2,4489,1,0.636547366,0.333291487,3,1.1016281,0,4.488367,1,1,0,30,10,1,3,1,PAV045
17,1,3,30,3,1,3320,1,0.727908776,0.374398399,3,2.4782531,0,3.3195681,0,1,0,30,10,1,1,0,PAV045
18,1,2,49,0,2,3548,0,0.370736304,0.35634527,3,1.0509458,0,3.5470698,0,0,NaN,NaN,NaN,NaN,NaN,0,PAV045
19,1,2,24,3,2,4665,0,0.732298686,0.463565721,3,0.6895675,0,4.6646093,1,1,0,20,10,1,1,1,PAV045
20,1,3,31,3,2,3630,0,0.487312979,0.691432796,4,2.5006736,1,3.629184,1,1,1,30,0,0,1,1,PAV045
21,1,3,1,1,1,2087,0,0.550872674,0.544545462,3,1.02528,0,2.0871999,0,1,0,25,10,1,2,0,PAV045
22,1,2,46,0,2,2732,0,0.450396358,0.412350719,3,1.3467358,0,2.731579,0,0,NaN,NaN,NaN,NaN,NaN,0,PAV045
23,1,3,34,3,1,1199,1,0.417190127,0.34867315,3,0.6451941,0,1.1988472,0,1,0,25,10,1,1,0,PAV045
24,1,1,15,1,2,1235,1,0.700283317,0.639391589,5,2.4308589,2,1.2344315,1,1,1,30,30,1,4,1,PAV045
25,1,3,53,0,1,4040,1,0.405201743,0.565863725,3,0.6508391,0,4.0397909,1,0,NaN,NaN,NaN,NaN,NaN,1,PAV045
26,1,2,28,3,2,1739,0,0.486801549,0.647167653,3,2.7256473,0,1.7383482,1,1,0,25,10,1,1,1,PAV045
27,1,1,52,0,2,2697,0,0.734055035,0.486852823,3,1.2507199,0,2.6971758,0,0,NaN,NaN,NaN,NaN,NaN,0,PAV045
28,1,2,37,3,2,3629,0,0.559002958,0.682961257,3,2.7977668,2,3.6293006,1,1,0,20,10,1,1,1,PAV045
29,1,3,2,1,1,2336,0,0.589076548,0.699213064,3,1.3000226,0,2.3361225,0,1,0,25,10,1,2,0,PAV045
30,1,2,26,3,1,2940,1,0.718577846,0.385164997,3,1.7751388,0,2.9394752,0,1,1,30,0,0,1,0,PAV045
31,1,1,26,3,2,3167,0,0.41988918,0.542041649,3,1.272032,0,3.1664798,1,1,0,20,10,1,1,1,PAV045
32,1,1,9,1,2,1377,1,0.318024666,0.659822966,4,1.612754,1,1.3767728,1,1,0,20,10,1,3,1,PAV045
33,1,1,54,0,2,1304,0,0.303932499,0.662555543,4,1.5729794,1,1.3041762,0,0,NaN,NaN,NaN,NaN,NaN,0,PAV045
34,1,2,4,1,2,2125,1,0.28495093,0.302568078,3,1.3179094,0,2.1240307,1,1,1,20,20,1,2,1,PAV045
35,1,3,4,1,2,2693,1,0.272513901,0.459246904,3,0.5460606,0,2.6931058,1,1,0,30,10,1,2,1,PAV045
36,1,1,34,3,2,1051,0,0.367691214,0.71335198,5,1.2820642,2,1.047519,1,1,0,25,10,1,1,1,PAV045
37,1,3,55,0,1,3756,1,0.586123875,0.70640947,3,1.0450543,0,3.7553557,1,0,NaN,NaN,NaN,NaN,NaN,1,PAV045
38,1,1,11,1,2,2081,1,0.459961319,0.578569322,4,1.4822717,1,2.0805387,1,1,1,20,20,1,4,1,PAV045
39,1,1,39,0,2,2465,0,0.698413627,0.620729488,3,0.502145,0,2.4641778,0,0,NaN,NaN,NaN,NaN,NaN,0,PAV045
40,1,2,3,1,2,2174,1,0.476106047,0.411334715,3,0.9353726,0,2.1735522,1,1,1,20,20,1,2,1,PAV045
41,1,2,54,0,2,2005,0,0.743424344,0.546504626,3,1.1298176,0,2.00494,0,0,NaN,NaN,NaN,NaN,NaN,0,PAV045
42,1,2,18,1,2,1677,1,0.636421766,0.251136535,3,1.2558329,0,1.6767217,1,1,8,10,10,1,15,1,PAV045
43,1,1,28,3,2,2390,0,0.603536359,0.479934458,3,0.0642312,0,2.3901395,1,1,0,20,10,1,1,1,PAV045
44,1,1,41,0,1,1167,1,0.619061736,0.41810974,3,0.4169827,0,1.1614842,1,0,NaN,NaN,NaN,NaN,NaN,1,PAV045
45,1,1,46,0,2,2615,0,0.285660884,0.457516538,3,1.0515892,0,2.6146328,0,0,NaN,NaN,NaN,NaN,NaN,0,PAV045
46,1,1,16,1,2,1209,1,0.672123669,0.708684527,4,1.8176745,1,1.2081923,1,1,9,10,10,1,15,1,PAV045
47,1,3,49,0,1,2737,1,0.59358519,0.653751881,3,0.4948922,0,2.7370925,1,0,NaN,NaN,NaN,NaN,NaN,1,PAV045
48,1,3,14,1,2,2295,1,0.522344012,0.315018537,3,0.6421331,0,2.2948468,1,1,0,25,10,1,4,1,PAV045
49,1,2,55,0,1,1704,1,0.699594952,0.641608172,3,0.9503478,0,1.7037288,1,0,NaN,NaN,NaN,NaN,NaN,1,PAV045
50,1,3,41,0,2,2645,0,0.38607168,0.56387088,3,1.1650972,0,2.6447446,0,0,NaN,NaN,NaN,NaN,NaN,0,PAV045
51,1,1,53,0,1,4651,1,0.484257712,0.719919934,3,1.0142799,0,4.6512754,1,0,NaN,NaN,NaN,NaN,NaN,1,PAV045
52,1,1,29,3,1,2111,1,0.435587742,0.620127998,3,0.9679411,0,2.1105677,0,1,0,30,10,1,1,0,PAV045
53,1,2,6,1,1,3046,0,0.296664775,0.710595004,3,0.6292628,0,3.0453812,0,1,0,25,10,1,3,0,PAV045
54,1,3,39,0,2,1293,0,0.5966735,0.441442199,3,1.4165688,0,1.2929046,0,0,NaN,NaN,NaN,NaN,NaN,0,PAV045
55,1,2,27,3,2,2851,0,0.549490248,0.451883474,4,1.6398677,1,2.8508422,1,1,0,30,10,1,1,1,PAV045
56,1,3,3,1,2,2548,1,0.3923625,0.264430439,4,2.3509327,1,2.5476367,1,1,1,20,20,1,2,1,PAV045
57,1,1,43,0,1,2028,1,0.308919967,0.349546162,3,0.5205428,0,2.0279503,1,0,NaN,NaN,NaN,NaN,NaN,1,PAV045
58,1,1,17,1,2,839,1,0.509895178,0.651949252,5,1.2628286,2,0.8390678,1,1,7,10,10,1,15,1,PAV045
59,1,3,37,3,2,1369,0,0.305526004,0.375080448,3,1.1783526,0,1.3684838,1,1,0,25,10,1,1,1,PAV045
60,1,2,39,0,2,2112,0,0.532884508,0.646326742,3,0.4646028,0,2.1114272,0,0,NaN,NaN,NaN,NaN,NaN,0,PAV045
61,1,3,9,1,2,2049,1,0.666327964,0.45299647,3,0.4776134,0,2.0465523,1,1,0,30,10,1,3,1,PAV045
62,1,3,51,0,2,1286,0,0.371118394,0.684824974,4,0.8279015,1,1.2853743,0,0,NaN,NaN,NaN,NaN,NaN,0,PAV045
63,1,1,13,1,2,1040,1,0.43158426,0.5892755,4,1.1009511,1,1.0391216,1,1,0,25,10,1,4,1,PAV045
64,1,1,33,3,1,2542,1,0.520912719,0.669007975,3,0.3453123,0,2.5416035,0,1,0,25,10,1,1,0,PAV045
65,1,3,29,3,2,2809,0,0.473288434,0.357385004,3,0.0450618,0,2.8090662,1,1,0,30,10,1,1,1,PAV045
66,1,3,48,0,1,1179,1,0.33433998,0.564811661,3,0.5236015,0,1.1790415,1,0,NaN,NaN,NaN,NaN,NaN,1,PAV045
67,1,1,24,3,2,1015,0,0.385174263,0.5459487,4,0.9637728,1,1.014935,1,1,0,25,10,1,1,1,PAV045
68,1,1,45,0,1,1459,1,0.73904632,0.580136051,3,0.3343596,0,1.4588571,1,0,NaN,NaN,NaN,NaN,NaN,1,PAV045
69,1,3,6,1,2,1997,1,0.668512968,0.470519732,3,0.6314707,0,1.9964855,1,1,0,20,10,1,3,1,PAV045
70,1,3,28,3,1,1084,1,0.469424563,0.609527189,3,0.627973,0,1.0839317,0,1,0,30,10,1,1,0,PAV045
71,1,2,1,1,2,919,1,0.374300346,0.580867283,3,1.5417047,0,0.9185189,1,1,0,25,10,1,2,1,PAV045
72,1,2,17,1,2,1134,1,0.526822579,0.342883257,3,0.8671975,0,1.1318822,1,1,8,10,10,1,15,1,PAV045
73,1,2,11,1,2,1271,1,0.393543077,0.694182616,3,1.5844236,0,1.2704186,1,1,0,25,10,1,4,1,PAV045
74,1,2,15,1,2,1278,1,0.311708936,0.655738573,3,1.5835041,0,1.2778261,1,1,0,25,10,1,4,1,PAV045
75,1,2,42,0,1,1179,1,0.344655546,0.7453773,3,1.9440749,0,1.1789077,1,0,NaN,NaN,NaN,NaN,NaN,1,PAV045
1,1,1,8,1,2,1182,1,0.483969706,0.276255212,5,3.3570288,2,1.1753616,1,1,1,20,20,1,3,1,PAV054
2,1,3,46,0,2,2090,0,0.543727188,0.354883571,3,4.0628985,0,2.0847896,0,0,NaN,NaN,NaN,NaN,NaN,0,PAV054
3,1,1,16,1,2,1212,1,0.727285234,0.482928072,5,2.8792241,2,1.2078327,1,1,8,10,10,1,15,1,PAV054
4,1,1,41,0,2,1718,0,0.729824646,0.405710183,5,1.516544,2,1.7157219,0,0,NaN,NaN,NaN,NaN,NaN,0,PAV054
5,1,3,11,1,1,6217,0,0.540278022,0.480626087,2,2.6798971,1,6.2115331,0,1,0,20,10,1,4,0,PAV054
6,1,3,45,0,2,1849,0,0.517727219,0.459557546,4,6.454594,1,1.846046,0,0,NaN,NaN,NaN,NaN,NaN,0,PAV054
7,1,3,41,0,1,5719,1,0.580842534,0.508168903,3,NaN,0,5.7169027,1,0,NaN,NaN,NaN,NaN,NaN,1,PAV054
8,1,1,9,1,2,2090,1,0.369564221,0.296014495,5,2.522196,2,2.0857268,1,1,1,25,25,1,3,1,PAV054
9,1,2,48,0,2,2048,0,0.669308492,0.662479145,5,4.433523,2,2.0462504,0,0,NaN,NaN,NaN,NaN,NaN,0,PAV054
10,1,1,37,3,2,6546,0,0.510389081,0.555582376,4,2.149713,1,6.543788,1,1,1,20,0,0,1,1,PAV054
11,1,3,16,1,2,5303,1,0.668037729,0.483754788,5,1.989853,2,5.301251,1,1,7,10,10,1,15,1,PAV054
12,1,1,12,1,2,2999,1,0.273482309,0.467262158,5,1.9559423,2,2.9967803,1,1,1,20,20,1,4,1,PAV054
13,1,1,10,1,2,2053,1,0.57960771,0.339111559,5,1.7484514,2,2.0514281,1,1,1,30,30,1,3,1,PAV054
14,1,2,4,1,2,1613,1,0.388572229,0.621418302,5,1.9767898,2,1.6116002,1,1,0,20,10,1,2,1,PAV054
15,1,1,32,3,2,4612,0,0.385446734,0.704603445,4,1.6582694,1,4.6101176,1,1,0,30,10,1,1,1,PAV054
16,1,2,30,3,2,2381,0,0.628295142,0.310757706,5,1.7736831,2,2.3792617,1,1,0,20,10,1,1,1,PAV054
17,1,2,11,1,0,NaN,0,0.629101417,0.405041414,NaN,NaN,NaN,NaN,0,1,0,30,10,1,4,0,PAV054
18,1,3,8,1,1,3129,0,0.33811128,0.575758134,2,3.6173766,1,3.1270777,0,1,0,20,10,1,3,0,PAV054
19,1,1,17,1,2,2470,1,0.747076684,0.563963082,3,0.0557758,0,2.4681164,1,1,6,10,10,1,15,1,PAV054
20,1,1,29,3,0,NaN,0,0.582066461,0.656121028,NaN,NaN,NaN,NaN,0,1,0,20,10,1,1,0,PAV054
21,1,1,26,3,2,2897,0,0.697689633,0.349876184,4,1.5732873,1,2.8950504,1,1,0,30,10,1,1,1,PAV054
22,1,2,44,0,1,2359,1,0.294214411,0.369819765,2,2.1314179,1,2.3571713,1,0,NaN,NaN,NaN,NaN,NaN,1,PAV054
23,1,1,44,0,2,2101,0,0.357094004,0.58683729,5,1.6965071,2,2.0992861,0,0,NaN,NaN,NaN,NaN,NaN,0,PAV054
24,1,2,3,1,2,2091,1,0.252614317,0.477117418,5,1.4476574,2,2.0889956,1,1,0,25,10,1,2,1,PAV054
25,1,3,52,0,1,3673,1,0.282641049,0.684018469,2,2.1408729,1,3.6697775,1,0,NaN,NaN,NaN,NaN,NaN,1,PAV054
26,1,2,41,0,1,1768,1,0.436681674,0.747924619,2,1.371304,1,1.7653658,1,0,NaN,NaN,NaN,NaN,NaN,1,PAV054
27,1,2,14,1,1,1652,0,0.293858504,0.636034844,2,1.8505496,1,1.6503519,0,1,0,20,10,1,4,0,PAV054
28,1,2,53,0,2,3112,0,0.44040194,0.587799603,5,3.0570016,2,3.1107956,0,0,NaN,NaN,NaN,NaN,NaN,0,PAV054
29,1,3,26,3,0,NaN,0,0.508613703,0.514071025,NaN,NaN,NaN,NaN,0,1,1,30,0,0,1,0,PAV054
30,1,2,32,3,2,1921,0,0.573860381,0.668729304,3,2.1747703,0,1.9182509,1,1,0,30,10,1,1,1,PAV054
31,1,1,50,0,1,2275,1,0.560879079,0.46686625,3,0.9360434,0,2.2730435,1,0,NaN,NaN,NaN,NaN,NaN,1,PAV054
32,1,3,27,3,2,2553,0,0.598993352,0.746952434,4,4.8484652,1,2.5501488,1,1,1,20,0,0,1,1,PAV054
33,1,2,27,3,2,2002,0,0.504425774,0.590526657,5,2.5346972,2,1.9999138,1,1,1,30,0,0,1,1,PAV054
34,1,2,15,1,2,1273,1,0.301524364,0.376186928,5,1.5571016,2,1.2713206,1,1,1,30,30,1,4,1,PAV054
35,1,3,25,3,1,2258,1,0.359751155,0.588126147,3,1.559356,0,2.2567561,0,1,0,20,10,1,1,0,PAV054
36,1,2,1,1,2,4779,1,0.640233348,0.743905693,3,1.5528684,0,4.7774628,1,1,0,30,10,1,2,1,PAV054
37,1,3,35,3,2,2218,0,0.661865174,0.490140006,3,1.86522,0,2.2134114,1,1,1,20,0,0,1,1,PAV054
38,1,2,13,1,1,1678,0,0.259022358,0.444561043,3,0.9890762,0,1.6742215,0,1,0,30,10,1,4,0,PAV054
39,1,2,39,0,2,3213,0,0.447133008,0.256730722,4,1.4050905,1,3.2116247,0,0,NaN,NaN,NaN,NaN,NaN,0,PAV054
40,1,2,31,3,2,2160,0,0.639571846,0.284076004,3,0.1517847,0,2.1587716,1,1,1,25,0,0,1,1,PAV054
41,1,3,48,0,2,2222,0,0.428264857,0.377098429,5,1.8265656,2,2.2198482,0,0,NaN,NaN,NaN,NaN,NaN,0,PAV054
42,1,3,4,1,2,2357,1,0.698684563,0.449678654,5,1.8718336,2,2.3549398,1,1,0,20,10,1,2,1,PAV054
43,1,3,5,1,1,1544,0,0.710332167,0.513679706,3,1.0356251,0,1.5419376,0,1,0,25,10,1,2,0,PAV054
44,1,3,38,3,1,4194,1,0.446177947,0.536005843,2,2.073179,1,4.1884293,0,1,0,25,10,1,1,0,PAV054
45,1,1,31,3,2,2856,0,0.49905696,0.680549016,5,1.6308465,2,2.8544534,1,1,0,30,10,1,1,1,PAV054
46,1,1,53,0,2,2014,0,0.390447381,0.253668626,3,2.1359223,0,2.0114386,0,0,NaN,NaN,NaN,NaN,NaN,0,PAV054
47,1,1,51,0,2,1831,0,0.421320537,0.257871563,4,1.1739844,1,1.8291004,0,0,NaN,NaN,NaN,NaN,NaN,0,PAV054
48,1,3,56,0,2,3512,0,0.512498557,0.347753161,3,1.1504555,0,3.5096977,0,0,NaN,NaN,NaN,NaN,NaN,0,PAV054
49,1,3,9,1,2,2141,1,0.360569949,0.354160889,3,1.0494378,0,2.1387553,1,1,0,25,10,1,3,1,PAV054
50,1,1,27,3,2,1303,0,0.674833619,0.659585816,5,2.9175634,2,1.300214,1,1,0,20,10,1,1,1,PAV054
51,1,2,24,3,1,1534,1,0.326737458,0.287611887,3,1.1598081,0,1.5304638,0,1,0,25,10,1,1,0,PAV054
52,1,1,40,0,2,2223,0,0.516835979,0.356853873,4,1.3068359,1,2.2207974,0,0,NaN,NaN,NaN,NaN,NaN,0,PAV054
53,1,3,24,3,2,2282,0,0.513389608,0.321786613,4,1.5237133,1,2.2802092,1,1,0,25,10,1,1,1,PAV054
54,1,3,44,0,2,4596,0,0.514515271,0.46262036,4,1.7577859,1,4.5910062,0,0,NaN,NaN,NaN,NaN,NaN,0,PAV054
55,1,2,28,3,2,2024,0,0.265218989,0.28910726,5,1.5572208,2,2.0223454,1,1,0,20,10,1,1,1,PAV054
56,1,1,3,1,2,1324,1,0.469642586,0.656466311,5,1.3644753,2,1.3216662,1,1,0,20,0,0,2,1,PAV054
57,1,3,36,3,1,2179,1,0.633369854,0.40786672,3,0.9356192,0,2.177425,0,1,0,30,10,1,1,0,PAV054
58,1,1,43,0,2,3605,0,0.538096174,0.538709278,3,2.8978699,0,3.5990287,0,0,NaN,NaN,NaN,NaN,NaN,0,PAV054
59,1,2,10,1,2,1471,1,0.368132252,0.676003132,5,1.4286465,2,1.4697145,1,1,0,20,10,1,3,1,PAV054
60,1,3,40,0,2,1657,0,0.530713502,0.748166357,4,1.2771138,1,1.653686,0,0,NaN,NaN,NaN,NaN,NaN,0,PAV054
61,1,2,17,1,2,1201,1,0.545700641,0.446156242,5,1.4354804,2,1.1987633,1,1,6,10,10,1,15,1,PAV054
62,1,3,1,1,1,1207,0,0.563928276,0.744344849,3,0.8752062,0,1.2056575,0,1,0,30,10,1,2,0,PAV054
63,1,1,52,0,2,2654,0,0.405534777,0.723280672,4,1.5621287,1,2.6521443,0,0,NaN,NaN,NaN,NaN,NaN,0,PAV054
64,1,1,14,1,2,1109,1,0.609833371,0.651634585,5,2.0950024,2,1.1077319,1,1,0,20,10,1,4,1,PAV054
65,1,3,18,1,2,1409,1,0.523837894,0.400671134,5,1.7178824,2,1.4068888,1,1,7,10,10,1,15,1,PAV054
66,1,1,49,0,1,1288,1,0.381411826,0.556053476,3,0.6631723,0,1.2867068,1,0,NaN,NaN,NaN,NaN,NaN,1,PAV054
67,1,1,34,3,2,2731,0,0.37643067,0.69589711,3,1.6851927,0,2.7250566,1,1,0,25,10,1,1,1,PAV054
68,1,2,45,0,2,2749,0,0.419949466,0.701870235,3,1.180233,0,2.7476389,0,0,NaN,NaN,NaN,NaN,NaN,0,PAV054
69,1,2,47,0,1,2500,1,0.654269028,0.721024062,3,3.5512057,0,2.497586,1,0,NaN,NaN,NaN,NaN,NaN,1,PAV054
70,1,1,18,1,2,1104,1,0.652449168,0.331862434,3,0.310758,0,1.1018644,1,1,4,10,10,1,15,1,PAV054
71,1,3,17,1,2,2949,1,0.285878301,0.7186027,5,1.6300573,2,2.9470394,1,1,10,10,10,1,15,1,PAV054
72,1,2,56,0,2,3645,0,0.643538173,0.474993362,3,0.9447817,0,3.6417979,0,0,NaN,NaN,NaN,NaN,NaN,0,PAV054
73,1,2,33,3,2,2051,0,0.5069647,0.561408119,3,0.9759593,0,2.0493648,1,1,0,30,10,1,1,1,PAV054
74,1,2,42,0,1,1792,1,0.393571804,0.40000849,3,0.9461544,0,1.7902956,1,0,NaN,NaN,NaN,NaN,NaN,1,PAV054
75,1,3,42,0,1,1888,1,0.571656954,0.431733848,3,1.4834045,0,1.8861555,1,0,NaN,NaN,NaN,NaN,NaN,1,PAV054
1,2,1,47,0,2,1107,0,0.452635897,0.633157768,4,2.05594,1,1.1039585,0,0,NaN,NaN,NaN,NaN,NaN,0,PAV054
2,2,1,4,1,2,1560,1,0.591465669,0.280454045,5,1.7724052,2,1.5579084,1,1,0,25,10,1,2,1,PAV054
3,2,2,12,1,2,1569,1,0.477732146,0.451678177,5,1.7674243,2,1.5671155,1,1,1,20,20,1,4,1,PAV054
4,2,1,38,3,2,1245,0,0.622770165,0.280623916,5,1.3078688,2,1.2432031,1,1,0,25,10,1,1,1,PAV054
5,2,2,50,0,1,2265,1,0.655988908,0.334316126,3,1.6667824,0,2.2621717,1,0,NaN,NaN,NaN,NaN,NaN,1,PAV054
6,2,2,55,0,1,1877,1,0.676183038,0.269693287,3,1.0933933,0,1.8699766,1,0,NaN,NaN,NaN,NaN,NaN,1,PAV054
7,2,3,37,3,2,2367,0,0.526023832,0.436852144,3,1.3642304,0,2.3632326,1,1,0,20,10,1,1,1,PAV054
8,2,2,51,0,2,1609,0,0.722698563,0.668292126,3,0.8927014,0,1.6068157,0,0,NaN,NaN,NaN,NaN,NaN,0,PAV054
9,2,2,7,1,2,2327,1,0.366286713,0.544669635,4,2.2190658,1,2.3254639,1,1,1,30,30,1,3,1,PAV054
10,2,3,50,0,1,2598,1,0.443192323,0.670480927,3,0.8662633,0,2.5960905,1,0,NaN,NaN,NaN,NaN,NaN,1,PAV054
11,2,2,29,3,1,2378,1,0.259047385,0.275475971,2,1.8962257,1,2.3745363,0,1,0,20,10,1,1,0,PAV054
12,2,1,6,1,2,2025,1,0.33597975,0.531777992,3,0.5306901,0,2.0232715,1,1,0,25,10,1,3,1,PAV054
13,2,3,34,3,2,3177,0,0.530288487,0.740781903,5,1.6991668,2,3.1747855,1,1,0,25,10,1,1,1,PAV054
14,2,3,53,0,2,1248,0,0.274147775,0.45647473,5,1.3426636,2,1.2465489,0,0,NaN,NaN,NaN,NaN,NaN,0,PAV054
15,2,1,36,3,2,1150,0,0.46243529,0.428243531,5,1.1802069,2,1.1454647,1,1,0,25,10,1,1,1,PAV054
16,2,2,46,0,2,2685,0,0.293822736,0.49441351,3,1.2476541,0,2.6825101,0,0,NaN,NaN,NaN,NaN,NaN,0,PAV054
17,2,1,13,1,2,1042,1,0.372655477,0.560881092,5,1.1811694,2,1.0400294,1,1,1,25,25,1,4,1,PAV054
18,2,3,47,0,1,1420,1,0.27620048,0.598274532,2,2.202886,1,1.4176331,1,0,NaN,NaN,NaN,NaN,NaN,1,PAV054
19,2,3,14,1,2,1925,1,0.344622716,0.644244537,3,1.3320148,0,1.9193132,1,1,1,30,30,1,4,1,PAV054
20,2,1,7,1,2,1059,1,0.364727931,0.319830837,5,1.2535269,2,1.0566763,1,1,1,30,30,1,3,1,PAV054
21,2,2,2,1,2,1405,1,0.30476527,0.637309896,5,1.4319936,2,1.4016037,1,1,0,20,10,1,2,1,PAV054
22,2,3,31,3,1,1633,1,0.278806584,0.342793468,3,3.5702011,2,1.6313086,0,1,0,30,10,1,1,0,PAV054
23,2,3,66,0,1,2144,1,0.416318316,0.393507067,1,1.5689895,2,2.1428113,1,0,NaN,NaN,NaN,NaN,NaN,1,PAV054
24,2,1,5,1,2,2252,1,0.289692956,0.433879962,5,1.3367953,2,2.247335,1,1,1,25,25,1,2,1,PAV054
25,2,3,54,0,2,1489,0,0.33599208,0.301490165,4,1.2933008,1,1.4866777,0,0,NaN,NaN,NaN,NaN,NaN,0,PAV054
26,2,3,55,0,1,2091,1,0.348281263,0.65048118,3,0.9561039,0,2.088944,1,0,NaN,NaN,NaN,NaN,NaN,1,PAV054
27,2,3,33,3,1,1455,1,0.468024355,0.61214914,3,0.8567175,0,1.4476981,0,1,0,25,10,1,1,0,PAV054
28,2,3,6,1,1,1435,0,0.741270354,0.259632117,3,4.4697033,0,1.4292424,0,1,0,30,10,1,3,0,PAV054
29,2,1,46,0,2,3280,0,0.467819732,0.44072032,3,2.1146936,0,3.2779983,0,0,NaN,NaN,NaN,NaN,NaN,0,PAV054
30,2,1,42,0,2,1814,0,0.725938867,0.523118066,4,0.9287452,1,1.8111763,0,0,NaN,NaN,NaN,NaN,NaN,0,PAV054
31,2,2,40,0,2,1460,0,0.700380474,0.391858248,4,1.5658756,1,1.4587092,0,0,NaN,NaN,NaN,NaN,NaN,0,PAV054
32,2,3,39,0,1,1292,1,0.656681993,0.405678445,2,2.3668073,1,1.2905452,1,0,NaN,NaN,NaN,NaN,NaN,1,PAV054
33,2,3,2,1,2,1696,1,0.494893862,0.556995601,3,2.3037117,0,1.6946491,1,1,0,30,10,1,2,1,PAV054
34,2,2,52,0,1,1737,1,0.715916605,0.535101797,3,0.2093246,0,1.7346706,1,0,NaN,NaN,NaN,NaN,NaN,1,PAV054
35,2,3,49,0,1,2177,1,0.255958445,0.525684259,2,1.7990535,1,2.1753128,1,0,NaN,NaN,NaN,NaN,NaN,1,PAV054
36,2,2,9,1,2,2260,1,0.53667397,0.646356856,4,1.1875639,1,2.2571118,1,1,1,20,20,1,3,1,PAV054
37,2,2,35,3,2,1820,0,0.461661683,0.458532911,4,2.118072,1,1.8179832,1,1,0,20,10,1,1,1,PAV054
38,2,2,54,0,1,1376,1,0.567314924,0.35042131,2,1.8321256,1,1.3738426,1,0,NaN,NaN,NaN,NaN,NaN,1,PAV054
39,2,1,1,1,2,973,1,0.41836883,0.472423762,5,1.2774504,2,0.9702508,1,1,1,30,30,1,2,1,PAV054
40,2,2,43,0,1,1540,1,0.467353338,0.685754522,2,1.4398847,1,1.5383643,1,0,NaN,NaN,NaN,NaN,NaN,1,PAV054
41,2,3,51,0,1,1314,1,0.501240872,0.609457053,2,1.0960586,1,1.310985,1,0,NaN,NaN,NaN,NaN,NaN,1,PAV054
42,2,2,37,3,2,4273,0,0.695586759,0.648089693,3,1.1616675,0,4.2718794,1,1,1,25,0,0,1,1,PAV054
43,2,1,56,0,2,1726,0,0.706193747,0.701830066,5,2.5139684,2,1.720875,0,0,NaN,NaN,NaN,NaN,NaN,0,PAV054
44,2,1,28,3,2,1144,0,0.31924382,0.400371017,5,1.2814156,2,1.142067,1,1,1,20,0,0,1,1,PAV054
45,2,1,54,0,2,1694,0,0.671246812,0.2670512,4,1.1260063,1,1.6914963,0,0,NaN,NaN,NaN,NaN,NaN,0,PAV054
46,2,2,25,3,1,2677,1,0.309414002,0.666943097,3,1.8894823,0,2.6728965,0,1,0,25,10,1,1,0,PAV054
47,2,1,48,0,2,1455,0,0.302836116,0.521253286,4,2.0623587,1,1.4532588,0,0,NaN,NaN,NaN,NaN,NaN,0,PAV054
48,2,1,30,3,2,1251,0,0.529840041,0.311674966,5,1.2197885,2,1.2486552,1,1,0,25,10,1,1,1,PAV054
49,2,1,11,1,2,1001,1,0.658820808,0.612077521,5,1.3588788,2,0.9998069,1,1,1,25,25,1,4,1,PAV054
50,2,1,2,1,1,2565,0,0.477662819,0.477320031,3,1.2817478,0,2.5633156,0,1,0,25,10,1,2,0,PAV054
51,2,2,6,1,2,2185,1,0.366910413,0.582730302,5,1.3738306,2,2.1830263,1,1,1,25,25,1,3,1,PAV054
52,2,3,7,1,2,2389,1,0.605663203,0.317933761,4,1.6643114,1,2.3869735,1,1,0,20,10,1,3,1,PAV054
53,2,2,34,3,2,1109,0,0.616773962,0.603025399,5,1.1497869,2,1.1066016,1,1,1,30,0,0,1,1,PAV054
54,2,1,45,0,2,978,0,0.526419282,0.560548607,4,1.3487399,1,0.9752975,0,0,NaN,NaN,NaN,NaN,NaN,0,PAV054
55,2,3,15,1,1,958,0,0.651004393,0.581204107,2,2.4262026,1,0.9567776,0,1,0,30,10,1,4,0,PAV054
56,2,1,39,0,2,1238,0,0.441804007,0.609823334,4,1.4639819,1,1.2358137,0,0,NaN,NaN,NaN,NaN,NaN,0,PAV054
57,2,3,30,3,1,1341,1,0.390425208,0.480066528,2,1.5616681,1,1.3383444,0,1,0,30,0,0,1,0,PAV054
58,2,3,12,1,2,1305,1,0.276153932,0.466335337,5,1.3521652,2,1.3023384,1,1,1,25,25,1,4,1,PAV054
59,2,3,29,3,2,3982,0,0.349975646,0.63484614,4,1.5255135,1,3.9798884,1,1,0,30,10,1,1,1,PAV054
60,2,1,35,3,2,1171,0,0.390870956,0.419463554,5,1.4599927,2,1.1691119,1,1,0,25,10,1,1,1,PAV054
61,2,2,8,1,1,3416,0,0.606721563,0.723445333,3,1.4498856,0,3.4135086,0,1,0,25,10,1,3,0,PAV054
62,2,3,3,1,1,1678,0,0.278682979,0.549277518,3,0.1747911,0,1.6756724,0,1,0,30,10,1,2,0,PAV054
63,2,2,5,1,2,2391,1,0.603630416,0.67751974,4,1.0910838,1,2.3877818,1,1,0,20,10,1,2,1,PAV054
64,2,1,25,3,2,1007,0,0.460261458,0.481659195,5,1.2070453,2,1.0049974,1,1,0,30,10,1,1,1,PAV054
65,2,2,38,3,2,1419,0,0.30882164,0.454288885,5,1.2865497,2,1.4168079,1,1,1,20,0,0,1,1,PAV054
66,2,1,24,3,2,861,0,0.392468788,0.690436577,5,1.1293284,2,0.8594676,1,1,0,20,10,1,1,1,PAV054
67,2,3,13,1,2,895,1,0.557137115,0.398536907,5,0.9902367,2,0.8929479,1,1,1,25,25,1,4,1,PAV054
68,2,3,32,3,1,2031,1,0.344788064,0.560669466,3,1.3439499,0,2.0275747,0,1,0,20,10,1,1,0,PAV054
69,2,2,18,1,2,1214,1,0.729370177,0.573835985,5,1.1662777,2,1.2121249,1,1,6,10,10,1,15,1,PAV054
70,2,2,36,3,2,928,0,0.733874756,0.366298863,5,1.0485238,2,0.9224135,1,1,0,30,10,1,1,1,PAV054
71,2,2,26,3,2,1650,0,0.481757479,0.328317108,4,0.9883133,1,1.6463823,1,1,0,25,10,1,1,1,PAV054
72,2,1,33,3,2,882,0,0.693107559,0.625220699,5,1.0060276,2,0.8769064,1,1,0,30,10,1,1,1,PAV054
73,2,3,10,1,2,2141,1,0.558115909,0.314801736,3,1.4212788,0,2.1382537,1,1,0,30,10,1,3,1,PAV054
74,2,3,28,3,2,1698,0,0.581895985,0.415586755,3,0.6035731,0,1.6958721,1,1,0,25,10,1,1,1,PAV054
75,2,2,16,1,2,984,1,0.311725998,0.710956653,5,1.138065,2,0.9817456,1,1,8,10,10,1,15,1,PAV054
76,2,1,55,0,1,2397,1,0.682302219,0.618750049,3,1.0870959,0,2.3930236,1,0,NaN,NaN,NaN,NaN,NaN,1,PAV054
77,2,1,15,1,2,1334,1,0.385602177,0.538498629,5,1.4105891,2,1.3308006,1,1,1,25,25,1,4,1,PAV054
78,2,2,49,0,2,1662,0,0.26916802,0.470210995,5,1.4585125,2,1.6602433,0,0,NaN,NaN,NaN,NaN,NaN,0,PAV054
1,1,1,52,0,0,NaN,0,0.449937954,0.589579424,NaN,NaN,NaN,NaN,0,0,NaN,NaN,NaN,NaN,NaN,0,PAV055
2,1,3,27,3,1,3197,1,0.670309598,0.366193163,2,NaN,1,3.1941177,0,1,1,30,0,0,1,0,PAV055
3,1,2,43,0,1,2233,1,0.385632234,0.361041754,1,5.9225743,2,2.2310935,1,0,NaN,NaN,NaN,NaN,NaN,1,PAV055
4,1,2,16,1,2,1056,1,0.569603982,0.727219007,5,2.3437553,2,1.0537722,1,1,6,10,10,1,15,1,PAV055
5,1,3,26,3,2,1307,0,0.359681591,0.439680625,4,3.3000307,1,1.2998206,1,1,0,25,10,1,1,1,PAV055
6,1,2,26,3,2,1515,0,0.67489753,0.340771052,5,1.6154437,2,1.5128333,1,1,0,30,10,1,1,1,PAV055
7,1,1,16,1,2,834,1,0.672864986,0.546533999,5,1.5421095,2,0.8320477,1,1,6,10,10,1,15,1,PAV055
8,1,2,9,1,2,813,1,0.739151187,0.58760643,5,1.2289807,2,0.8108918,1,1,0,25,10,1,3,1,PAV055
9,1,1,26,3,1,887,1,0.345334676,0.531578887,1,1.5480226,2,0.8849791,0,1,0,25,10,1,1,0,PAV055
10,1,2,46,0,1,1321,1,0.464738147,0.439395348,1,4.1805307,2,1.3188064,1,0,NaN,NaN,NaN,NaN,NaN,1,PAV055
11,1,2,12,1,2,1010,1,0.445540652,0.554991465,5,2.2150042,2,1.0073959,1,1,0,30,10,1,4,1,PAV055
12,1,2,4,1,2,879,1,0.648219041,0.691635468,5,3.0681976,2,0.8743824,1,1,1,20,20,1,2,1,PAV055
13,1,2,50,0,2,939,0,0.410529594,0.417418709,5,1.6043193,2,0.9375005,0,0,NaN,NaN,NaN,NaN,NaN,0,PAV055
14,1,1,32,3,2,914,0,0.556064329,0.341661327,5,1.5375632,2,0.9110881,1,1,0,30,10,1,1,1,PAV055
15,1,2,17,1,2,726,1,0.637098524,0.324229126,5,1.7518194,2,0.7238955,1,1,8,10,10,1,15,1,PAV055
16,1,3,2,1,2,1087,1,0.434057928,0.708386326,3,0.572855,0,1.0847276,1,1,0,20,10,1,2,1,PAV055
17,1,1,17,1,2,873,1,0.410731127,0.277841836,5,1.8104779,2,0.8696235,1,1,5,10,10,1,15,1,PAV055
18,1,3,47,0,1,1409,1,0.627202664,0.501384069,5,3.7835684,7,1.4069052,1,0,NaN,NaN,NaN,NaN,NaN,1,PAV055
19,1,2,18,1,2,682,1,0.573767982,0.340477809,5,1.9371211,2,0.6798259,1,1,9,10,10,1,15,1,PAV055
20,1,2,44,0,1,1179,1,0.496881773,0.648872589,5,1.7313824,2,1.177263,1,0,NaN,NaN,NaN,NaN,NaN,1,PAV055
21,1,2,38,3,2,1277,0,0.268235724,0.502987644,1,4.2120181,2,1.2744026,1,1,0,25,10,1,1,1,PAV055
22,1,3,37,3,2,924,0,0.427900766,0.620867191,5,1.4574311,2,0.9225422,1,1,0,30,10,1,1,1,PAV055
23,1,2,30,3,2,947,0,0.65880627,0.638249389,5,1.2819932,2,0.9448263,1,1,0,25,10,1,1,1,PAV055
24,1,1,2,1,2,3100,1,0.403794401,0.632907623,1,2.0427954,2,3.0976914,1,1,1,25,25,1,2,1,PAV055
25,1,3,24,3,1,2865,1,0.347934634,0.683607088,4,1.9289327,1,2.8623533,0,1,0,20,10,1,1,0,PAV055
26,1,2,8,1,1,1425,0,0.25089189,0.291888383,5,1.8082872,2,1.423347,0,1,0,20,10,1,3,0,PAV055
27,1,1,10,1,2,791,1,0.322320485,0.324678152,5,1.6558759,2,0.7896429,1,1,1,20,20,1,3,1,PAV055
28,1,1,25,3,2,1030,0,0.430696301,0.698831113,5,1.0520454,2,1.0281912,1,1,0,30,10,1,1,1,PAV055
29,1,3,7,1,2,1174,1,0.620499399,0.595361664,5,0.9817746,2,1.170437,1,1,0,20,10,1,3,1,PAV055
30,1,3,39,0,1,1301,1,0.441269645,0.666029218,4,2.3059249,3,1.2995087,1,0,NaN,NaN,NaN,NaN,NaN,1,PAV055
31,1,2,54,0,2,1446,0,0.34742388,0.279087176,1,3.3700614,2,1.4414142,0,0,NaN,NaN,NaN,NaN,NaN,0,PAV055
32,1,1,27,3,1,968,1,0.59622995,0.286262772,5,1.0519582,2,0.9658621,0,1,0,25,10,1,1,0,PAV055
33,1,3,33,3,2,1255,0,0.656468443,0.472363131,5,1.1710168,2,1.2468831,1,1,0,25,10,1,1,1,PAV055
34,1,3,16,1,2,775,1,0.291929622,0.271335273,5,1.100726,2,0.7717981,1,1,10,10,10,1,15,1,PAV055
35,1,3,50,0,1,1082,1,0.540079326,0.285651427,5,0.8727594,2,1.0800959,1,0,NaN,NaN,NaN,NaN,NaN,1,PAV055
36,1,3,13,1,2,1341,1,0.570645236,0.544374889,5,1.8296004,2,1.3386744,1,1,1,25,25,1,4,1,PAV055
37,1,3,14,1,2,1067,1,0.271788932,0.664660807,5,0.9807608,2,1.0656866,1,1,0,30,10,1,4,1,PAV055
38,1,1,8,1,2,602,1,0.662140446,0.718937648,5,1.0222897,2,0.5989986,1,1,1,20,20,1,3,1,PAV055
39,1,3,53,0,2,2119,0,0.643075906,0.706124538,1,1.051778,2,2.1171655,0,0,NaN,NaN,NaN,NaN,NaN,0,PAV055
40,1,2,42,0,1,1120,1,0.728856352,0.427517832,5,0.8495471,2,1.1182467,1,0,NaN,NaN,NaN,NaN,NaN,1,PAV055
41,1,3,49,0,1,1230,1,0.260836845,0.562595456,5,2.1427951,4,1.2280624,1,0,NaN,NaN,NaN,NaN,NaN,1,PAV055
42,1,3,54,0,1,2104,1,0.614566535,0.701270418,5,1.9760418,2,2.1018758,1,0,NaN,NaN,NaN,NaN,NaN,1,PAV055
43,1,1,9,1,2,770,1,0.37903319,0.445716075,5,0.9043133,2,0.7686338,1,1,1,30,30,1,3,1,PAV055
44,1,1,56,0,1,861,1,0.255758453,0.610614266,5,1.5755167,2,0.8596048,1,0,NaN,NaN,NaN,NaN,NaN,1,PAV055
45,1,1,28,3,2,847,0,0.518263129,0.487592614,5,0.9371719,2,0.8457883,1,1,0,20,10,1,1,1,PAV055
46,1,1,1,1,2,608,1,0.694540462,0.273744912,5,0.9493802,2,0.6060037,1,1,1,20,20,1,2,1,PAV055
47,1,2,48,0,1,1038,1,0.319795497,0.691438976,5,1.0415212,2,1.0370606,1,0,NaN,NaN,NaN,NaN,NaN,1,PAV055
48,1,2,27,3,1,2718,1,0.521425723,0.632030854,4,3.5722343,1,2.7162646,0,1,0,30,10,1,1,0,PAV055
49,1,1,41,0,1,973,1,0.676200826,0.441902444,5,1.0238832,2,0.9711664,1,0,NaN,NaN,NaN,NaN,NaN,1,PAV055
50,1,1,54,0,2,804,0,0.742457067,0.442261852,1,4.874283,2,0.7991635,0,0,NaN,NaN,NaN,NaN,NaN,0,PAV055
51,1,3,12,1,2,878,1,0.310936492,0.40309239,5,1.7100026,2,0.8756963,1,1,1,25,25,1,4,1,PAV055
52,1,1,50,0,1,944,1,0.611316766,0.686271059,5,1.0499635,2,0.9416825,1,0,NaN,NaN,NaN,NaN,NaN,1,PAV055
53,1,3,6,1,2,1363,1,0.484354699,0.458710382,5,1.0616357,2,1.3613295,1,1,0,30,10,1,3,1,PAV055
54,1,1,47,0,1,863,1,0.46825826,0.370587547,5,0.956421,2,0.8608975,1,0,NaN,NaN,NaN,NaN,NaN,1,PAV055
55,1,3,48,0,1,1201,1,0.394337074,0.361397975,5,0.9343781,2,1.1987636,1,0,NaN,NaN,NaN,NaN,NaN,1,PAV055
56,1,1,43,0,1,778,1,0.419914194,0.668526093,5,1.2446593,2,0.7761003,1,0,NaN,NaN,NaN,NaN,NaN,1,PAV055
57,1,1,14,1,2,923,1,0.564025112,0.663374227,5,1.1989801,2,0.9203406,1,1,1,20,20,1,4,1,PAV055
58,1,1,39,0,1,769,1,0.379840121,0.296641425,5,1.0277502,2,0.7657439,1,0,NaN,NaN,NaN,NaN,NaN,1,PAV055
59,1,1,45,0,1,930,1,0.742763016,0.298883268,5,1.0717601,2,0.9282727,1,0,NaN,NaN,NaN,NaN,NaN,1,PAV055
60,1,3,66,0,1,829,1,0.666822497,0.317854756,5,1.0837608,2,0.8258284,1,0,NaN,NaN,NaN,NaN,NaN,1,PAV055
61,1,1,33,3,1,707,1,0.493183579,0.461682118,5,1.2644499,2,0.7030696,0,1,0,25,10,1,1,0,PAV055
62,1,3,5,1,1,2156,0,0.367261749,0.400194137,3,3.3040398,2,2.148673,0,1,0,20,10,1,2,0,PAV055
63,1,2,53,0,2,2118,0,0.571022565,0.344987868,3,2.7833065,0,2.1155846,0,0,NaN,NaN,NaN,NaN,NaN,0,PAV055
64,1,1,38,3,2,1569,0,0.705137607,0.305235925,5,1.7416313,2,1.5660017,1,1,0,30,10,1,1,1,PAV055
65,1,3,34,3,2,858,0,0.548727889,0.626479171,5,1.0641327,2,0.8564742,1,1,0,30,10,1,1,1,PAV055
66,1,2,45,0,1,2413,1,0.686317495,0.453175703,5,3.8424926,2,2.4107506,1,0,NaN,NaN,NaN,NaN,NaN,1,PAV055
67,1,3,35,3,2,1119,0,0.506939273,0.646610649,5,1.1534802,2,1.1169445,1,1,0,20,10,1,1,1,PAV055
68,1,2,7,1,2,746,1,0.350167204,0.458050871,5,1.5636032,2,0.7446686,1,1,0,30,10,1,3,1,PAV055
69,1,2,11,1,2,885,1,0.354700262,0.296092495,5,1.795579,2,0.8807866,1,1,1,30,30,1,4,1,PAV055
70,1,2,33,3,2,989,0,0.568282262,0.600891969,5,0.9622813,2,0.986578,1,1,0,20,10,1,1,1,PAV055
71,1,2,31,3,2,4038,0,0.541057278,0.67128449,2,2.1318041,3,4.0367149,1,1,0,25,10,1,1,1,PAV055
72,1,1,13,1,2,636,1,0.575902776,0.547709675,5,0.9623493,2,0.6345426,1,1,1,25,25,1,4,1,PAV055
73,1,3,4,1,2,1022,1,0.441162621,0.384011907,5,1.5269906,2,1.0200989,1,1,1,25,25,1,2,1,PAV055
74,1,2,25,3,1,2302,1,0.413485677,0.288805844,3,0.2947623,0,2.3000284,0,1,0,30,10,1,1,0,PAV055
75,1,3,56,0,2,814,0,0.255872866,0.334410055,4,3.6115607,3,0.808388,0,0,NaN,NaN,NaN,NaN,NaN,0,PAV055
1,2,3,40,0,0,NaN,0,0.623621101,0.402324912,NaN,NaN,NaN,NaN,0,0,NaN,NaN,NaN,NaN,NaN,0,PAV055
2,2,1,5,1,2,2845,1,0.73665327,0.368317498,5,NaN,4,2.8407733,1,1,0,30,10,1,2,1,PAV055
3,2,1,24,3,2,1696,0,0.559340706,0.347367151,5,5.0124224,2,1.6931255,1,1,0,25,10,1,1,1,PAV055
4,2,2,2,1,2,3611,1,0.431464959,0.40166119,4,2.0983583,1,3.6080621,1,1,1,25,25,1,2,1,PAV055
5,2,1,49,0,1,954,1,0.608248569,0.405510507,5,2.0458707,2,0.9463793,1,0,NaN,NaN,NaN,NaN,NaN,1,PAV055
6,2,3,9,1,2,1227,1,0.477337758,0.657914875,5,1.5643927,2,1.2249305,1,1,0,30,10,1,3,1,PAV055
7,2,2,29,3,1,1108,1,0.590438389,0.262281415,5,4.7212874,2,1.1037308,0,1,0,20,10,1,1,0,PAV055
8,2,3,44,0,2,1163,0,0.469101974,0.490694902,5,1.0146074,2,1.1550709,0,0,NaN,NaN,NaN,NaN,NaN,0,PAV055
9,2,2,14,1,2,900,1,0.295529753,0.744431627,5,1.21517,2,0.8953254,1,1,1,20,20,1,4,1,PAV055
10,2,1,36,3,2,3790,0,0.69436078,0.680956924,1,2.0665222,2,3.7866147,1,1,0,30,10,1,1,1,PAV055
11,2,3,38,3,2,918,0,0.279149091,0.629467127,5,0.9148764,2,0.9084404,1,1,0,30,10,1,1,1,PAV055
12,2,2,56,0,1,1524,1,0.603732504,0.567183523,5,2.6698849,2,1.517644,1,0,NaN,NaN,NaN,NaN,NaN,1,PAV055
13,2,1,15,1,2,735,1,0.389608918,0.736254419,5,0.853131,2,0.7331386,1,1,1,20,20,1,4,1,PAV055
14,2,1,6,1,2,653,1,0.394829858,0.321193538,5,1.1136929,2,0.6475191,1,1,1,25,25,1,3,1,PAV055
15,2,1,53,0,1,2155,1,0.724298689,0.596027965,5,2.3449608,2,2.1531721,1,0,NaN,NaN,NaN,NaN,NaN,1,PAV055
16,2,2,1,1,1,1688,0,0.328429821,0.49204017,3,2.571118,0,1.6861219,0,1,0,30,10,1,2,0,PAV055
17,2,1,3,1,2,2364,1,0.351797704,0.452474866,5,0.7988102,2,2.3618044,1,1,0,20,10,1,2,1,PAV055
18,2,3,46,0,1,1193,1,0.647582366,0.739204188,5,1.3931159,2,1.1911257,1,0,NaN,NaN,NaN,NaN,NaN,1,PAV055
19,2,3,41,0,2,743,0,0.28998033,0.327878759,3,2.5574684,0,0.7420941,0,0,NaN,NaN,NaN,NaN,NaN,0,PAV055
20,2,1,12,1,2,690,1,0.491775119,0.544523934,5,0.871919,2,0.6883415,1,1,1,25,25,1,4,1,PAV055
21,2,1,46,0,1,2086,1,0.631298349,0.32976459,5,1.3379447,2,2.0825397,1,0,NaN,NaN,NaN,NaN,NaN,1,PAV055
22,2,3,11,1,2,1763,1,0.682877082,0.573060854,4,1.1504642,1,1.7609328,1,1,0,30,10,1,4,1,PAV055
23,2,3,17,1,2,3664,1,0.499443665,0.594242669,3,0.7010083,0,3.6621351,1,1,7,10,10,1,15,1,PAV055
24,2,2,39,0,1,1269,1,0.659579636,0.498994451,5,1.107962,2,1.2675083,1,0,NaN,NaN,NaN,NaN,NaN,1,PAV055
25,2,1,11,1,2,701,1,0.324206377,0.367887745,5,0.8158465,2,0.698246,1,1,1,20,20,1,4,1,PAV055
26,2,2,52,0,1,1188,1,0.554202485,0.672309392,5,1.37042,2,1.1850082,1,0,NaN,NaN,NaN,NaN,NaN,1,PAV055
27,2,1,40,0,2,943,0,0.639801489,0.623309149,5,0.8511838,2,0.9402507,0,0,NaN,NaN,NaN,NaN,NaN,0,PAV055
28,2,1,4,1,2,682,1,0.351429193,0.688495942,5,0.9098425,2,0.6798025,1,1,1,30,30,1,2,1,PAV055
29,2,2,55,0,1,1158,1,0.586167739,0.291105526,5,0.8190825,2,1.1565232,1,0,NaN,NaN,NaN,NaN,NaN,1,PAV055
30,2,2,15,1,2,1220,1,0.626974121,0.420648525,4,1.0872425,1,1.217771,1,1,0,20,10,1,4,1,PAV055
31,2,3,55,0,2,2380,0,0.254957025,0.682079233,3,0.1703732,0,2.3775606,0,0,NaN,NaN,NaN,NaN,NaN,0,PAV055
32,2,2,40,0,1,1030,1,0.436837878,0.672936422,5,0.7549853,2,1.0286482,1,0,NaN,NaN,NaN,NaN,NaN,1,PAV055
33,2,3,3,1,2,2255,1,0.632225187,0.605109346,3,0.24659,0,2.2531122,1,1,0,30,10,1,2,1,PAV055
34,2,2,10,1,2,840,1,0.617622797,0.329572753,5,0.7564072,2,0.8391912,1,1,1,25,25,1,3,1,PAV055
35,2,2,32,3,1,2740,1,0.578079534,0.479872679,4,2.5151004,1,2.7391711,0,1,0,30,10,1,1,0,PAV055
36,2,3,30,3,1,1611,1,0.669599418,0.270160974,5,1.6460689,2,1.6077325,0,1,0,20,10,1,1,0,PAV055
37,2,1,35,3,2,574,0,0.352599993,0.471413914,5,1.0424637,2,0.5706547,1,1,0,30,10,1,1,1,PAV055
38,2,3,10,1,2,1369,1,0.731073765,0.375114192,3,0.5694665,0,1.3678848,1,1,0,20,10,1,3,1,PAV055
39,2,3,28,3,2,698,0,0.345424357,0.654772682,5,1.1526199,2,0.6965757,1,1,0,25,10,1,1,1,PAV055
40,2,3,45,0,1,1118,1,0.694911013,0.448328394,5,0.7731984,2,1.116748,1,0,NaN,NaN,NaN,NaN,NaN,1,PAV055
41,2,3,51,0,2,1043,0,0.316263909,0.594034363,4,1.0334788,1,1.0413259,0,0,NaN,NaN,NaN,NaN,NaN,0,PAV055
42,2,3,31,3,2,1210,0,0.387721469,0.322252678,4,1.1193445,1,1.2084413,1,1,0,25,10,1,1,1,PAV055
43,2,2,47,0,2,3943,0,0.506223761,0.729542592,2,1.0543437,1,3.9410818,0,0,NaN,NaN,NaN,NaN,NaN,0,PAV055
44,2,1,31,3,2,887,0,0.643399656,0.677961681,5,0.9558778,2,0.8849681,1,1,0,25,10,1,1,1,PAV055
45,2,1,44,0,2,940,0,0.653133944,0.557735952,5,0.8397192,2,0.9389893,0,0,NaN,NaN,NaN,NaN,NaN,0,PAV055
46,2,1,55,0,1,2676,1,0.544274653,0.487400762,3,2.3281189,0,2.674104,1,0,NaN,NaN,NaN,NaN,NaN,1,PAV055
47,2,3,18,1,2,1602,1,0.374688669,0.28320428,5,0.7923084,2,1.5996137,1,1,9,10,10,1,15,1,PAV055
48,2,3,29,3,2,671,0,0.508644718,0.741527281,3,0.2140477,0,0.6696025,1,1,0,20,10,1,1,1,PAV055
49,2,1,37,3,2,2765,0,0.357539333,0.573045722,5,1.4074609,2,2.7629617,1,1,0,20,10,1,1,1,PAV055
50,2,1,48,0,2,1488,0,0.353678252,0.479079389,5,0.9192883,2,1.4860739,0,0,NaN,NaN,NaN,NaN,NaN,0,PAV055
51,2,1,18,1,2,594,1,0.633997839,0.585733693,5,0.7636242,2,0.5862658,1,1,6,10,10,1,15,1,PAV055
52,2,3,1,1,2,1593,1,0.457213742,0.492960015,3,0.3141262,0,1.5906575,1,1,0,30,10,1,2,1,PAV055
53,2,3,15,1,2,831,1,0.45597598,0.56847906,5,0.791967,2,0.8215122,1,1,0,30,10,1,4,1,PAV055
54,2,2,24,3,2,727,0,0.677354927,0.327995694,5,0.8077131,2,0.7252601,1,1,0,25,10,1,1,1,PAV055
55,2,3,25,3,1,1111,1,0.472037603,0.538489913,5,1.2690211,2,1.1087971,0,1,0,30,10,1,1,0,PAV055
56,2,1,42,0,1,1315,1,0.533234549,0.475187258,4,2.5180317,1,1.3122863,1,0,NaN,NaN,NaN,NaN,NaN,1,PAV055
57,2,2,13,1,2,666,1,0.396556529,0.742460982,5,0.9234724,2,0.6628208,1,1,1,25,25,1,4,1,PAV055
58,2,3,42,0,2,1320,0,0.40679089,0.548850971,4,1.6422784,1,1.3179683,0,0,NaN,NaN,NaN,NaN,NaN,0,PAV055
59,2,2,5,1,1,970,0,0.409012693,0.539642427,5,1.0064647,2,0.9675487,0,1,0,25,10,1,2,0,PAV055
60,2,2,49,0,2,930,0,0.349314094,0.674606376,5,0.8940032,2,0.9281355,0,0,NaN,NaN,NaN,NaN,NaN,0,PAV055
61,2,3,32,3,1,2415,1,0.466284859,0.654725565,5,0.8714288,2,2.4135301,0,1,0,20,10,1,1,0,PAV055
62,2,2,41,0,1,1030,1,0.690100851,0.580170759,5,1.1736305,2,1.0245362,1,0,NaN,NaN,NaN,NaN,NaN,1,PAV055
63,2,1,51,0,2,1707,0,0.267781575,0.572826801,4,2.1205416,1,1.699187,0,0,NaN,NaN,NaN,NaN,NaN,0,PAV055
64,2,1,7,1,2,729,1,0.539155369,0.643606206,5,0.8105173,2,0.7273599,1,1,1,25,25,1,3,1,PAV055
65,2,2,36,3,1,1102,1,0.322516329,0.745469654,5,0.8483436,2,1.1004207,0,1,0,25,10,1,1,0,PAV055
66,2,3,8,1,2,1437,1,0.264595701,0.641878544,4,0.8297264,1,1.4343118,1,1,0,25,10,1,3,1,PAV055
67,2,2,37,3,2,2116,0,0.654856745,0.550409408,5,1.3630755,2,2.1111043,1,1,0,20,10,1,1,1,PAV055
68,2,2,34,3,2,779,0,0.404243712,0.623488183,4,2.4984516,1,0.7770812,1,1,0,20,10,1,1,1,PAV055
69,2,1,29,3,2,1447,0,0.574856797,0.50426492,5,0.7984174,2,1.4444293,1,1,0,20,10,1,1,1,PAV055
70,2,3,36,3,2,1437,0,0.303542848,0.461437917,3,2.0529265,2,1.435146,1,1,0,25,10,1,1,1,PAV055
71,2,2,51,0,1,1763,1,0.31839753,0.457650897,5,1.6381516,2,1.7611812,1,0,NaN,NaN,NaN,NaN,NaN,1,PAV055
72,2,2,6,1,2,679,1,0.699017179,0.747932383,5,0.8256525,2,0.677214,1,1,1,30,30,1,3,1,PAV055
73,2,2,3,1,2,1829,1,0.476197832,0.491747938,4,0.9771862,1,1.8248401,1,1,0,25,10,1,2,1,PAV055
74,2,2,35,3,1,1198,1,0.267171854,0.34314659,5,1.0322261,2,1.1962032,0,1,0,30,10,1,1,0,PAV055
75,2,1,34,3,2,634,0,0.697014657,0.332352191,5,0.8923621,2,0.6313458,1,1,0,20,10,1,1,1,PAV055
76,2,3,52,0,2,769,0,0.596531333,0.633201816,4,1.6794616,3,0.7671879,0,0,NaN,NaN,NaN,NaN,NaN,0,PAV055
77,2,1,30,3,2,1254,0,0.594720691,0.38900205,4,1.7373872,1,1.2496102,1,1,0,20,10,1,1,1,PAV055
78,2,2,28,3,1,3998,1,0.283083186,0.462594278,3,0.8230768,0,3.9966729,0,1,0,20,10,1,1,0,PAV055
1,1,1,25,3,1,2015,1,0.514413689,0.349216858,4,5.5560405,1,2.0121113,0,1,0,30,10,1,1,0,PAV056
2,1,3,42,0,1,3770,1,0.585120764,0.566279916,5,3.9917251,2,3.7679867,1,0,NaN,NaN,NaN,NaN,NaN,1,PAV056
3,1,3,31,3,0,NaN,0,0.623640088,0.459439624,NaN,NaN,NaN,NaN,0,1,0,25,10,1,1,0,PAV056
4,1,3,1,1,2,1940,1,0.47249786,0.395196464,5,3.2534435,2,1.9322031,1,1,1,20,20,1,2,1,PAV056
5,1,2,16,1,2,2766,1,0.368957353,0.704351246,5,2.3531091,2,2.7603141,1,1,7,10,10,1,15,1,PAV056
6,1,2,43,0,2,2149,0,0.574748318,0.686961499,5,2.1708714,2,2.1466178,0,0,NaN,NaN,NaN,NaN,NaN,0,PAV056
7,1,1,17,1,2,1651,1,0.732640028,0.357727351,5,1.9658109,2,1.6491059,1,1,8,10,10,1,15,1,PAV056
8,1,2,30,3,2,2143,0,0.668798125,0.326436194,4,3.3670469,1,2.1404923,1,1,1,25,0,0,1,1,PAV056
9,1,3,26,3,2,1267,0,0.334996778,0.403802503,5,1.5889214,2,1.2645661,1,1,0,25,10,1,1,1,PAV056
10,1,1,7,1,1,2161,0,0.520278039,0.370764651,4,4.0895644,1,2.1585843,0,1,1,25,25,1,3,0,PAV056
11,1,2,11,1,2,2264,1,0.637009014,0.396495172,4,1.2808865,1,2.2617868,1,1,0,25,10,1,4,1,PAV056
12,1,1,12,1,2,1160,1,0.294813271,0.330595523,5,1.5003589,2,1.1579215,1,1,1,20,20,1,4,1,PAV056
13,1,2,51,0,1,2098,1,0.32482975,0.572150514,4,3.2168879,1,2.0962062,1,0,NaN,NaN,NaN,NaN,NaN,1,PAV056
14,1,1,26,3,1,3139,1,0.454747232,0.412703233,5,2.9080851,2,3.1368235,0,1,0,30,10,1,1,0,PAV056
15,1,3,4,1,2,1684,1,0.593871858,0.6498337,5,1.0572103,2,1.6821703,1,1,0,25,10,1,2,1,PAV056
16,1,2,35,3,2,3304,0,0.642752324,0.288302518,3,3.155306,2,3.3023318,1,1,0,25,10,1,1,1,PAV056
17,1,1,54,0,1,2094,1,0.740820613,0.381045401,5,3.2316496,2,2.0906431,1,0,NaN,NaN,NaN,NaN,NaN,1,PAV056
18,1,1,36,3,1,1880,1,0.436761126,0.568245165,5,2.3036992,2,1.8781577,0,1,0,25,10,1,1,0,PAV056
19,1,2,32,3,2,3162,0,0.549717281,0.394468123,3,1.4464122,0,3.1586561,1,1,0,25,10,1,1,1,PAV056
20,1,2,34,3,2,1610,0,0.553594316,0.630839692,5,1.998053,2,1.60563,1,1,1,25,0,0,1,1,PAV056
21,1,1,41,0,1,1702,1,0.522491624,0.501751123,5,4.2874822,2,1.6983984,1,0,NaN,NaN,NaN,NaN,NaN,1,PAV056
22,1,3,18,1,2,1498,1,0.431607838,0.701770117,5,1.6183544,2,1.4967883,1,1,6,10,10,1,15,1,PAV056
23,1,2,42,0,1,1613,1,0.328740806,0.596051898,4,2.8688432,1,1.6115987,1,0,NaN,NaN,NaN,NaN,NaN,1,PAV056
24,1,1,38,3,2,3439,0,0.342846985,0.529021611,3,1.0923646,0,3.4374403,1,1,0,25,10,1,1,1,PAV056
25,1,3,15,1,2,2062,1,0.463840456,0.749309235,5,2.1960229,2,2.0575278,1,1,1,30,30,1,4,1,PAV056
26,1,1,50,0,1,1491,1,0.310010581,0.616400882,5,1.7754148,2,1.4893775,1,0,NaN,NaN,NaN,NaN,NaN,1,PAV056
27,1,1,13,1,2,1607,1,0.32929159,0.695445916,5,1.6916974,2,1.6051289,1,1,1,20,20,1,4,1,PAV056
28,1,2,55,0,1,1308,1,0.734947885,0.407130532,4,3.3001383,3,1.3053708,1,0,NaN,NaN,NaN,NaN,NaN,1,PAV056
29,1,2,54,0,1,1787,1,0.698007104,0.713949961,3,0.8561986,0,1.7839741,1,0,NaN,NaN,NaN,NaN,NaN,1,PAV056
30,1,3,16,1,2,1487,1,0.454662367,0.454866812,5,1.7618864,2,1.4844327,1,1,8,10,10,1,15,1,PAV056
31,1,1,2,1,1,1520,0,0.546683138,0.271100556,3,0.8577975,0,1.5182665,0,1,0,20,10,1,2,0,PAV056
32,1,2,17,1,2,1064,1,0.300197708,0.41221768,4,0.8720977,1,1.062636,1,1,7,10,10,1,15,1,PAV056
33,1,3,44,0,1,1575,1,0.712616014,0.647343099,3,2.0943166,0,1.5726817,1,0,NaN,NaN,NaN,NaN,NaN,1,PAV056
34,1,3,29,3,2,1694,0,0.325498164,0.700069829,4,1.9509721,1,1.6926255,1,1,0,30,10,1,1,1,PAV056
35,1,1,24,3,1,1009,1,0.440969653,0.435078299,3,4.349947,2,1.006835,0,1,0,20,10,1,1,0,PAV056
36,1,3,32,3,2,2458,0,0.316110645,0.373394306,4,3.6829068,5,2.4563416,1,1,0,20,10,1,1,1,PAV056
37,1,1,32,3,1,5317,1,0.73737622,0.530423749,3,1.2312201,0,5.3146328,0,1,0,30,10,1,1,0,PAV056
38,1,3,52,0,2,1994,0,0.572617241,0.373938122,4,1.0301112,1,1.9917495,0,0,NaN,NaN,NaN,NaN,NaN,0,PAV056
39,1,3,7,1,2,978,1,0.313692355,0.255536787,5,1.5083947,2,0.9764072,1,1,1,30,30,1,3,1,PAV056
40,1,1,31,3,1,1960,1,0.526548627,0.254558662,3,1.672651,0,1.9579851,0,1,0,30,10,1,1,0,PAV056
41,1,2,7,1,2,1650,1,0.642080352,0.386980193,4,1.1354717,1,1.648659,1,1,0,25,10,1,3,1,PAV056
42,1,3,53,0,1,1211,1,0.301900283,0.720069232,5,2.346992,2,1.2097658,1,0,NaN,NaN,NaN,NaN,NaN,1,PAV056
43,1,1,49,0,1,1552,1,0.681292261,0.317778375,5,1.4985263,2,1.5500588,1,0,NaN,NaN,NaN,NaN,NaN,1,PAV056
44,1,1,55,0,1,3260,1,0.387381482,0.51832878,4,3.355156,3,3.2580481,1,0,NaN,NaN,NaN,NaN,NaN,1,PAV056
45,1,2,18,1,2,1108,1,0.68816681,0.42198829,5,1.3245841,2,1.106797,1,1,8,10,10,1,15,1,PAV056
46,1,2,25,3,2,2008,0,0.525911922,0.581976715,5,1.2224131,2,2.0060638,1,1,0,30,10,1,1,1,PAV056
47,1,2,40,0,1,2824,1,0.419744794,0.680286427,3,1.2006069,0,2.8214824,1,0,NaN,NaN,NaN,NaN,NaN,1,PAV056
48,1,3,24,3,2,1580,0,0.720226009,0.699378026,3,1.0349696,0,1.5786973,1,1,0,20,10,1,1,1,PAV056
49,1,3,48,0,2,1975,0,0.398364661,0.68844182,4,3.6901403,5,1.9735251,0,0,NaN,NaN,NaN,NaN,NaN,0,PAV056
50,1,1,44,0,1,4938,1,0.392412673,0.472444353,3,1.3662982,0,4.9369058,1,0,NaN,NaN,NaN,NaN,NaN,1,PAV056
51,1,3,14,1,2,1856,1,0.256272202,0.352561681,5,1.3634399,2,1.8546925,1,1,0,25,10,1,4,1,PAV056
52,1,2,38,3,2,1621,0,0.301645405,0.545394628,5,1.1827037,2,1.6164027,1,1,0,30,10,1,1,1,PAV056
53,1,1,8,1,2,1550,1,0.261810588,0.594882735,3,0.3746776,0,1.5468974,1,1,1,20,20,1,3,1,PAV056
54,1,2,1,1,2,4253,1,0.620000325,0.408750244,5,2.5203512,2,4.2506828,1,1,0,30,10,1,2,1,PAV056
55,1,3,37,3,2,1262,0,0.387247099,0.431523457,4,1.3028006,1,1.2601031,1,1,0,25,10,1,1,1,PAV056
56,1,1,43,0,2,4061,0,0.293891309,0.441661078,2,2.6495972,1,4.0586432,0,0,NaN,NaN,NaN,NaN,NaN,0,PAV056
57,1,2,56,0,1,2648,1,0.58721517,0.49333717,3,1.5699584,0,2.64632,1,0,NaN,NaN,NaN,NaN,NaN,1,PAV056
58,1,1,42,0,1,2693,1,0.278580589,0.323390798,4,1.4106491,1,2.6866004,1,0,NaN,NaN,NaN,NaN,NaN,1,PAV056
59,1,2,3,1,2,1605,1,0.277451086,0.745157704,4,1.4230025,1,1.5992911,1,1,0,30,10,1,2,1,PAV056
60,1,3,38,3,1,4867,1,0.444444192,0.393996538,3,1.9018001,0,4.8653596,0,1,0,20,10,1,1,0,PAV056
61,1,3,5,1,2,2734,1,0.399598512,0.305716201,4,1.9598486,1,2.7314189,1,1,0,25,10,1,2,1,PAV056
62,1,2,10,1,2,2615,1,0.27194542,0.67629621,5,2.6960417,2,2.6128752,1,1,1,20,20,1,3,1,PAV056
63,1,2,29,3,1,1469,1,0.668065888,0.300900219,5,2.2158421,2,1.467966,0,1,0,20,10,1,1,0,PAV056
64,1,2,9,1,2,2070,1,0.717517265,0.479020366,4,0.8150635,1,2.0677591,1,1,0,20,10,1,3,1,PAV056
65,1,3,47,0,1,1555,1,0.362432807,0.502916264,3,0.7745584,0,1.5532221,1,0,NaN,NaN,NaN,NaN,NaN,1,PAV056
66,1,2,45,0,1,2051,1,0.329473436,0.308009742,4,1.7406264,1,2.0492125,1,0,NaN,NaN,NaN,NaN,NaN,1,PAV056
67,1,1,16,1,2,1060,1,0.663235614,0.601687697,5,1.9128086,2,1.0580513,1,1,8,10,10,1,15,1,PAV056
68,1,3,56,0,2,1311,0,0.634161057,0.497050125,4,1.869045,1,1.3090082,0,0,NaN,NaN,NaN,NaN,NaN,0,PAV056
69,1,2,52,0,1,1548,1,0.54103926,0.497730866,4,1.4765364,1,1.5459481,1,0,NaN,NaN,NaN,NaN,NaN,1,PAV056
70,1,3,11,1,2,1989,1,0.356902529,0.26088336,5,1.523492,2,1.9863788,1,1,1,25,25,1,4,1,PAV056
71,1,1,39,0,1,1110,1,0.444489816,0.466854092,3,2.0810164,0,1.1070798,1,0,NaN,NaN,NaN,NaN,NaN,1,PAV056
72,1,1,6,1,1,2618,0,0.564189854,0.407024242,5,1.9420364,2,2.6156622,0,1,0,25,10,1,3,0,PAV056
73,1,3,41,0,2,1159,0,0.708471204,0.73572019,5,1.1805425,2,1.1539069,0,0,NaN,NaN,NaN,NaN,NaN,0,PAV056
74,1,3,55,0,1,1264,1,0.544439878,0.562103217,4,2.0644276,1,1.261968,1,0,NaN,NaN,NaN,NaN,NaN,1,PAV056
75,1,1,9,1,2,2314,1,0.353208111,0.411284939,5,1.5499014,2,2.3124772,1,1,0,30,10,1,3,1,PAV056
1,2,3,10,1,2,2464,1,0.726169117,0.30751588,5,2.1585948,2,2.4602713,1,1,1,25,25,1,3,1,PAV056
2,2,3,54,0,2,4707,0,0.528987518,0.527439747,3,0.7558941,0,4.6996962,0,0,NaN,NaN,NaN,NaN,NaN,0,PAV056
3,2,1,47,0,1,2329,1,0.318951044,0.470404676,5,2.1542011,2,2.3272155,1,0,NaN,NaN,NaN,NaN,NaN,1,PAV056
4,2,3,13,1,2,890,1,0.397314005,0.305924186,5,1.346386,2,0.8887354,1,1,1,25,25,1,4,1,PAV056
5,2,3,33,3,2,1126,0,0.7349823,0.545584595,5,1.1557582,2,1.1239823,1,1,1,20,0,0,1,1,PAV056
6,2,1,35,3,2,1238,0,0.516981278,0.306102387,4,0.9639732,1,1.2356343,1,1,0,20,10,1,1,1,PAV056
7,2,1,37,3,1,817,1,0.516558547,0.316579959,5,3.4342297,6,0.8150552,0,1,0,25,10,1,1,0,PAV056
8,2,2,39,0,1,1048,1,0.708395259,0.390252382,4,1.0559379,1,1.0462965,1,0,NaN,NaN,NaN,NaN,NaN,1,PAV056
9,2,1,30,3,1,4312,1,0.331613487,0.448784761,4,2.5084922,1,4.3086941,0,1,0,30,10,1,1,0,PAV056
10,2,1,29,3,2,1148,0,0.276865204,0.626161857,5,1.5607907,2,1.1457579,1,1,0,20,10,1,1,1,PAV056
11,2,2,8,1,2,1612,1,0.308666503,0.476577842,5,1.5203024,2,1.6104036,1,1,1,30,30,1,3,1,PAV056
12,2,3,49,0,2,1258,0,0.436264189,0.644171569,5,2.0015458,2,1.255947,0,0,NaN,NaN,NaN,NaN,NaN,0,PAV056
13,2,3,6,1,2,2531,1,0.605650488,0.549401593,3,0.6264458,0,2.5287613,1,1,0,20,10,1,3,1,PAV056
14,2,2,4,1,2,2580,1,0.305351462,0.41591077,4,1.4439267,1,2.5763094,1,1,0,25,10,1,2,1,PAV056
15,2,1,48,0,1,2830,1,0.413434808,0.735035909,3,4.7292727,0,2.8266365,1,0,NaN,NaN,NaN,NaN,NaN,1,PAV056
16,2,1,33,3,1,1608,1,0.298593149,0.407480162,4,1.6393421,1,1.6063055,0,1,0,25,10,1,1,0,PAV056
17,2,1,10,1,2,2004,1,0.263500345,0.745158669,5,1.2351238,2,1.9992961,1,1,0,20,10,1,3,1,PAV056
18,2,2,28,3,2,1084,0,0.668572805,0.653676468,5,1.441896,2,1.0824438,1,1,0,30,10,1,1,1,PAV056
19,2,3,40,0,1,3062,1,0.697513465,0.524096065,4,4.5457865,3,3.0600569,1,0,NaN,NaN,NaN,NaN,NaN,1,PAV056
20,2,2,27,3,2,1948,0,0.576457295,0.254880363,5,1.2948015,2,1.9467851,1,1,0,25,10,1,1,1,PAV056
21,2,1,4,1,2,1111,1,0.681905447,0.631218046,5,1.0169156,2,1.1091534,1,1,0,25,10,1,2,1,PAV056
22,2,3,34,3,2,2436,0,0.698166125,0.454256033,3,0.7058373,0,2.4335963,1,1,0,30,10,1,1,1,PAV056
23,2,1,11,1,2,1060,1,0.2817154,0.586827073,5,1.3470662,2,1.0573023,1,1,1,20,20,1,4,1,PAV056
24,2,1,56,0,1,2512,1,0.579167263,0.508554257,4,2.9025456,1,2.5105457,1,0,NaN,NaN,NaN,NaN,NaN,1,PAV056
25,2,1,53,0,1,1117,1,0.498513039,0.397145166,4,0.9227654,1,1.1139109,1,0,NaN,NaN,NaN,NaN,NaN,1,PAV056
26,2,2,44,0,1,1254,1,0.578922941,0.738413731,5,3.0980594,4,1.2515132,1,0,NaN,NaN,NaN,NaN,NaN,1,PAV056
27,2,3,51,0,2,1112,0,0.430878092,0.570695386,5,1.2981638,2,1.1102158,0,0,NaN,NaN,NaN,NaN,NaN,0,PAV056
28,2,2,49,0,2,1060,0,0.306096818,0.665883156,5,1.0174977,2,1.0576212,0,0,NaN,NaN,NaN,NaN,NaN,0,PAV056
29,2,1,27,3,1,2336,1,0.549638273,0.359307177,3,1.0151661,0,2.3323216,0,1,0,20,10,1,1,0,PAV056
30,2,3,50,0,1,2173,1,0.724076625,0.59107723,4,0.8682439,1,2.1710699,1,0,NaN,NaN,NaN,NaN,NaN,1,PAV056
31,2,3,25,3,2,1121,0,0.53839033,0.714544793,2,1.7610737,1,1.1192004,1,1,0,30,10,1,1,1,PAV056
32,2,2,12,1,2,1983,1,0.520086895,0.343130637,5,1.4192802,2,1.9804927,1,1,1,20,20,1,4,1,PAV056
33,2,2,31,3,2,997,0,0.593879195,0.542930567,5,1.2476428,2,0.9954251,1,1,0,20,0,0,1,1,PAV056
34,2,3,9,1,2,2286,1,0.444107563,0.40478648,4,1.4943702,1,2.28423,1,1,0,30,10,1,3,1,PAV056
35,2,2,48,0,1,1145,1,0.543396397,0.699912683,5,1.9628349,2,1.1426009,1,0,NaN,NaN,NaN,NaN,NaN,1,PAV056
36,2,2,53,0,1,1688,1,0.300614207,0.496666146,3,0.828,0,1.6858521,1,0,NaN,NaN,NaN,NaN,NaN,1,PAV056
37,2,2,6,1,2,1084,1,0.577713685,0.426537865,5,1.1712988,2,1.081706,1,1,1,30,30,1,3,1,PAV056
38,2,1,34,3,1,1151,1,0.47654089,0.523995658,3,2.5477146,0,1.1495496,0,1,0,20,10,1,1,0,PAV056
39,2,2,15,1,2,1180,1,0.697315616,0.482014524,5,1.1082771,2,1.1778346,1,1,0,30,10,1,4,1,PAV056
40,2,1,3,1,2,1996,1,0.339054948,0.429603402,3,1.0720287,0,1.9940356,1,1,0,20,10,1,2,1,PAV056
41,2,2,5,1,1,2241,0,0.635439731,0.578341274,3,3.155375,0,2.2353672,0,1,0,30,10,1,2,0,PAV056
42,2,3,3,1,2,1038,1,0.631635037,0.700401031,4,1.3268979,1,1.035564,1,1,0,25,10,1,2,1,PAV056
43,2,2,36,3,2,1431,0,0.347412166,0.615462641,5,0.8499879,2,1.4286712,1,1,0,30,10,1,1,1,PAV056
44,2,1,28,3,2,1316,0,0.448582862,0.407611818,4,1.9485674,1,1.3145293,1,1,0,25,10,1,1,1,PAV056
45,2,3,12,1,2,1665,1,0.41333342,0.569393948,5,1.441626,2,1.6630487,1,1,1,30,30,1,4,1,PAV056
46,2,3,66,0,1,1406,1,0.320148111,0.339373337,5,1.7444774,2,1.4041716,1,0,NaN,NaN,NaN,NaN,NaN,1,PAV056
47,2,2,14,1,2,1286,1,0.551705559,0.682278482,5,1.6705131,2,1.2844513,1,1,1,30,30,1,4,1,PAV056
48,2,2,13,1,2,1806,1,0.393306175,0.384737658,4,1.8644647,1,1.8043394,1,1,0,30,10,1,4,1,PAV056
49,2,1,40,0,1,1351,1,0.544336896,0.507963526,4,1.4772053,1,1.3492079,1,0,NaN,NaN,NaN,NaN,NaN,1,PAV056
50,2,1,14,1,2,1642,1,0.361738864,0.271414557,5,1.8071673,2,1.640307,1,1,1,25,25,1,4,1,PAV056
51,2,2,46,0,1,1770,1,0.355242543,0.653879856,5,1.8415397,2,1.76693,1,0,NaN,NaN,NaN,NaN,NaN,1,PAV056
52,2,2,37,3,2,1308,0,0.413873972,0.531475288,4,1.3031225,1,1.3049633,1,1,1,20,0,0,1,1,PAV056
53,2,3,8,1,2,1244,1,0.615498334,0.444457888,5,1.3948034,2,1.2423944,1,1,1,25,25,1,3,1,PAV056
54,2,3,39,0,1,1595,1,0.617765053,0.351474677,4,1.1156468,1,1.5899966,1,0,NaN,NaN,NaN,NaN,NaN,1,PAV056
55,2,2,47,0,1,1750,1,0.257635068,0.403595894,5,1.4042631,2,1.7476738,1,0,NaN,NaN,NaN,NaN,NaN,1,PAV056
56,2,1,51,0,1,1547,1,0.503266785,0.661021097,5,1.978764,2,1.545144,1,0,NaN,NaN,NaN,NaN,NaN,1,PAV056
57,2,1,46,0,1,3157,1,0.399436193,0.724726182,5,1.4054326,2,3.1554135,1,0,NaN,NaN,NaN,NaN,NaN,1,PAV056
58,2,3,2,1,2,1151,1,0.278391546,0.66113068,4,0.9433713,1,1.1495755,1,1,1,30,30,1,2,1,PAV056
59,2,2,50,0,2,2213,0,0.746802007,0.347181132,5,2.0288204,2,2.2114314,0,0,NaN,NaN,NaN,NaN,NaN,0,PAV056
60,2,2,33,3,2,3642,0,0.702105621,0.287924912,5,2.1354827,2,3.6394506,1,1,0,30,10,1,1,1,PAV056
61,2,3,28,3,2,1937,0,0.288997995,0.311442311,4,1.1276595,1,1.9353127,1,1,0,20,10,1,1,1,PAV056
62,2,3,27,3,1,1991,1,0.646134458,0.70340226,3,1.8262928,2,1.9882056,0,1,0,25,10,1,1,0,PAV056
63,2,1,45,0,1,1410,1,0.306319976,0.299522932,3,1.5112985,0,1.4075063,1,0,NaN,NaN,NaN,NaN,NaN,1,PAV056
64,2,3,45,0,2,1672,0,0.351284478,0.379141595,3,0.1283885,0,1.6700041,0,0,NaN,NaN,NaN,NaN,NaN,0,PAV056
65,2,2,41,0,2,3447,0,0.468405059,0.664844573,4,2.288506,1,3.4448197,0,0,NaN,NaN,NaN,NaN,NaN,0,PAV056
66,2,2,24,3,2,2306,0,0.513114806,0.267525049,4,1.6244964,1,2.3042891,1,1,0,20,10,1,1,1,PAV056
67,2,3,17,1,2,2586,1,0.708642858,0.354160371,5,2.22993,2,2.5843371,1,1,6,10,10,1,15,1,PAV056
68,2,1,52,0,1,1527,1,0.583567076,0.536944501,3,0.4993794,0,1.5251431,1,0,NaN,NaN,NaN,NaN,NaN,1,PAV056
69,2,1,1,1,2,1194,1,0.544147561,0.675556627,4,1.356475,1,1.1918,1,1,0,30,10,1,2,1,PAV056
70,2,1,5,1,1,952,0,0.379215894,0.269981254,3,1.5335703,0,0.9508371,0,1,0,20,10,1,2,0,PAV056
71,2,1,18,1,2,883,1,0.405458651,0.319731065,5,1.8947994,2,0.8812473,1,1,7,10,10,1,15,1,PAV056
72,2,2,26,3,1,1374,1,0.544790455,0.559909115,4,1.6885384,1,1.3718891,0,1,0,20,10,1,1,0,PAV056
73,2,2,2,1,2,1030,1,0.517986733,0.678499118,5,1.8633839,2,1.0246002,1,1,0,20,10,1,2,1,PAV056
74,2,3,35,3,2,1647,0,0.32121652,0.683147453,4,1.2508399,1,1.6441501,1,1,0,30,10,1,1,1,PAV056
75,2,3,30,3,1,1924,1,0.596082864,0.37836855,4,1.6486103,1,1.920965,0,1,0,25,10,1,1,0,PAV056
76,2,3,36,3,2,2220,0,0.5972501,0.390544627,4,1.6130972,1,2.2164852,1,1,0,30,10,1,1,1,PAV056
77,2,3,46,0,1,1105,1,0.566527459,0.393740537,5,1.7638791,2,1.1027604,1,0,NaN,NaN,NaN,NaN,NaN,1,PAV056
78,2,1,15,1,2,1022,1,0.714529531,0.464050076,5,1.5694024,2,1.0206328,1,1,1,20,20,1,4,1,PAV056
1,1,1,50,0,1,2777,1,0.264542759,0.3923378,5,4.5264885,2,2.7746293,1,0,NaN,NaN,NaN,NaN,NaN,1,PAV058
2,1,2,1,1,2,3033,1,0.266488325,0.306039506,3,0.9499939,0,3.0300129,1,1,0,30,10,1,2,1,PAV058
3,1,2,9,1,2,4551,1,0.323825878,0.528074223,4,4.0867245,1,4.545436,1,1,1,25,25,1,3,1,PAV058
4,1,3,16,1,0,NaN,0,0.721934268,0.285755474,NaN,NaN,NaN,NaN,0,1,8,10,10,1,15,0,PAV058
5,1,1,27,3,2,2692,0,0.480247191,0.61311636,5,3.1107979,2,2.6882021,1,1,0,25,10,1,1,1,PAV058
6,1,2,50,0,1,3037,1,0.417918366,0.264146684,3,1.7877428,0,3.0339433,1,0,NaN,NaN,NaN,NaN,NaN,1,PAV058
7,1,2,34,3,2,3000,0,0.335119835,0.401508271,3,1.5236966,0,2.998099,1,1,0,30,10,1,1,1,PAV058
8,1,3,39,0,1,2051,1,0.284915148,0.709508764,5,4.6078046,2,2.0430158,1,0,NaN,NaN,NaN,NaN,NaN,1,PAV058
9,1,2,24,3,1,3416,1,0.471934635,0.342761323,4,1.9741915,1,3.414147,0,1,0,30,10,1,1,0,PAV058
10,1,3,35,3,2,2511,0,0.448326485,0.735744055,3,1.4528453,0,2.5096246,1,1,0,25,10,1,1,1,PAV058
11,1,1,54,0,1,2889,1,0.263770095,0.599271133,4,3.9562767,1,2.8871667,1,0,NaN,NaN,NaN,NaN,NaN,1,PAV058
12,1,1,18,1,2,1447,1,0.408349875,0.639204282,5,2.2611575,2,1.44536,1,1,7,10,10,1,15,1,PAV058
13,1,2,55,0,1,1979,1,0.403774592,0.73798233,2,2.0205319,1,1.9770924,1,0,NaN,NaN,NaN,NaN,NaN,1,PAV058
14,1,3,14,1,2,2600,1,0.741108134,0.562937801,5,2.473483,2,2.5908513,1,1,0,25,10,1,4,1,PAV058
15,1,2,33,3,2,3081,0,0.607265794,0.295370993,3,0.0189443,0,3.0756665,1,1,0,25,10,1,1,1,PAV058
16,1,2,31,3,2,4445,0,0.564784979,0.526062466,3,3.3208728,2,4.4426891,1,1,0,20,10,1,1,1,PAV058
17,1,1,43,0,1,1817,1,0.659378246,0.700270247,3,0.1392217,0,1.8088441,1,0,NaN,NaN,NaN,NaN,NaN,1,PAV058
18,1,2,48,0,1,2602,1,0.326538835,0.435173389,2,1.6750043,1,2.6006106,1,0,NaN,NaN,NaN,NaN,NaN,1,PAV058
19,1,1,7,1,2,1377,1,0.368509783,0.301345015,5,2.0019733,2,1.3748987,1,1,1,30,30,1,3,1,PAV058
20,1,2,40,0,2,3290,0,0.407698481,0.52934811,2,2.2791041,1,3.2871634,0,0,NaN,NaN,NaN,NaN,NaN,0,PAV058
21,1,2,42,0,1,1129,1,0.538622368,0.291195919,2,1.7373912,1,1.1263053,1,0,NaN,NaN,NaN,NaN,NaN,1,PAV058
22,1,3,9,1,2,2443,1,0.557761146,0.492244018,3,0.1436231,0,2.4406642,1,1,0,20,10,1,3,1,PAV058
23,1,1,30,3,2,2491,0,0.689716407,0.555289821,3,3.5154157,2,2.4890651,1,1,0,20,10,1,1,1,PAV058
24,1,3,25,3,1,2937,1,0.438161939,0.501775751,4,3.425108,1,2.9290998,0,1,0,25,10,1,1,0,PAV058
25,1,3,45,0,1,5062,1,0.252750083,0.50581684,3,2.4548893,2,5.0582753,1,0,NaN,NaN,NaN,NaN,NaN,1,PAV058
26,1,1,40,0,1,3716,1,0.644776161,0.680840274,3,0.0702377,0,3.714246,1,0,NaN,NaN,NaN,NaN,NaN,1,PAV058
27,1,3,41,0,2,2442,0,0.279520455,0.270733896,4,2.0937657,1,2.4399321,0,0,NaN,NaN,NaN,NaN,NaN,0,PAV058
28,1,2,11,1,1,1075,0,0.384637851,0.737018614,4,2.7599101,3,1.0714753,0,1,1,30,30,1,4,0,PAV058
29,1,1,49,0,1,1139,1,0.545083799,0.314306242,3,0.0911456,0,1.1367406,1,0,NaN,NaN,NaN,NaN,NaN,1,PAV058
30,1,3,6,1,2,1420,1,0.27863118,0.302042251,5,2.1736593,2,1.4180371,1,1,0,30,10,1,3,1,PAV058
31,1,3,33,3,2,987,0,0.729855331,0.386402671,5,1.3181711,2,0.9852343,1,1,0,25,10,1,1,1,PAV058
32,1,3,37,3,2,1801,0,0.29776875,0.301011322,3,0.5181628,0,1.7992132,1,1,0,30,10,1,1,1,PAV058
33,1,3,28,3,2,4128,0,0.607639633,0.728685018,3,1.2362099,0,4.1262867,1,1,0,20,10,1,1,1,PAV058
34,1,3,2,1,2,2039,1,0.417687903,0.388290278,5,2.229928,2,2.03636,1,1,0,30,10,1,2,1,PAV058
35,1,3,24,3,2,2749,0,0.353463497,0.534948864,3,0.5682716,0,2.742861,1,1,0,25,10,1,1,1,PAV058
36,1,2,10,1,1,5872,0,0.34628722,0.491223316,2,2.0356145,1,5.869257,0,1,1,30,30,1,3,0,PAV058
37,1,1,11,1,2,1411,1,0.462046171,0.283154551,5,2.4001256,2,1.40861,1,1,1,25,25,1,4,1,PAV058
38,1,3,38,3,1,2161,1,0.594223951,0.710499609,5,3.2325231,2,2.1540343,0,1,0,25,10,1,1,0,PAV058
39,1,1,15,1,2,1277,1,0.534497367,0.493837194,3,0.4413483,0,1.2755147,1,1,1,30,30,1,4,1,PAV058
40,1,1,33,3,2,2917,0,0.467506562,0.635972951,5,2.2717335,2,2.9110559,1,1,0,25,10,1,1,1,PAV058
41,1,1,51,0,1,2328,1,0.509388028,0.620232475,4,2.4390356,1,2.3261718,1,0,NaN,NaN,NaN,NaN,NaN,1,PAV058
42,1,2,54,0,1,2555,1,0.580473448,0.717802765,3,0.9286791,0,2.5529684,1,0,NaN,NaN,NaN,NaN,NaN,1,PAV058
43,1,2,46,0,1,2210,1,0.710648828,0.427696343,4,2.4178454,1,2.2080493,1,0,NaN,NaN,NaN,NaN,NaN,1,PAV058
44,1,1,12,1,2,1556,1,0.354872871,0.71290232,5,2.0939539,2,1.5540644,1,1,1,20,20,1,4,1,PAV058
45,1,2,36,3,1,2220,1,0.659925827,0.464608956,4,2.1295819,1,2.2174807,0,1,0,30,10,1,1,0,PAV058
46,1,3,42,0,1,2005,1,0.64298396,0.311695905,5,2.2564246,2,2.0033842,1,0,NaN,NaN,NaN,NaN,NaN,1,PAV058
47,1,3,11,1,2,3615,1,0.745893352,0.495065737,3,0.2323623,0,3.6095992,1,1,0,20,10,1,4,1,PAV058
48,1,3,55,0,1,1777,1,0.253084219,0.342373865,4,1.9539979,1,1.7748257,1,0,NaN,NaN,NaN,NaN,NaN,1,PAV058
49,1,2,12,1,2,1590,1,0.464912738,0.734167414,3,1.7688319,0,1.5879314,1,1,1,20,20,1,4,1,PAV058
50,1,2,41,0,1,1708,1,0.552506328,0.360626544,2,2.2413362,1,1.7062652,1,0,NaN,NaN,NaN,NaN,NaN,1,PAV058
51,1,3,52,0,2,1623,0,0.558585753,0.564904731,4,1.6878002,1,1.613191,0,0,NaN,NaN,NaN,NaN,NaN,0,PAV058
52,1,2,47,0,1,1767,1,0.311580236,0.269451301,2,1.4638116,1,1.7642444,1,0,NaN,NaN,NaN,NaN,NaN,1,PAV058
53,1,2,14,1,1,1180,0,0.398170384,0.526554814,2,1.1104674,1,1.1770744,0,1,1,25,25,1,4,0,PAV058
54,1,1,32,3,2,5770,0,0.36964372,0.743439766,2,1.2625101,1,5.7686193,1,1,0,30,10,1,1,1,PAV058
55,1,1,42,0,2,1681,0,0.472880486,0.55628293,1,1.7315729,2,1.6779779,0,0,NaN,NaN,NaN,NaN,NaN,0,PAV058
56,1,2,17,1,1,2442,0,0.399085671,0.711771728,2,2.1382849,1,2.4334633,0,1,4,10,10,1,15,0,PAV058
57,1,1,38,3,2,3753,0,0.54444397,0.315741131,3,1.3221254,0,3.7448668,1,1,0,20,10,1,1,1,PAV058
58,1,2,35,3,1,2352,1,0.541143495,0.433327099,2,1.2465859,1,2.3455622,0,1,1,25,0,0,1,0,PAV058
59,1,1,5,1,2,1838,1,0.432196972,0.716888057,3,1.5044028,0,1.8348015,1,1,0,20,10,1,2,1,PAV058
60,1,1,14,1,2,1316,1,0.525593084,0.320718884,3,0.4776407,0,1.3115236,1,1,1,30,30,1,4,1,PAV058
61,1,3,12,1,2,1570,1,0.30326823,0.380049262,4,1.8295002,1,1.5653602,1,1,1,30,30,1,4,1,PAV058
62,1,1,44,0,1,1277,1,0.749697781,0.640537851,5,2.0166913,2,1.2747985,1,0,NaN,NaN,NaN,NaN,NaN,1,PAV058
63,1,1,39,0,0,NaN,0,0.74737081,0.483214798,NaN,NaN,NaN,NaN,0,0,NaN,NaN,NaN,NaN,NaN,0,PAV058
64,1,2,2,1,1,1515,0,0.449202805,0.354624785,2,2.8065997,1,1.4960407,0,1,0,20,10,1,2,0,PAV058
65,1,2,16,1,1,1615,0,0.719613807,0.661917827,4,3.5686429,1,1.6138785,0,1,8,10,10,1,15,0,PAV058
66,1,3,50,0,1,1178,1,0.52242191,0.605913278,5,1.706306,2,1.1756644,1,0,NaN,NaN,NaN,NaN,NaN,1,PAV058
67,1,1,35,3,2,951,0,0.442149848,0.281823215,5,1.7851048,2,0.9496724,1,1,0,30,10,1,1,1,PAV058
68,1,3,1,1,2,1455,1,0.508645177,0.61523682,3,0.475234,0,1.452307,1,1,0,30,10,1,2,1,PAV058
69,1,3,53,0,2,2834,0,0.437910197,0.492595993,2,1.7989427,1,2.8326709,0,0,NaN,NaN,NaN,NaN,NaN,0,PAV058
70,1,3,7,1,2,1468,1,0.312496926,0.745445976,4,1.8159981,1,1.466422,1,1,1,25,25,1,3,1,PAV058
71,1,1,34,3,1,2391,1,0.450500338,0.270227494,2,1.8600776,1,2.3881823,0,1,0,25,10,1,1,0,PAV058
72,1,3,56,0,2,3927,0,0.395988006,0.671555245,3,0.943212,0,3.9253031,0,0,NaN,NaN,NaN,NaN,NaN,0,PAV058
73,1,1,16,1,2,1272,1,0.649280876,0.409360135,5,1.7911182,2,1.2635453,1,1,5,10,10,1,15,1,PAV058
74,1,1,1,1,1,1244,0,0.489990731,0.727441694,5,2.8893025,2,1.2425733,0,1,0,25,10,1,2,0,PAV058
75,1,2,29,3,1,2449,1,0.643010113,0.380063399,2,1.2525373,1,2.4468741,0,1,0,30,10,1,1,0,PAV058
1,2,3,47,0,1,2236,1,0.59064642,0.282891433,5,1.4958521,2,2.2320352,1,0,NaN,NaN,NaN,NaN,NaN,1,PAV058
2,2,2,44,0,1,1911,1,0.410628588,0.361027842,3,1.4143125,0,1.9047021,1,0,NaN,NaN,NaN,NaN,NaN,1,PAV058
3,2,2,30,3,2,1078,0,0.593335852,0.269407027,5,1.2744223,2,1.0765744,1,1,1,25,0,0,1,1,PAV058
4,2,1,31,3,2,1663,0,0.504832938,0.463726594,3,0.6338043,0,1.6614462,1,1,0,30,10,1,1,1,PAV058
5,2,2,4,1,2,1124,1,0.326381869,0.388985695,3,0.7678939,0,1.1218438,1,1,0,30,10,1,2,1,PAV058
6,2,1,28,3,1,1142,1,0.423826291,0.527383093,4,2.8036107,3,1.1398704,0,1,0,20,10,1,1,0,PAV058
7,2,1,56,0,1,1616,1,0.688849214,0.690548604,4,2.2594817,1,1.6141823,1,0,NaN,NaN,NaN,NaN,NaN,1,PAV058
8,2,3,46,0,1,1526,1,0.665561225,0.592799128,4,1.5039748,1,1.524409,1,0,NaN,NaN,NaN,NaN,NaN,1,PAV058
9,2,3,32,3,1,1209,1,0.434662151,0.57715432,5,1.5211554,2,1.2071605,0,1,0,20,10,1,1,0,PAV058
10,2,3,31,3,2,1507,0,0.377961659,0.707533149,5,1.5314051,2,1.502277,1,1,0,20,10,1,1,1,PAV058
11,2,2,37,3,2,1014,0,0.444756229,0.392367306,5,1.7415832,2,1.0071672,1,1,1,30,0,0,1,1,PAV058
12,2,3,13,1,2,895,1,0.717989972,0.697103418,3,2.7800968,0,0.8926499,1,1,1,20,20,1,4,1,PAV058
13,2,3,49,0,1,2324,1,0.352753138,0.647604636,3,0.8706737,0,2.3221889,1,0,NaN,NaN,NaN,NaN,NaN,1,PAV058
14,2,2,39,0,1,2364,1,0.739384368,0.661048293,2,1.148017,1,2.3527523,1,0,NaN,NaN,NaN,NaN,NaN,1,PAV058
15,2,2,26,3,1,1132,1,0.524574955,0.415493266,2,1.0270712,1,1.1297366,0,1,0,20,10,1,1,0,PAV058
16,2,3,51,0,2,1989,0,0.488395383,0.393068398,4,1.6570665,1,1.9873203,0,0,NaN,NaN,NaN,NaN,NaN,0,PAV058
17,2,2,15,1,2,1524,1,0.666990866,0.375320171,5,1.2223203,2,1.5227766,1,1,1,30,30,1,4,1,PAV058
18,2,3,8,1,2,2480,1,0.442345522,0.530023113,4,1.8906366,1,2.4786599,1,1,0,25,10,1,3,1,PAV058
19,2,1,13,1,2,877,1,0.685932393,0.347644857,5,1.3279672,2,0.8749487,1,1,1,20,20,1,4,1,PAV058
20,2,3,27,3,1,2981,1,0.721756598,0.550711007,3,2.5777516,0,2.9793354,0,1,0,30,10,1,1,0,PAV058
21,2,2,18,1,2,1049,1,0.325527157,0.386324003,5,1.6720791,2,1.0467151,1,1,7,10,10,1,15,1,PAV058
22,2,1,47,0,1,1574,1,0.621653911,0.587108598,4,1.2460937,1,1.5718284,1,0,NaN,NaN,NaN,NaN,NaN,1,PAV058
23,2,3,48,0,1,1115,1,0.628545152,0.559729427,5,1.6474398,2,1.1134721,1,0,NaN,NaN,NaN,NaN,NaN,1,PAV058
24,2,3,3,1,2,3049,1,0.647702655,0.734535502,2,1.1069413,1,3.0470295,1,1,0,30,10,1,2,1,PAV058
25,2,1,9,1,2,1213,1,0.699780314,0.636451714,5,1.5757605,2,1.2112824,1,1,0,20,10,1,3,1,PAV058
26,2,3,29,3,2,1601,0,0.517681576,0.640115763,5,1.8296754,2,1.599657,1,1,0,30,10,1,1,1,PAV058
27,2,1,25,3,2,934,0,0.735330783,0.548084758,5,1.6641305,2,0.9323665,1,1,0,20,10,1,1,1,PAV058
28,2,2,28,3,2,1788,0,0.721951766,0.657478694,3,1.4134566,0,1.7803386,1,1,0,20,10,1,1,1,PAV058
29,2,3,44,0,1,3139,1,0.546507751,0.349891194,2,1.8195074,1,3.1364255,1,0,NaN,NaN,NaN,NaN,NaN,1,PAV058
30,2,1,36,3,2,1153,0,0.272952103,0.375104033,4,1.3923118,1,1.1508582,1,1,1,25,0,0,1,1,PAV058
31,2,3,5,1,1,857,0,0.426973339,0.343007452,2,1.944401,1,0.8532089,0,1,0,25,10,1,2,0,PAV058
32,2,1,17,1,2,1322,1,0.542076999,0.554978262,5,1.4697035,2,1.3195075,1,1,8,10,10,1,15,1,PAV058
33,2,3,40,0,1,982,1,0.507907821,0.540822215,5,1.225048,2,0.9737225,1,0,NaN,NaN,NaN,NaN,NaN,1,PAV058
34,2,1,53,0,1,1862,1,0.447042564,0.284122954,5,1.2869164,2,1.8526517,1,0,NaN,NaN,NaN,NaN,NaN,1,PAV058
35,2,2,25,3,2,1063,0,0.397719774,0.339369135,4,0.8658762,1,1.0600459,1,1,0,25,10,1,1,1,PAV058
36,2,1,48,0,1,3276,1,0.604578812,0.458917831,4,1.9319786,1,3.2739294,1,0,NaN,NaN,NaN,NaN,NaN,1,PAV058
37,2,1,6,1,2,2243,1,0.411729267,0.321904634,3,2.1364233,2,2.2408958,1,1,0,30,10,1,3,1,PAV058
38,2,1,52,0,1,1290,1,0.382219543,0.520291026,5,2.7835806,4,1.2884297,1,0,NaN,NaN,NaN,NaN,NaN,1,PAV058
39,2,2,8,1,2,2486,1,0.651377381,0.637963174,2,1.8917328,3,2.4825938,1,1,0,20,0,0,3,1,PAV058
40,2,3,4,1,2,1165,1,0.382724582,0.425030484,3,1.2129216,0,1.1626689,1,1,0,20,10,1,2,1,PAV058
41,2,3,15,1,2,1875,1,0.720109167,0.700019882,3,1.2544596,0,1.8730086,1,1,0,25,10,1,4,1,PAV058
42,2,1,3,1,1,1832,0,0.467480599,0.637139421,4,2.1825482,1,1.8301702,0,1,0,25,10,1,2,0,PAV058
43,2,2,13,1,2,982,1,0.555389407,0.477721968,3,1.3064307,0,0.9781369,1,1,1,25,25,1,4,1,PAV058
44,2,2,5,1,2,1304,1,0.505136995,0.299995333,5,1.5902966,2,1.2988463,1,1,0,25,10,1,2,1,PAV058
45,2,3,17,1,2,1245,1,0.739077499,0.549604452,5,1.3068705,2,1.2378647,1,1,8,10,10,1,15,1,PAV058
46,2,2,51,0,1,1507,1,0.676254593,0.334458532,4,1.8179958,1,1.5002889,1,0,NaN,NaN,NaN,NaN,NaN,1,PAV058
47,2,1,4,1,2,1130,1,0.319886235,0.669055076,5,1.2484929,2,1.1278115,1,1,0,20,10,1,2,1,PAV058
48,2,2,45,0,1,2101,1,0.385593021,0.728559388,4,2.0312431,1,2.0994218,1,0,NaN,NaN,NaN,NaN,NaN,1,PAV058
49,2,1,41,0,1,1047,1,0.318391804,0.574899329,5,2.0388011,2,1.0446646,1,0,NaN,NaN,NaN,NaN,NaN,1,PAV058
50,2,3,54,0,1,1941,1,0.422826907,0.26857133,5,1.2811836,2,1.9321774,1,0,NaN,NaN,NaN,NaN,NaN,1,PAV058
51,2,2,56,0,1,2092,1,0.421209659,0.61241177,3,2.4019098,2,2.090431,1,0,NaN,NaN,NaN,NaN,NaN,1,PAV058
52,2,3,26,3,2,982,0,0.741364716,0.321897826,5,1.4745858,2,0.9788554,1,1,1,20,0,0,1,1,PAV058
53,2,1,8,1,2,1469,1,0.333932367,0.34266697,5,1.4463185,2,1.4620643,1,1,1,20,20,1,3,1,PAV058
54,2,1,24,3,1,2014,1,0.565292115,0.623416012,4,1.8551889,1,2.0120905,0,1,0,25,10,1,1,0,PAV058
55,2,1,26,3,2,2926,0,0.701548928,0.326170468,2,2.2101312,1,2.9243404,1,1,0,20,10,1,1,1,PAV058
56,2,3,36,3,1,1416,1,0.481258226,0.693851827,4,2.6433187,1,1.4141238,0,1,0,30,10,1,1,0,PAV058
57,2,2,43,0,2,1011,0,0.638634581,0.252624064,3,2.1301945,2,1.0081068,0,0,NaN,NaN,NaN,NaN,NaN,0,PAV058
58,2,2,7,1,1,1338,0,0.473964844,0.500349533,2,2.5092006,1,1.3353242,0,1,0,25,10,1,3,0,PAV058
59,2,2,3,1,2,1062,1,0.310799926,0.632216143,2,1.1461298,1,1.060324,1,1,0,20,10,1,2,1,PAV058
60,2,2,27,3,2,975,0,0.649655186,0.280464395,5,1.3251862,2,0.9730522,1,1,0,20,10,1,1,1,PAV058
61,2,1,37,3,2,1727,0,0.731435519,0.251218671,5,1.7036497,2,1.7254782,1,1,0,30,10,1,1,1,PAV058
62,2,2,6,1,2,1348,1,0.315735977,0.745727919,5,1.7431991,2,1.3454454,1,1,1,25,25,1,3,1,PAV058
63,2,3,10,1,2,903,1,0.267760736,0.277605863,5,1.2791214,2,0.8935859,1,1,0,30,10,1,3,1,PAV058
64,2,3,66,0,1,1043,1,0.526771783,0.509169721,5,1.1222339,2,1.0406352,1,0,NaN,NaN,NaN,NaN,NaN,1,PAV058
65,2,1,55,0,2,2298,0,0.338503034,0.486365091,2,1.1351952,1,2.295874,0,0,NaN,NaN,NaN,NaN,NaN,0,PAV058
66,2,1,46,0,1,1172,1,0.610089907,0.339855995,5,1.7693976,2,1.1669865,1,0,NaN,NaN,NaN,NaN,NaN,1,PAV058
67,2,1,10,1,2,855,1,0.600923619,0.370268822,4,1.2448338,1,0.8529811,1,1,1,20,20,1,3,1,PAV058
68,2,2,32,3,2,2818,0,0.593736511,0.356721926,2,1.3686367,1,2.8159948,1,1,0,25,10,1,1,1,PAV058
69,2,2,38,3,1,2754,1,0.679793875,0.735632529,2,2.7207517,1,2.7522939,0,1,0,20,10,1,1,0,PAV058
70,2,3,18,1,2,982,1,0.551201293,0.544611054,5,1.4708493,2,0.9793913,1,1,10,10,10,1,15,1,PAV058
71,2,3,30,3,1,3288,1,0.531552731,0.401878115,2,1.8548858,1,3.2827679,0,1,0,20,10,1,1,0,PAV058
72,2,2,53,0,1,2391,1,0.277311174,0.730324641,4,2.1953797,1,2.3897272,1,0,NaN,NaN,NaN,NaN,NaN,1,PAV058
73,2,1,45,0,2,2228,0,0.664036221,0.682186923,3,1.2484216,0,2.2255284,0,0,NaN,NaN,NaN,NaN,NaN,0,PAV058
74,2,2,49,0,1,3623,1,0.443111219,0.636203399,3,1.7294209,0,3.6200721,1,0,NaN,NaN,NaN,NaN,NaN,1,PAV058
75,2,1,2,1,2,1975,1,0.321096049,0.68951707,4,1.2512124,1,1.97351,1,1,1,25,25,1,2,1,PAV058
76,2,1,29,3,1,1376,1,0.597718089,0.522817158,4,2.455485,1,1.3729328,0,1,0,30,10,1,1,0,PAV058
77,2,2,52,0,1,2064,1,0.68534397,0.262089016,4,1.5211729,1,2.0605744,1,0,NaN,NaN,NaN,NaN,NaN,1,PAV058
78,2,3,34,3,1,1206,1,0.564317924,0.419483257,5,1.7619567,2,1.2045693,0,1,0,30,10,1,1,0,PAV058
1,1,3,45,0,0,NaN,0,0.573993343,0.366843676,NaN,NaN,NaN,NaN,0,0,NaN,NaN,NaN,NaN,NaN,0,PAV062
2,1,3,66,0,1,1464,1,0.345945684,0.713668236,5,4.1602255,4,1.4615309,1,0,NaN,NaN,NaN,NaN,NaN,1,PAV062
3,1,1,18,1,2,2402,1,0.383239368,0.634014944,5,2.8919082,2,2.3965818,1,1,8,10,10,1,15,1,PAV062
4,1,1,2,1,1,1252,0,0.736925247,0.618496386,1,2.4057313,2,1.2492139,0,1,0,20,10,1,2,0,PAV062
5,1,3,54,0,1,2072,1,0.39273979,0.475244128,3,0.0739404,0,2.0683675,1,0,NaN,NaN,NaN,NaN,NaN,1,PAV062
6,1,3,30,3,2,1836,0,0.689806193,0.446505059,3,2.1205173,0,1.8339671,1,1,0,25,10,1,1,1,PAV062
7,1,3,14,1,2,1123,1,0.277642317,0.707462821,3,0.1677901,0,1.1160848,1,1,1,20,20,1,4,1,PAV062
8,1,2,8,1,2,1797,1,0.351023073,0.652907499,4,3.6390114,1,1.7927484,1,1,0,20,10,1,3,1,PAV062
9,1,2,38,3,2,1109,0,0.558973429,0.54549323,3,1.9070645,0,1.0993696,1,1,0,30,10,1,1,1,PAV062
10,1,1,15,1,1,1778,0,0.409369325,0.689124945,2,1.6659765,1,1.7753738,0,1,0,20,10,1,4,0,PAV062
11,1,2,28,3,1,989,1,0.284010464,0.504779209,4,2.7589433,3,0.9839729,0,1,0,25,10,1,1,0,PAV062
12,1,3,51,0,2,1017,0,0.35194744,0.736773597,3,0.1144095,0,1.0149428,0,0,NaN,NaN,NaN,NaN,NaN,0,PAV062
13,1,3,15,1,2,1085,1,0.41519189,0.397596851,4,1.545303,1,1.0776151,1,1,0,20,10,1,4,1,PAV062
14,1,3,2,1,2,1388,1,0.660862749,0.372773655,3,0.0340896,0,1.3853743,1,1,1,25,25,1,2,1,PAV062
15,1,3,8,1,2,1090,1,0.374220552,0.585495265,4,1.2280784,1,1.0883411,1,1,0,25,10,1,3,1,PAV062
16,1,1,56,0,1,1013,1,0.464464733,0.440148706,4,3.7275197,5,1.0058382,1,0,NaN,NaN,NaN,NaN,NaN,1,PAV062
17,1,1,5,1,1,1137,0,0.408922965,0.374071042,2,1.3178204,1,1.131588,0,1,1,20,20,1,2,0,PAV062
18,1,2,7,1,2,2232,1,0.581005016,0.325450242,3,1.0413805,0,2.2297132,1,1,1,30,30,1,3,1,PAV062
19,1,2,12,1,2,1319,1,0.476001591,0.658101003,5,1.6675309,2,1.3172096,1,1,0,25,10,1,4,1,PAV062
20,1,1,51,0,1,1003,1,0.576466395,0.629427769,4,3.5002641,5,1.0016312,1,0,NaN,NaN,NaN,NaN,NaN,1,PAV062
21,1,1,4,1,1,1176,0,0.661266535,0.544139852,4,1.3424999,1,1.1742038,0,1,0,25,10,1,2,0,PAV062
22,1,1,31,3,1,834,1,0.553373076,0.644415117,4,1.1059104,1,0.8314151,0,1,0,25,10,1,1,0,PAV062
23,1,1,39,0,1,771,1,0.60323656,0.52583304,3,0.7624529,0,0.7681901,1,0,NaN,NaN,NaN,NaN,NaN,1,PAV062
24,1,3,31,3,1,1237,1,0.482438018,0.445945576,4,1.0806471,1,1.2344413,0,1,0,25,10,1,1,0,PAV062
25,1,2,30,3,2,903,0,0.577858032,0.480791046,5,1.4323604,2,0.8982426,1,1,1,30,0,0,1,1,PAV062
26,1,3,40,0,1,1076,1,0.556566646,0.735021489,5,1.248791,2,1.0749643,1,0,NaN,NaN,NaN,NaN,NaN,1,PAV062
27,1,2,18,1,2,1149,1,0.698850117,0.685932945,5,1.5213343,2,1.1474724,1,1,8,10,10,1,15,1,PAV062
28,1,3,28,3,1,2031,1,0.469093029,0.292909696,2,1.5602851,1,2.0290709,0,1,0,25,10,1,1,0,PAV062
29,1,3,52,0,1,1150,1,0.462545758,0.611260935,2,1.8511025,3,1.145221,1,0,NaN,NaN,NaN,NaN,NaN,1,PAV062
30,1,1,30,3,1,986,1,0.475274044,0.540874078,4,1.1046772,1,0.983224,0,1,0,30,10,1,1,0,PAV062
31,1,2,36,3,1,1209,1,0.683588504,0.299698355,4,1.6683794,1,1.2061458,0,1,0,20,10,1,1,0,PAV062
32,1,1,45,0,1,955,1,0.474615649,0.499382315,5,1.312402,2,0.9535119,1,0,NaN,NaN,NaN,NaN,NaN,1,PAV062
33,1,2,55,0,1,881,1,0.663197186,0.307788842,5,1.6495329,2,0.8791337,1,0,NaN,NaN,NaN,NaN,NaN,1,PAV062
34,1,3,18,1,2,1030,1,0.742030697,0.332638929,5,1.3011905,2,1.0272392,1,1,9,10,10,1,15,1,PAV062
35,1,1,33,3,1,799,1,0.558597905,0.278059666,5,1.1701224,2,0.793836,0,1,0,20,10,1,1,0,PAV062
36,1,2,49,0,1,1152,1,0.359569094,0.435782179,5,1.1330837,2,1.1497152,1,0,NaN,NaN,NaN,NaN,NaN,1,PAV062
37,1,1,49,0,1,795,1,0.455880582,0.491657164,5,1.1342236,2,0.7933047,1,0,NaN,NaN,NaN,NaN,NaN,1,PAV062
38,1,3,12,1,2,1474,1,0.524952744,0.538551775,5,1.0202006,2,1.4722115,1,1,1,25,25,1,4,1,PAV062
39,1,2,43,0,2,1340,0,0.717468639,0.671791931,3,0.3026208,0,1.3373983,0,0,NaN,NaN,NaN,NaN,NaN,0,PAV062
40,1,2,48,0,1,2001,1,0.390182097,0.742727341,3,1.086657,0,1.9946895,1,0,NaN,NaN,NaN,NaN,NaN,1,PAV062
41,1,1,34,3,1,1152,1,0.37113287,0.599211764,4,4.5091023,5,1.1422365,0,1,0,20,10,1,1,0,PAV062
42,1,3,32,3,1,1378,1,0.717614911,0.347218653,3,2.5244712,2,1.3747365,0,1,0,25,10,1,1,0,PAV062
43,1,1,47,0,1,903,1,0.669752605,0.618065652,5,1.2649595,2,0.9007568,1,0,NaN,NaN,NaN,NaN,NaN,1,PAV062
44,1,1,44,0,1,823,1,0.27368169,0.369914383,3,0.0262982,0,0.8207668,1,0,NaN,NaN,NaN,NaN,NaN,1,PAV062
45,1,1,9,1,1,5217,0,0.494260144,0.448480063,4,1.8068707,1,5.2148334,0,1,0,25,10,1,3,0,PAV062
46,1,1,6,1,1,1920,0,0.601044021,0.418238004,4,0.9488201,1,1.916513,0,1,0,25,10,1,3,0,PAV062
47,1,3,17,1,2,1242,1,0.484647478,0.490317628,3,0.0447692,0,1.2401906,1,1,6,10,10,1,15,1,PAV062
48,1,2,16,1,2,1633,1,0.63346561,0.677407185,4,1.0389369,1,1.6275076,1,1,9,10,10,1,15,1,PAV062
49,1,2,56,0,1,1095,1,0.704198289,0.296703901,5,1.160527,2,1.0921123,1,0,NaN,NaN,NaN,NaN,NaN,1,PAV062
50,1,2,17,1,1,834,0,0.34309123,0.28420937,5,1.3342538,2,0.8316948,0,1,6,10,10,1,15,0,PAV062
51,1,1,55,0,1,901,1,0.699336746,0.362088031,4,1.0889337,1,0.8985949,1,0,NaN,NaN,NaN,NaN,NaN,1,PAV062
52,1,3,49,0,1,938,1,0.552392739,0.268225479,3,0.1497528,0,0.9358074,1,0,NaN,NaN,NaN,NaN,NaN,1,PAV062
53,1,3,13,1,2,1744,1,0.642956641,0.714223871,5,1.2034557,2,1.7288545,1,1,1,30,30,1,4,1,PAV062
54,1,3,29,3,2,927,0,0.567368902,0.448030207,5,1.0310263,2,0.9245855,1,1,0,30,10,1,1,1,PAV062
55,1,1,36,3,1,840,1,0.474923805,0.61317675,3,3.1739786,2,0.8388626,0,1,1,20,0,0,1,0,PAV062
56,1,3,4,1,2,748,1,0.306494088,0.500943941,3,0.1766921,0,0.745614,1,1,1,25,25,1,2,1,PAV062
57,1,3,33,3,2,1932,0,0.665088149,0.712247215,3,0.3337996,0,1.9253488,1,1,0,30,10,1,1,1,PAV062
58,1,2,14,1,1,1349,0,0.533064657,0.66491381,3,0.0846804,0,1.3389617,0,1,0,20,10,1,4,0,PAV062
59,1,2,44,0,1,1596,1,0.721788706,0.541782185,3,0.0272233,0,1.5939254,1,0,NaN,NaN,NaN,NaN,NaN,1,PAV062
60,1,2,39,0,1,1061,1,0.730169919,0.725983394,3,0.644497,0,1.0555019,1,0,NaN,NaN,NaN,NaN,NaN,1,PAV062
61,1,2,32,3,1,1303,1,0.621022074,0.564504711,2,3.3700193,1,1.2991421,0,1,0,20,10,1,1,0,PAV062
62,1,3,27,3,2,1485,0,0.633518389,0.394302038,3,0.2503802,0,1.4742704,1,1,0,20,10,1,1,1,PAV062
63,1,2,2,1,1,1030,0,0.71916058,0.428699527,4,3.0137147,3,1.0237095,0,1,0,30,10,1,2,0,PAV062
64,1,1,27,3,1,886,1,0.342721525,0.455604272,3,0.0509001,0,0.8842632,0,1,0,25,10,1,1,0,PAV062
65,1,1,10,1,2,1094,1,0.3006485,0.26515293,5,2.228722,2,1.0916276,1,1,0,30,10,1,3,1,PAV062
66,1,3,41,0,2,953,0,0.46504227,0.29642631,3,0.0675627,0,0.9506946,0,0,NaN,NaN,NaN,NaN,NaN,0,PAV062
67,1,2,45,0,2,3865,0,0.486821945,0.35477,3,1.3333164,0,3.8633685,0,0,NaN,NaN,NaN,NaN,NaN,0,PAV062
68,1,2,29,3,1,799,1,0.271247267,0.44492134,3,0.0935307,0,0.797074,0,1,0,30,10,1,1,0,PAV062
69,1,2,31,3,2,1258,0,0.346724091,0.563924006,4,1.752774,1,1.2555173,1,1,0,25,10,1,1,1,PAV062
70,1,1,14,1,1,990,0,0.291530327,0.264468285,4,3.5457313,3,0.9880673,0,1,0,25,10,1,4,0,PAV062
71,1,2,40,0,1,820,1,0.293786346,0.364744267,3,0.0098503,0,0.8084618,1,0,NaN,NaN,NaN,NaN,NaN,1,PAV062
72,1,1,53,0,1,1897,1,0.662254872,0.737467328,3,0.1384709,0,1.8926388,1,0,NaN,NaN,NaN,NaN,NaN,1,PAV062
73,1,3,42,0,1,927,1,0.540838703,0.340552025,3,0.7041119,0,0.924655,1,0,NaN,NaN,NaN,NaN,NaN,1,PAV062
74,1,2,13,1,1,1108,0,0.314499701,0.539398016,4,1.2908282,1,1.1058661,0,1,1,20,20,1,4,0,PAV062
75,1,1,28,3,2,1190,0,0.734999033,0.66677873,4,1.0399811,1,1.1868295,1,1,0,25,10,1,1,1,PAV062
1,2,3,36,3,1,1308,1,0.472031488,0.404301018,3,1.3884799,0,1.3049478,0,1,0,30,10,1,1,0,PAV062
2,2,1,17,1,2,1190,1,0.559797096,0.627605741,3,0.565633,0,1.1877171,1,1,6,10,10,1,15,1,PAV062
3,2,1,1,1,1,958,0,0.732685459,0.343898213,3,0.3205845,0,0.9563661,0,1,1,20,20,1,2,0,PAV062
4,2,1,8,1,2,1279,1,0.283493443,0.661508628,3,0.1231973,0,1.2768708,1,1,1,20,20,1,3,1,PAV062
5,2,3,16,1,2,1135,1,0.312362875,0.674527218,4,1.1672919,1,1.1295091,1,1,7,10,10,1,15,1,PAV062
6,2,3,6,1,2,1036,1,0.567921917,0.503253033,4,0.9042264,1,1.0275394,1,1,0,20,10,1,3,1,PAV062
7,2,3,35,3,2,840,0,0.72835481,0.343425899,4,0.8687174,1,0.8384142,1,1,0,20,10,1,1,1,PAV062
8,2,2,3,1,2,1061,1,0.430234374,0.548422327,3,0.0257931,0,1.0518207,1,1,1,25,25,1,2,1,PAV062
9,2,3,53,0,2,889,0,0.64975689,0.314412552,3,0.9198917,0,0.8870289,0,0,NaN,NaN,NaN,NaN,NaN,0,PAV062
10,2,3,5,1,2,1063,1,0.334445502,0.58939857,3,0.090928,0,1.0605929,1,1,1,20,20,1,2,1,PAV062
11,2,1,40,0,1,1043,1,0.257057804,0.334726746,2,0.8434596,1,1.0415151,1,0,NaN,NaN,NaN,NaN,NaN,1,PAV062
12,2,1,52,0,1,1031,1,0.642800066,0.453000524,2,0.7149258,1,1.0291474,1,0,NaN,NaN,NaN,NaN,NaN,1,PAV062
13,2,2,34,3,1,940,1,0.568657602,0.52660367,2,0.8015007,1,0.9363873,0,1,1,20,0,0,1,0,PAV062
14,2,3,10,1,2,725,1,0.528179566,0.434516926,3,0.0363945,0,0.7219802,1,1,1,30,30,1,3,1,PAV062
15,2,2,24,3,1,2223,1,0.495185166,0.276425719,4,4.0562235,3,2.2213023,0,1,0,20,10,1,1,0,PAV062
16,2,2,52,0,1,2200,1,0.29416892,0.302874763,4,3.0391544,3,2.1968555,1,0,NaN,NaN,NaN,NaN,NaN,1,PAV062
17,2,3,7,1,2,680,1,0.623799522,0.288196134,3,0.1257153,0,0.6742833,1,1,1,30,30,1,3,1,PAV062
18,2,1,38,3,1,860,1,0.418751359,0.378076144,4,2.1745769,1,0.8577899,0,1,0,20,10,1,1,0,PAV062
19,2,3,9,1,2,734,1,0.6274383,0.533737206,4,1.4707969,1,0.731721,1,1,0,25,10,1,3,1,PAV062
20,2,1,42,0,1,833,1,0.514233828,0.492868063,4,2.1497129,1,0.8270524,1,0,NaN,NaN,NaN,NaN,NaN,1,PAV062
21,2,1,12,1,2,1007,1,0.26408886,0.53606177,4,1.0996411,1,1.0047741,1,1,0,25,10,1,4,1,PAV062
22,2,3,46,0,1,1407,1,0.49278577,0.453553676,3,0.5840926,0,1.3990022,1,0,NaN,NaN,NaN,NaN,NaN,1,PAV062
23,2,2,35,3,1,904,1,0.571636475,0.400570269,4,1.9142952,1,0.8984621,0,1,0,25,10,1,1,0,PAV062
24,2,3,3,1,1,974,0,0.417094294,0.601983289,4,1.3929722,1,0.9684215,0,1,0,30,10,1,2,0,PAV062
25,2,3,50,0,1,905,1,0.386798538,0.381705005,4,1.6705826,1,0.9037755,1,0,NaN,NaN,NaN,NaN,NaN,1,PAV062
26,2,2,33,3,1,707,1,0.599649805,0.451273638,3,0.5216507,0,0.7040978,0,1,0,25,10,1,1,0,PAV062
27,2,2,10,1,2,1224,1,0.744444511,0.497963354,4,1.7504192,1,1.2206671,1,1,1,25,25,1,3,1,PAV062
28,2,3,39,0,1,970,1,0.664872575,0.301218297,5,1.9516238,2,0.9669718,1,0,NaN,NaN,NaN,NaN,NaN,1,PAV062
29,2,3,34,3,1,938,1,0.74029964,0.570968466,5,1.2941175,2,0.9367005,0,1,0,25,10,1,1,0,PAV062
30,2,3,26,3,2,1147,0,0.732151101,0.688948244,4,1.3507658,1,1.1429407,1,1,0,20,10,1,1,1,PAV062
31,2,1,25,3,1,1392,1,0.510133589,0.562855146,4,1.0358474,1,1.3890632,0,1,0,25,10,1,1,0,PAV062
32,2,3,25,3,1,1123,1,0.251024399,0.453208444,4,1.2109786,1,1.1203525,0,1,0,30,10,1,1,0,PAV062
33,2,1,13,1,2,1433,1,0.508163181,0.371132484,5,1.0971203,2,1.430652,1,1,1,30,30,1,4,1,PAV062
34,2,3,38,3,1,2255,1,0.364877976,0.614895359,3,0.137029,0,2.2507005,0,1,0,20,10,1,1,0,PAV062
35,2,1,43,0,1,894,1,0.477904443,0.548778939,4,0.9257404,1,0.8911671,1,0,NaN,NaN,NaN,NaN,NaN,1,PAV062
36,2,1,11,1,1,1406,0,0.749606819,0.408893976,3,0.1120704,0,1.399393,0,1,1,30,30,1,4,0,PAV062
37,2,1,35,3,2,1038,0,0.742365905,0.316192903,4,1.0937159,1,1.0352573,1,1,0,25,10,1,1,1,PAV062
38,2,2,9,1,1,1862,0,0.555498871,0.458975158,2,2.5073202,3,1.8600419,0,1,1,20,20,1,3,0,PAV062
39,2,2,11,1,1,912,0,0.655930374,0.37803599,4,1.1150357,1,0.9096538,0,1,0,30,10,1,4,0,PAV062
40,2,2,15,1,1,936,0,0.262373679,0.642142023,3,1.0973268,0,0.9335965,0,1,0,25,10,1,4,0,PAV062
41,2,3,55,0,1,972,1,0.293727783,0.441003824,5,1.4278671,2,0.9687517,1,0,NaN,NaN,NaN,NaN,NaN,1,PAV062
42,2,2,47,0,1,735,1,0.346153497,0.542140906,3,0.0646023,0,0.7331182,1,0,NaN,NaN,NaN,NaN,NaN,1,PAV062
43,2,2,26,3,1,846,1,0.564493303,0.500464269,5,1.2092133,2,0.8419924,0,1,0,25,10,1,1,0,PAV062
44,2,2,50,0,1,1626,1,0.5110464,0.41766736,5,1.4420633,2,1.6235846,1,0,NaN,NaN,NaN,NaN,NaN,1,PAV062
45,2,3,44,0,1,900,1,0.537503201,0.572052635,5,1.2545399,2,0.8945703,1,0,NaN,NaN,NaN,NaN,NaN,1,PAV062
46,2,1,3,1,2,1370,1,0.571782842,0.642367205,2,1.6045463,1,1.367332,1,1,1,30,30,1,2,1,PAV062
47,2,1,41,0,1,964,1,0.389593575,0.702406989,3,0.0251471,0,0.9591738,1,0,NaN,NaN,NaN,NaN,NaN,1,PAV062
48,2,2,37,3,1,1192,1,0.383243591,0.378983428,3,0.1191883,0,1.190762,0,1,0,20,10,1,1,0,PAV062
49,2,3,47,0,1,905,1,0.292309725,0.74236677,5,1.2817117,2,0.8995831,1,0,NaN,NaN,NaN,NaN,NaN,1,PAV062
50,2,3,48,0,1,907,1,0.470041534,0.719515218,5,1.2130097,2,0.9047631,1,0,NaN,NaN,NaN,NaN,NaN,1,PAV062
51,2,1,7,1,2,1380,1,0.506764398,0.604550797,3,2.6529736,4,1.3737135,1,1,1,30,30,1,3,1,PAV062
52,2,3,37,3,1,1048,1,0.535292282,0.32136342,3,1.0773403,0,1.0459061,0,1,0,30,10,1,1,0,PAV062
53,2,1,16,1,2,1497,1,0.606197735,0.610397725,3,1.2551678,0,1.4951244,1,1,8,10,10,1,15,1,PAV062
54,2,2,51,0,1,691,1,0.584600648,0.367129603,4,2.6068682,3,0.6829606,1,0,NaN,NaN,NaN,NaN,NaN,1,PAV062
55,2,1,29,3,1,993,1,0.312039067,0.529289138,5,1.4486363,2,0.990388,0,1,0,30,10,1,1,0,PAV062
56,2,1,24,3,1,1072,1,0.435041773,0.720989009,5,1.2394811,2,1.0702356,0,1,0,20,10,1,1,0,PAV062
57,2,2,42,0,1,864,1,0.457655069,0.378517159,5,1.3672815,2,0.8619627,1,0,NaN,NaN,NaN,NaN,NaN,1,PAV062
58,2,2,46,0,1,771,1,0.316937083,0.369269774,5,1.1207267,2,0.7665407,1,0,NaN,NaN,NaN,NaN,NaN,1,PAV062
59,2,3,56,0,1,1276,1,0.579922716,0.450899828,5,1.6012404,2,1.2743196,1,0,NaN,NaN,NaN,NaN,NaN,1,PAV062
60,2,1,46,0,1,862,1,0.509882553,0.504844997,5,2.0473896,2,0.8600444,1,0,NaN,NaN,NaN,NaN,NaN,1,PAV062
61,2,2,5,1,1,760,0,0.455229521,0.490271347,5,1.5383027,2,0.7580827,0,1,0,20,10,1,2,0,PAV062
62,2,3,11,1,1,867,0,0.341624466,0.587998479,5,1.5054153,2,0.861993,0,1,0,30,10,1,4,0,PAV062
63,2,3,1,1,2,1815,1,0.492501223,0.688433664,4,2.8579081,1,1.8127404,1,1,0,30,10,1,2,1,PAV062
64,2,2,25,3,1,822,1,0.572924086,0.73333952,4,1.850253,3,0.8138529,0,1,0,30,10,1,1,0,PAV062
65,2,2,6,1,1,771,0,0.526492449,0.699655869,5,2.1242585,3,0.7689504,0,1,0,20,10,1,3,0,PAV062
66,2,1,26,3,1,881,1,0.410245301,0.435530709,5,1.4154389,2,0.8785646,0,1,0,30,10,1,1,0,PAV062
67,2,1,54,0,1,894,1,0.476402084,0.504732389,5,1.3688057,2,0.8920877,1,0,NaN,NaN,NaN,NaN,NaN,1,PAV062
68,2,1,32,3,1,1178,1,0.555274443,0.513575737,5,1.483783,2,1.1756104,0,1,0,30,10,1,1,0,PAV062
69,2,2,4,1,1,737,0,0.311713035,0.559475219,5,1.1540127,2,0.7336896,0,1,0,25,10,1,2,0,PAV062
70,2,2,27,3,1,933,1,0.505761101,0.266114082,5,1.4658378,2,0.931236,0,1,0,30,10,1,1,0,PAV062
71,2,2,1,1,1,592,0,0.364308986,0.597148808,5,1.4505865,2,0.5902573,0,1,0,30,10,1,2,0,PAV062
72,2,1,48,0,1,691,1,0.536229717,0.658757553,5,1.3125163,2,0.6898756,1,0,NaN,NaN,NaN,NaN,NaN,1,PAV062
73,2,1,37,3,1,1022,1,0.666555482,0.502368286,5,1.2799805,2,1.0151516,0,1,0,30,10,1,1,0,PAV062
74,2,2,54,0,1,624,1,0.498843538,0.685595491,5,1.2540039,2,0.6219502,1,0,NaN,NaN,NaN,NaN,NaN,1,PAV062
75,2,1,50,0,1,812,1,0.434291222,0.64924712,5,1.2368841,2,0.8101772,1,0,NaN,NaN,NaN,NaN,NaN,1,PAV062
76,2,3,24,3,1,996,1,0.641656885,0.480273351,5,0.9937816,2,0.9942156,0,1,0,20,10,1,1,0,PAV062
77,2,2,41,0,1,660,1,0.692406145,0.362641169,5,1.4368097,2,0.6586485,1,0,NaN,NaN,NaN,NaN,NaN,1,PAV062
78,2,2,53,0,1,684,1,0.728851261,0.715089773,5,1.4961083,2,0.6831909,1,0,NaN,NaN,NaN,NaN,NaN,1,PAV062
1,1,3,51,0,2,2804,0,0.619141355,0.435858045,5,4.1057643,2,2.799722,0,0,NaN,NaN,NaN,NaN,NaN,0,PAV064
2,1,1,25,3,1,1539,1,0.320810751,0.620256997,1,2.4088487,2,1.5369137,0,1,0,25,10,1,1,0,PAV064
3,1,2,51,0,2,1989,0,0.415248439,0.607097455,5,2.6296649,2,1.9860375,0,0,NaN,NaN,NaN,NaN,NaN,0,PAV064
4,1,1,12,1,1,2618,0,0.746018374,0.615151595,2,1.5742051,1,2.6124946,0,1,0,20,10,1,4,0,PAV064
5,1,3,2,1,2,1150,1,0.303496579,0.360368233,3,0.217128,0,1.1453418,1,1,0,20,10,1,2,1,PAV064
6,1,1,46,0,1,1507,1,0.534125309,0.327285801,1,3.3765818,2,1.5047681,1,0,NaN,NaN,NaN,NaN,NaN,1,PAV064
7,1,3,17,1,2,1939,1,0.389802299,0.51251172,5,3.7587309,2,1.9372871,1,1,8,10,10,1,15,1,PAV064
8,1,1,28,3,1,1250,1,0.67441196,0.555403322,3,0.0842814,0,1.2468565,0,1,0,25,10,1,1,0,PAV064
9,1,2,47,0,1,2211,1,0.286409765,0.303477765,1,2.7542404,2,2.2067955,1,0,NaN,NaN,NaN,NaN,NaN,1,PAV064
10,1,3,14,1,2,1636,1,0.463006203,0.35449948,5,2.0578516,2,1.6339577,1,1,0,25,10,1,4,1,PAV064
11,1,1,49,0,1,1521,1,0.656043917,0.725856504,3,0.0992355,0,1.5174064,1,0,NaN,NaN,NaN,NaN,NaN,1,PAV064
12,1,3,34,3,2,2407,0,0.504356514,0.7317654,5,2.1633529,2,2.4052182,1,1,0,30,10,1,1,1,PAV064
13,1,2,7,1,2,2036,1,0.69120247,0.492980444,3,0.0525516,0,2.032861,1,1,1,30,30,1,3,1,PAV064
14,1,1,42,0,1,933,1,0.53810635,0.454045663,1,2.5883614,2,0.9309983,1,0,NaN,NaN,NaN,NaN,NaN,1,PAV064
15,1,2,33,3,2,1797,0,0.394123238,0.539731711,4,2.230367,1,1.7914765,1,1,0,25,10,1,1,1,PAV064
16,1,1,36,3,1,2146,1,0.682019893,0.502742928,3,0.1812384,0,2.1449503,0,1,0,30,10,1,1,0,PAV064
17,1,3,49,0,1,1235,1,0.401571391,0.435691929,1,2.0694664,2,1.2330704,1,0,NaN,NaN,NaN,NaN,NaN,1,PAV064
18,1,1,55,0,1,1114,1,0.743180903,0.356346004,1,1.5682899,2,1.1087728,1,0,NaN,NaN,NaN,NaN,NaN,1,PAV064
19,1,3,37,3,2,3002,0,0.63571338,0.341569199,3,0.2153501,0,2.999787,1,1,0,30,10,1,1,1,PAV064
20,1,2,11,1,2,1929,1,0.663259419,0.427884593,5,1.8240406,2,1.9266181,1,1,0,25,10,1,4,1,PAV064
21,1,1,43,0,1,892,1,0.474935274,0.558762078,3,0.1676312,0,0.8879377,1,0,NaN,NaN,NaN,NaN,NaN,1,PAV064
22,1,3,50,0,1,1096,1,0.317187363,0.626500415,1,1.404042,2,1.0945473,1,0,NaN,NaN,NaN,NaN,NaN,1,PAV064
23,1,1,50,0,1,1237,1,0.641005876,0.51647236,1,1.2809819,2,1.2350695,1,0,NaN,NaN,NaN,NaN,NaN,1,PAV064
24,1,1,8,1,1,869,0,0.297450445,0.642900193,1,2.0441072,2,0.8662737,0,1,0,25,10,1,3,0,PAV064
25,1,3,1,1,2,1836,1,0.388669101,0.68591752,4,1.6865056,1,1.8308488,1,1,0,20,10,1,2,1,PAV064
26,1,3,46,0,2,1568,0,0.709550463,0.703801724,3,0.0542687,0,1.5646659,0,0,NaN,NaN,NaN,NaN,NaN,0,PAV064
27,1,1,38,3,1,2500,1,0.539722988,0.622733914,2,1.5181055,1,2.4978943,0,1,0,20,10,1,1,0,PAV064
28,1,2,16,1,2,1133,1,0.276901058,0.551008135,5,1.8084384,2,1.1303201,1,1,9,10,10,1,15,1,PAV064
29,1,1,6,1,1,1286,0,0.511812094,0.310652195,1,1.3865804,2,1.2844825,0,1,0,30,10,1,3,0,PAV064
30,1,2,30,3,2,1135,0,0.51032212,0.695253699,5,1.8220229,2,1.1325621,1,1,0,30,10,1,1,1,PAV064
31,1,1,2,1,2,2868,1,0.29462127,0.719726915,3,2.5757829,0,2.8657808,1,1,0,25,10,1,2,1,PAV064
32,1,2,45,0,2,1717,0,0.746983913,0.628457437,5,1.5633784,2,1.7149374,0,0,NaN,NaN,NaN,NaN,NaN,0,PAV064
33,1,1,53,0,1,806,1,0.608322309,0.29102797,3,0.1053256,0,0.8021342,1,0,NaN,NaN,NaN,NaN,NaN,1,PAV064
34,1,1,16,1,1,953,0,0.495602173,0.42172147,2,1.3193616,1,0.95135,0,1,9,10,10,1,15,0,PAV064
35,1,1,54,0,1,662,1,0.277923318,0.436319871,1,1.7350333,2,0.6547959,1,0,NaN,NaN,NaN,NaN,NaN,1,PAV064
36,1,2,41,0,1,3206,1,0.429359273,0.29050128,3,0.0753912,0,3.2033729,1,0,NaN,NaN,NaN,NaN,NaN,1,PAV064
37,1,2,12,1,2,970,1,0.373961223,0.600903725,3,0.0515574,0,0.9678086,1,1,1,20,20,1,4,1,PAV064
38,1,1,26,3,1,675,1,0.554170695,0.533738716,1,1.5354703,2,0.673164,0,1,0,20,10,1,1,0,PAV064
39,1,2,17,1,2,1414,1,0.396022404,0.664169391,5,1.5278718,2,1.409462,1,1,7,10,10,1,15,1,PAV064
40,1,1,17,1,2,1620,1,0.549040614,0.399052201,5,1.7031133,2,1.6177694,1,1,8,10,10,1,15,1,PAV064
41,1,3,27,3,2,2525,0,0.509262597,0.625493338,5,1.7523002,2,2.5232377,1,1,0,25,10,1,1,1,PAV064
42,1,3,31,3,2,1504,0,0.409875552,0.723900398,5,1.9167726,2,1.5017639,1,1,0,30,10,1,1,1,PAV064
43,1,3,66,0,1,4011,1,0.548915202,0.268685123,1,1.7188881,2,4.0083875,1,0,NaN,NaN,NaN,NaN,NaN,1,PAV064
44,1,2,3,1,2,1006,1,0.658282318,0.586473923,5,1.87745,2,1.002403,1,1,1,25,25,1,2,1,PAV064
45,1,2,44,0,2,2094,0,0.433414826,0.51220034,5,1.92716,2,2.0901178,0,0,NaN,NaN,NaN,NaN,NaN,0,PAV064
46,1,1,24,3,1,1316,1,0.746677372,0.27607765,1,1.3774082,2,1.3139036,0,1,0,30,10,1,1,0,PAV064
47,1,2,46,0,1,2750,1,0.621775544,0.28242806,1,1.839698,2,2.745586,1,0,NaN,NaN,NaN,NaN,NaN,1,PAV064
48,1,3,30,3,2,1954,0,0.387572833,0.667413824,5,1.9292273,2,1.9486386,1,1,0,20,10,1,1,1,PAV064
49,1,3,15,1,2,1761,1,0.266073781,0.591398916,5,2.8724953,2,1.759277,1,1,0,20,10,1,4,1,PAV064
50,1,2,35,3,2,1286,0,0.639591462,0.334547231,3,0.1356401,0,1.2827843,1,1,0,30,10,1,1,1,PAV064
51,1,1,44,0,1,913,1,0.540806499,0.515597947,1,1.4284512,2,0.9103325,1,0,NaN,NaN,NaN,NaN,NaN,1,PAV064
52,1,2,18,1,2,900,1,0.545422354,0.279621325,5,1.7605439,2,0.8972149,1,1,7,10,10,1,15,1,PAV064
53,1,2,10,1,2,1851,1,0.480507784,0.459857475,5,3.2057126,2,1.8488124,1,1,0,25,10,1,3,1,PAV064
54,1,3,3,1,1,2050,0,0.520702816,0.390491131,1,1.2403449,2,2.0480689,0,1,0,30,10,1,2,0,PAV064
55,1,3,40,0,2,1341,0,0.44372722,0.326465696,4,1.9865618,1,1.3391347,0,0,NaN,NaN,NaN,NaN,NaN,0,PAV064
56,1,3,42,0,1,1587,1,0.549048689,0.495404421,1,1.4774618,2,1.584864,1,0,NaN,NaN,NaN,NaN,NaN,1,PAV064
57,1,2,49,0,2,989,0,0.576142517,0.291605558,5,2.0809543,2,0.9869137,0,0,NaN,NaN,NaN,NaN,NaN,0,PAV064
58,1,2,48,0,2,1330,0,0.532952504,0.683033464,5,1.8617536,2,1.3277087,0,0,NaN,NaN,NaN,NaN,NaN,0,PAV064
59,1,2,42,0,1,2454,1,0.305004687,0.736946053,1,1.3638101,2,2.4519666,1,0,NaN,NaN,NaN,NaN,NaN,1,PAV064
60,1,3,8,1,2,1271,1,0.573937084,0.570226212,5,1.514692,2,1.268631,1,1,0,25,10,1,3,1,PAV064
61,1,2,27,3,2,2452,0,0.424326891,0.682295996,5,1.6724963,2,2.4488838,1,1,0,30,10,1,1,1,PAV064
62,1,3,55,0,1,1290,1,0.352544416,0.69821146,3,0.2035469,0,1.2870606,1,0,NaN,NaN,NaN,NaN,NaN,1,PAV064
63,1,1,15,1,2,1445,1,0.396644962,0.320760716,4,2.2124783,1,1.4434452,1,1,1,25,25,1,4,1,PAV064
64,1,1,32,3,1,1308,1,0.590924029,0.617069862,1,1.3166175,2,1.3062479,0,1,0,25,10,1,1,0,PAV064
65,1,2,38,3,1,1045,1,0.259437513,0.687890209,1,1.4229512,2,1.0424266,0,1,0,20,10,1,1,0,PAV064
66,1,3,11,1,2,1387,1,0.35380352,0.629962794,5,2.0830425,2,1.3814293,1,1,0,20,10,1,4,1,PAV064
67,1,3,29,3,2,1813,0,0.510193593,0.556650655,3,1.0199638,0,1.8071839,1,1,0,20,10,1,1,1,PAV064
68,1,1,14,1,2,3246,1,0.482805959,0.616059535,5,1.8568722,2,3.243039,1,1,1,30,30,1,4,1,PAV064
69,1,2,31,3,2,1127,0,0.296240116,0.715203409,5,1.5988031,2,1.1245651,1,1,1,25,0,0,1,1,PAV064
70,1,1,1,1,1,955,0,0.671441253,0.325803154,3,0.1939785,0,0.9508765,0,1,0,25,10,1,2,0,PAV064
71,1,3,25,3,2,2452,0,0.505185054,0.450797101,5,2.3815895,2,2.4475948,1,1,0,20,10,1,1,1,PAV064
72,1,3,39,0,2,1642,0,0.302752702,0.504366884,5,1.7048234,2,1.6398536,0,0,NaN,NaN,NaN,NaN,NaN,0,PAV064
73,1,3,18,1,1,2027,0,0.25536804,0.311314497,1,1.4325525,2,2.0243598,0,1,8,10,10,1,15,0,PAV064
74,1,2,1,1,2,1031,1,0.667449799,0.738471362,5,1.726739,2,1.0290896,1,1,1,30,30,1,2,1,PAV064
75,1,2,25,3,1,1244,1,0.638539099,0.469715801,1,1.5388746,2,1.2398697,0,1,0,30,10,1,1,0,PAV064
1,2,2,36,3,1,3314,1,0.579238144,0.665226929,1,1.9605003,2,3.308377,0,1,0,30,10,1,1,0,PAV064
2,2,1,27,3,1,905,1,0.450471076,0.735174903,1,1.3105288,2,0.9016122,0,1,0,20,10,1,1,0,PAV064
3,2,1,11,1,1,1126,0,0.328624838,0.416636383,1,1.4166533,2,1.1224071,0,1,0,30,10,1,4,0,PAV064
4,2,1,37,3,1,1045,1,0.714814732,0.341866696,1,1.4015236,2,1.0434383,0,1,0,25,10,1,1,0,PAV064
5,2,1,5,1,1,1032,0,0.28529481,0.488952555,1,1.4431587,2,1.0298621,0,1,0,30,10,1,2,0,PAV064
6,2,2,43,0,2,1850,0,0.558439153,0.492080479,5,1.525331,2,1.8479446,0,0,NaN,NaN,NaN,NaN,NaN,0,PAV064
7,2,2,5,1,1,937,0,0.72009258,0.699184462,1,1.3554137,2,0.9348329,0,1,0,25,10,1,2,0,PAV064
8,2,2,9,1,2,1241,1,0.530602253,0.613298245,5,1.8877132,2,1.2388579,1,1,0,20,10,1,3,1,PAV064
9,2,2,15,1,2,1171,1,0.728504785,0.386759523,5,1.9227306,2,1.1671187,1,1,0,20,10,1,4,1,PAV064
10,2,1,40,0,1,1070,1,0.424429758,0.527591466,1,1.4114894,2,1.0670116,1,0,NaN,NaN,NaN,NaN,NaN,1,PAV064
11,2,2,24,3,2,1924,0,0.524193842,0.570715333,5,1.8528973,2,1.9225119,1,1,0,20,10,1,1,1,PAV064
12,2,2,14,1,2,1210,1,0.506551539,0.569225162,4,1.7414247,1,1.2079889,1,1,0,25,10,1,4,1,PAV064
13,2,2,2,1,2,1858,1,0.261600322,0.325699556,5,3.0259818,2,1.8561933,1,1,0,30,10,1,2,1,PAV064
14,2,2,32,3,2,776,0,0.450010867,0.26950647,5,1.6455113,2,0.7712709,1,1,0,25,10,1,1,1,PAV064
15,2,3,24,3,1,1369,1,0.388210392,0.319253065,1,1.4448255,2,1.3674161,0,1,0,30,0,0,1,0,PAV064
16,2,3,5,1,1,1037,0,0.655032996,0.444938796,3,0.1500918,0,1.0348216,0,1,0,25,10,1,2,0,PAV064
17,2,3,7,1,2,1831,1,0.429706039,0.474235497,5,1.6272912,2,1.8277918,1,1,1,25,25,1,3,1,PAV064
18,2,1,4,1,1,1024,0,0.403748619,0.368510409,1,1.5376965,2,1.0218529,0,1,0,20,10,1,2,0,PAV064
19,2,1,3,1,1,1037,0,0.369858227,0.355678839,1,2.6362142,2,1.034376,0,1,0,30,10,1,2,0,PAV064
20,2,2,37,3,2,1105,0,0.398737018,0.591712956,5,1.5633326,2,1.1021318,1,1,1,25,0,0,1,1,PAV064
21,2,2,29,3,1,1079,1,0.409000605,0.427691973,1,1.3708514,2,1.0763823,0,1,0,20,10,1,1,0,PAV064
22,2,3,12,1,1,986,0,0.586444341,0.541851371,1,1.6525168,2,0.9848946,0,1,0,30,10,1,4,0,PAV064
23,2,1,7,1,1,1017,0,0.344203962,0.415725606,1,1.4357423,2,1.0150042,0,1,0,30,10,1,3,0,PAV064
24,2,1,34,3,1,1478,1,0.719881474,0.480249608,1,1.4297047,2,1.4760909,0,1,0,30,10,1,1,0,PAV064
25,2,1,13,1,1,1863,0,0.724340269,0.383268502,1,1.455005,2,1.8570621,0,1,0,30,10,1,4,0,PAV064
26,2,1,47,0,1,832,1,0.560362052,0.273089273,1,1.5177146,2,0.829384,1,0,NaN,NaN,NaN,NaN,NaN,1,PAV064
27,2,2,39,0,2,1335,0,0.272852054,0.513728928,5,1.6507767,2,1.3301146,0,0,NaN,NaN,NaN,NaN,NaN,0,PAV064
28,2,1,45,0,1,853,1,0.749978046,0.332785189,1,1.4805324,2,0.8511385,1,0,NaN,NaN,NaN,NaN,NaN,1,PAV064
29,2,1,48,0,1,831,1,0.374776079,0.577562043,1,2.3082059,2,0.8290286,1,0,NaN,NaN,NaN,NaN,NaN,1,PAV064
30,2,2,53,0,2,983,0,0.467416467,0.715213994,5,1.3303066,2,0.9789447,0,0,NaN,NaN,NaN,NaN,NaN,0,PAV064
31,2,2,55,0,2,5444,0,0.699319907,0.582036926,3,1.0376753,0,5.44178,0,0,NaN,NaN,NaN,NaN,NaN,0,PAV064
32,2,3,56,0,2,2446,0,0.37139454,0.565134343,5,2.0360504,2,2.44383,0,0,NaN,NaN,NaN,NaN,NaN,0,PAV064
33,2,2,26,3,2,1258,0,0.394908207,0.52741358,3,0.7226623,0,1.2558305,1,1,0,20,10,1,1,1,PAV064
34,2,3,33,3,2,1904,0,0.558455227,0.46336222,5,1.7935365,2,1.9007709,1,1,0,25,10,1,1,1,PAV064
35,2,3,32,3,1,1298,1,0.46474857,0.373145632,1,1.5277041,2,1.2962637,0,1,0,25,10,1,1,0,PAV064
36,2,2,50,0,2,1884,0,0.745554066,0.70297148,5,1.7843175,2,1.8820224,0,0,NaN,NaN,NaN,NaN,NaN,0,PAV064
37,2,1,33,3,0,NaN,0,0.426853939,0.726292811,NaN,NaN,NaN,NaN,0,1,1,20,0,0,1,0,PAV064
38,2,1,18,1,2,1426,1,0.735721296,0.6417007,5,1.7836977,2,1.4231258,1,1,10,10,10,1,15,1,PAV064
39,2,1,9,1,1,1737,0,0.43797692,0.28989626,1,1.5360922,2,1.730995,0,1,0,20,10,1,3,0,PAV064
40,2,1,39,0,1,1041,1,0.588557027,0.725805073,1,1.3487491,2,1.0348783,1,0,NaN,NaN,NaN,NaN,NaN,1,PAV064
41,2,1,41,0,1,868,1,0.42833828,0.301301163,3,0.0835723,0,0.8661077,1,0,NaN,NaN,NaN,NaN,NaN,1,PAV064
42,2,1,56,0,1,1324,1,0.693585423,0.539029604,1,2.5237844,2,1.3223167,1,0,NaN,NaN,NaN,NaN,NaN,1,PAV064
43,2,3,36,3,1,1337,1,0.584040217,0.48413582,3,0.0780122,0,1.3343385,0,1,0,20,10,1,1,0,PAV064
44,2,3,47,0,1,1035,1,0.425353969,0.512081675,1,1.2575604,2,1.0336749,1,0,NaN,NaN,NaN,NaN,NaN,1,PAV064
45,2,2,8,1,2,1887,1,0.666394517,0.282567479,5,2.492154,2,1.8830136,1,1,1,25,25,1,3,1,PAV064
46,2,1,10,1,1,2641,0,0.66701089,0.388896996,1,1.4232025,2,2.6377519,0,1,0,20,10,1,3,0,PAV064
47,2,1,51,0,1,994,1,0.464147766,0.327677691,1,1.7095479,2,0.9874608,1,0,NaN,NaN,NaN,NaN,NaN,1,PAV064
48,2,1,30,3,1,850,1,0.644280977,0.535037171,1,1.3116799,2,0.8477099,0,1,0,25,10,1,1,0,PAV064
49,2,3,10,1,2,987,1,0.692910766,0.477030494,3,0.1556402,0,0.9850363,1,1,1,30,30,1,3,1,PAV064
50,2,3,4,1,2,983,1,0.636127584,0.393402456,5,1.5132494,2,0.9799679,1,1,1,20,20,1,2,1,PAV064
51,2,3,45,0,1,941,1,0.327240683,0.723441078,1,1.3822921,2,0.9330746,1,0,NaN,NaN,NaN,NaN,NaN,1,PAV064
52,2,2,52,0,1,2031,1,0.547599386,0.666606097,1,1.5928077,2,2.0296093,1,0,NaN,NaN,NaN,NaN,NaN,1,PAV064
53,2,3,6,1,2,1354,1,0.491987669,0.497843371,5,2.491641,2,1.3521958,1,1,0,20,10,1,3,1,PAV064
54,2,3,9,1,2,1928,1,0.46459033,0.445710653,5,1.8554679,2,1.925454,1,1,1,20,20,1,3,1,PAV064
55,2,3,28,3,1,974,1,0.519802623,0.699906596,5,NaN,6,0.9722151,0,1,0,25,10,1,1,0,PAV064
56,2,1,31,3,1,1132,1,0.329279726,0.466724437,1,4.9409043,2,1.1285163,0,1,0,30,10,1,1,0,PAV064
57,2,2,54,0,2,1398,0,0.731368361,0.550554903,5,1.8682417,2,1.3951908,0,0,NaN,NaN,NaN,NaN,NaN,0,PAV064
58,2,3,52,0,1,1365,1,0.421267037,0.342620176,3,2.0975553,0,1.3628548,1,0,NaN,NaN,NaN,NaN,NaN,1,PAV064
59,2,2,13,1,2,1195,1,0.426740996,0.568953498,5,2.1040601,2,1.1924838,1,1,0,30,10,1,4,1,PAV064
60,2,3,53,0,2,1323,0,0.258111358,0.335826231,3,0.54545,0,1.3200765,0,0,NaN,NaN,NaN,NaN,NaN,0,PAV064
61,2,3,13,1,1,2140,0,0.700185897,0.37914828,3,0.151335,0,2.1375143,0,1,1,25,25,1,4,0,PAV064
62,2,1,52,0,1,920,1,0.269402285,0.714814692,1,1.3862282,2,0.918338,1,0,NaN,NaN,NaN,NaN,NaN,1,PAV064
63,2,3,38,3,2,1283,0,0.271247078,0.541424897,5,1.5524214,2,1.2816939,1,1,0,20,10,1,1,1,PAV064
64,2,1,29,3,2,1267,0,0.62356067,0.653446912,5,1.5853099,2,1.2649313,1,1,0,20,10,1,1,1,PAV064
65,2,3,54,0,1,2433,1,0.516286226,0.433898187,3,0.0557731,0,2.4270531,1,0,NaN,NaN,NaN,NaN,NaN,1,PAV064
66,2,2,40,0,1,1638,1,0.506916905,0.629057481,1,1.4259139,2,1.6353537,1,0,NaN,NaN,NaN,NaN,NaN,1,PAV064
67,2,3,48,0,1,1181,1,0.622409336,0.36158819,5,6.8559668,6,1.178738,1,0,NaN,NaN,NaN,NaN,NaN,1,PAV064
68,2,3,41,0,2,1253,0,0.624575308,0.511265279,5,1.5438618,2,1.2505893,0,0,NaN,NaN,NaN,NaN,NaN,0,PAV064
69,2,3,16,1,2,1427,1,0.51878061,0.47327775,5,1.306911,2,1.42266,1,1,9,10,10,1,15,1,PAV064
70,2,2,28,3,1,1509,1,0.34579421,0.56204607,5,2.6224009,2,1.505102,0,1,0,20,10,1,1,0,PAV064
71,2,2,34,3,1,1686,1,0.590930359,0.534781779,5,1.7752115,2,1.6842562,0,1,0,25,10,1,1,0,PAV064
72,2,2,6,1,2,1418,1,0.735541161,0.50329997,5,1.5388999,2,1.4157837,1,1,0,30,10,1,3,1,PAV064
73,2,3,26,3,2,1123,0,0.419630973,0.492117767,3,0.4794866,0,1.1210093,1,1,0,25,10,1,1,1,PAV064
74,2,1,35,3,1,1593,1,0.59357327,0.277738626,5,1.893461,2,1.5870397,0,1,0,30,10,1,1,0,PAV064
75,2,2,56,0,1,1334,1,0.51690994,0.574424072,5,2.0081754,2,1.3318296,1,0,NaN,NaN,NaN,NaN,NaN,1,PAV064
76,2,2,4,1,2,1218,1,0.672813486,0.290371818,5,1.5048081,2,1.2153422,1,1,0,20,10,1,2,1,PAV064
77,2,3,44,0,1,1183,1,0.598359423,0.436249167,5,1.8617765,2,1.1810486,1,0,NaN,NaN,NaN,NaN,NaN,1,PAV064
78,2,3,35,3,2,1812,0,0.516879544,0.674824741,3,0.6328778,0,1.8097553,1,1,0,30,10,1,1,1,PAV064
1,1,1,3,1,1,1134,0,0.700143628,0.564162133,3,6.9409917,2,1.1319756,0,1,0,20,10,1,2,0,PAV067
2,1,1,7,1,2,1157,1,0.527500366,0.265736472,4,1.552971,1,1.1547912,1,1,0,30,10,1,3,1,PAV067
3,1,3,54,0,1,1924,1,0.308838682,0.516352311,5,3.7916144,6,1.9227933,1,0,NaN,NaN,NaN,NaN,NaN,1,PAV067
4,1,3,46,0,1,1429,1,0.320711972,0.292972119,5,1.2775678,2,1.427528,1,0,NaN,NaN,NaN,NaN,NaN,1,PAV067
5,1,3,18,1,2,1044,1,0.659547274,0.678801001,5,1.7477514,2,1.0408475,1,1,8,10,10,1,15,1,PAV067
6,1,2,55,0,2,1077,0,0.541873628,0.490924524,5,2.0712156,3,1.0750083,0,0,NaN,NaN,NaN,NaN,NaN,0,PAV067
7,1,1,26,3,1,1352,1,0.574826953,0.385910408,5,1.2144148,2,1.3510715,0,1,0,20,10,1,1,0,PAV067
8,1,2,42,0,2,1555,0,0.651074067,0.352563949,4,1.7001219,1,1.5533548,0,0,NaN,NaN,NaN,NaN,NaN,0,PAV067
9,1,2,52,0,1,1784,1,0.452809248,0.282144818,4,0.5806691,1,1.7824899,1,0,NaN,NaN,NaN,NaN,NaN,1,PAV067
10,1,3,37,3,2,1089,0,0.284602841,0.301500827,5,1.0586419,2,1.0874842,1,1,0,25,10,1,1,1,PAV067
11,1,2,12,1,2,909,1,0.395451557,0.276028574,5,0.8242572,2,0.9077275,1,1,0,25,10,1,4,1,PAV067
12,1,2,1,1,1,2421,0,0.418646495,0.666964388,2,1.6276778,1,2.4181761,0,1,0,30,10,1,2,0,PAV067
13,1,2,26,3,1,1392,1,0.311069352,0.735066417,5,2.4977915,2,1.3901647,0,1,0,25,10,1,1,0,PAV067
14,1,1,24,3,2,1061,0,0.531860308,0.636785669,5,0.8763558,2,1.0600777,1,1,0,20,10,1,1,1,PAV067
15,1,1,12,1,2,2462,1,0.665894395,0.307050973,3,0.8356088,0,2.4604308,1,1,1,20,20,1,4,1,PAV067
16,1,2,54,0,1,1036,1,0.292912866,0.490685058,5,0.7193708,2,1.034788,1,0,NaN,NaN,NaN,NaN,NaN,1,PAV067
17,1,1,49,0,1,928,1,0.61482402,0.322398165,5,0.72089,2,0.9267997,1,0,NaN,NaN,NaN,NaN,NaN,1,PAV067
18,1,3,40,0,1,1280,1,0.493196127,0.589700951,5,0.5877025,2,1.2789249,1,0,NaN,NaN,NaN,NaN,NaN,1,PAV067
19,1,2,4,1,1,1500,0,0.386766391,0.54609332,3,0.5606602,0,1.498915,0,1,0,30,10,1,2,0,PAV067
20,1,1,43,0,1,770,1,0.462004865,0.303918793,5,0.4489454,2,0.7691817,1,0,NaN,NaN,NaN,NaN,NaN,1,PAV067
21,1,2,36,3,1,1065,1,0.571739677,0.744698556,5,0.60071,2,1.063951,0,1,0,25,10,1,1,0,PAV067
22,1,3,15,1,1,2281,0,0.733589481,0.301858467,3,0.6367348,0,2.2794844,0,1,1,20,20,1,4,0,PAV067
23,1,3,52,0,2,1993,0,0.651365032,0.499780052,3,0.2385268,0,1.9915841,0,0,NaN,NaN,NaN,NaN,NaN,0,PAV067
24,1,1,17,1,2,840,1,0.398094155,0.412792467,5,0.5944067,2,0.8390416,1,1,10,10,10,1,15,1,PAV067
25,1,1,28,3,1,2001,1,0.284445962,0.474045464,4,0.6075252,1,1.9981256,0,1,0,30,10,1,1,0,PAV067
26,1,1,54,0,1,1147,1,0.340986667,0.703638525,5,0.4915709,2,1.1425615,1,0,NaN,NaN,NaN,NaN,NaN,1,PAV067
27,1,2,41,0,2,1274,0,0.414490029,0.250584355,5,0.5609797,2,1.2722927,0,0,NaN,NaN,NaN,NaN,NaN,0,PAV067
28,1,2,49,0,2,852,0,0.555738156,0.412948368,5,0.5832611,2,0.8502275,0,0,NaN,NaN,NaN,NaN,NaN,0,PAV067
29,1,3,44,0,1,834,1,0.322224797,0.289623693,5,0.77435,2,0.8332513,1,0,NaN,NaN,NaN,NaN,NaN,1,PAV067
30,1,1,30,3,1,868,1,0.465104478,0.534722163,5,0.545594,2,0.8666269,0,1,0,30,10,1,1,0,PAV067
31,1,2,34,3,2,2205,0,0.463085635,0.464312839,3,0.6805912,0,2.2033054,1,1,0,25,10,1,1,1,PAV067
32,1,2,2,1,2,1453,1,0.498712089,0.375455728,3,0.4013043,0,1.4510371,1,1,0,30,10,1,2,1,PAV067
33,1,1,18,1,2,840,1,0.267531472,0.42833708,5,0.6393559,2,0.8378495,1,1,9,10,10,1,15,1,PAV067
34,1,2,7,1,1,909,0,0.491196006,0.424133973,5,0.4403607,2,0.9080713,0,1,0,25,10,1,3,0,PAV067
35,1,2,35,3,1,954,1,0.52517758,0.663339539,5,0.5884351,2,0.9527478,0,1,0,25,10,1,1,0,PAV067
36,1,3,66,0,1,922,1,0.318402725,0.673178957,5,0.5463548,2,0.920563,1,0,NaN,NaN,NaN,NaN,NaN,1,PAV067
37,1,3,12,1,1,1806,0,0.593934864,0.404514515,4,0.9804347,1,1.8046607,0,1,0,20,10,1,4,0,PAV067
38,1,2,46,0,1,1115,1,0.627734177,0.545386766,5,0.7085943,2,1.113566,1,0,NaN,NaN,NaN,NaN,NaN,1,PAV067
39,1,1,10,1,2,2572,1,0.261899367,0.251386091,2,1.2351267,1,2.5705463,1,1,0,25,10,1,3,1,PAV067
40,1,1,50,0,1,930,1,0.58182565,0.486277733,5,0.3685022,2,0.9284058,1,0,NaN,NaN,NaN,NaN,NaN,1,PAV067
41,1,2,28,3,1,1243,1,0.380380255,0.411866124,4,0.7880394,1,1.2414665,0,1,0,20,10,1,1,0,PAV067
42,1,2,8,1,1,1168,0,0.677688304,0.622620428,5,0.3795546,2,1.1640252,0,1,0,30,10,1,3,0,PAV067
43,1,1,31,3,2,1005,0,0.439787194,0.512016444,5,2.0576735,2,1.0014971,1,1,0,25,10,1,1,1,PAV067
44,1,3,38,3,2,1159,0,0.396734884,0.675814222,5,0.539094,2,1.1579316,1,1,0,20,10,1,1,1,PAV067
45,1,2,15,1,2,1079,1,0.43126867,0.611085802,5,0.6811929,2,1.0780534,1,1,0,25,10,1,4,1,PAV067
46,1,1,55,0,1,911,1,0.592595572,0.398219298,5,0.6429617,2,0.9098297,1,0,NaN,NaN,NaN,NaN,NaN,1,PAV067
47,1,3,3,1,1,2086,0,0.544044515,0.366753287,5,0.6445956,2,2.0818565,0,1,0,20,10,1,2,0,PAV067
48,1,3,56,0,1,1393,1,0.693590439,0.698910246,5,0.5043535,2,1.3914022,1,0,NaN,NaN,NaN,NaN,NaN,1,PAV067
49,1,3,32,3,2,1573,0,0.502821444,0.634469486,3,0.3402802,0,1.5714094,1,1,0,30,10,1,1,1,PAV067
50,1,3,8,1,1,1092,0,0.29347751,0.359842976,5,0.5845208,2,1.0903057,0,1,0,25,10,1,3,0,PAV067
51,1,1,53,0,1,994,1,0.675276061,0.501390069,5,0.5930033,2,0.989546,1,0,NaN,NaN,NaN,NaN,NaN,1,PAV067
52,1,2,29,3,1,1160,1,0.609887695,0.507169286,5,0.4298258,2,1.1588109,0,1,0,30,10,1,1,0,PAV067
53,1,2,3,1,2,914,1,0.494653864,0.490686725,4,0.4042719,1,0.9120705,1,1,0,20,10,1,2,1,PAV067
54,1,1,1,1,1,891,0,0.412078331,0.582124304,5,0.637012,2,0.8899327,0,1,0,20,10,1,2,0,PAV067
55,1,3,6,1,1,3556,0,0.739030589,0.552019775,3,0.1963642,0,3.5542995,0,1,0,25,10,1,3,0,PAV067
56,1,3,29,3,2,988,0,0.455539635,0.404258699,5,1.0700797,2,0.986967,1,1,0,30,10,1,1,1,PAV067
57,1,1,29,3,2,1423,0,0.619637384,0.55485836,3,0.3740824,0,1.421223,1,1,0,25,10,1,1,1,PAV067
58,1,1,51,0,1,1002,1,0.732325808,0.738492872,4,0.837326,1,1.0009291,1,0,NaN,NaN,NaN,NaN,NaN,1,PAV067
59,1,2,48,0,1,1854,1,0.462526481,0.513762327,5,0.9521227,2,1.8523145,1,0,NaN,NaN,NaN,NaN,NaN,1,PAV067
60,1,3,28,3,2,1853,0,0.487005652,0.613019634,4,1.1225401,1,1.8516959,1,1,0,20,10,1,1,1,PAV067
61,1,3,31,3,1,1104,1,0.320555843,0.347892243,5,1.3426885,2,1.1027407,0,1,0,20,10,1,1,0,PAV067
62,1,3,17,1,2,1076,1,0.530185001,0.448403306,5,0.585401,2,1.0744027,1,1,10,10,10,1,15,1,PAV067
63,1,2,11,1,1,1777,0,0.646514793,0.379092672,3,0.5803558,0,1.7751716,0,1,1,30,30,1,4,0,PAV067
64,1,1,39,0,1,848,1,0.369913958,0.399756842,3,0.3006314,0,0.846634,1,0,NaN,NaN,NaN,NaN,NaN,1,PAV067
65,1,1,40,0,1,1382,1,0.572786662,0.47287625,5,0.6878369,2,1.380611,1,0,NaN,NaN,NaN,NaN,NaN,1,PAV067
66,1,2,27,3,1,1220,1,0.659616885,0.333255364,5,0.6078061,2,1.2187493,0,1,0,30,10,1,1,0,PAV067
67,1,3,11,1,1,1270,0,0.696457674,0.690371472,5,0.5972978,2,1.2686384,0,1,0,25,10,1,4,0,PAV067
68,1,2,50,0,2,1102,0,0.749450935,0.631632581,3,0.0262042,0,1.1004612,0,0,NaN,NaN,NaN,NaN,NaN,0,PAV067
69,1,3,47,0,1,2675,1,0.630330891,0.675772616,5,1.2518987,2,2.6733955,1,0,NaN,NaN,NaN,NaN,NaN,1,PAV067
70,1,1,11,1,2,1156,1,0.403975171,0.294063663,5,0.6785799,2,1.1552563,1,1,0,30,10,1,4,1,PAV067
71,1,3,25,3,1,937,1,0.718348477,0.737605354,5,0.9924281,2,0.9357387,0,1,0,25,10,1,1,0,PAV067
72,1,3,14,1,2,1000,1,0.67866827,0.336035412,5,0.7271498,2,0.9969832,1,1,0,30,10,1,4,1,PAV067
73,1,1,16,1,2,896,1,0.417405377,0.520248078,5,0.5713436,2,0.8951327,1,1,9,10,10,1,15,1,PAV067
74,1,1,25,3,1,840,1,0.379936579,0.742622495,5,0.5931847,2,0.8391437,0,1,0,25,10,1,1,0,PAV067
75,1,3,53,0,1,869,1,0.574984057,0.296934043,5,0.5074052,2,0.8673889,1,0,NaN,NaN,NaN,NaN,NaN,1,PAV067
1,1,2,32,3,2,4421,0,0.262968999,0.320827214,5,2.6632325,2,4.4147836,1,1,0,25,10,1,1,1,PAV068
2,1,2,50,0,2,3257,0,0.733718005,0.442270539,5,2.8301721,2,3.2431999,0,0,NaN,NaN,NaN,NaN,NaN,0,PAV068
3,1,2,1,1,1,2912,0,0.37676066,0.274116514,2,3.3264555,1,2.9094336,0,1,0,30,10,1,2,0,PAV068
4,1,3,30,3,2,4102,0,0.252965353,0.620159324,3,0.9960941,0,4.1000068,1,1,0,25,10,1,1,1,PAV068
5,1,1,7,1,2,3447,1,0.510169204,0.623846513,5,2.6793589,2,3.4414113,1,1,0,30,10,1,3,1,PAV068
6,1,1,2,1,2,3367,1,0.463627119,0.73206902,4,2.4310532,1,3.3654856,1,1,0,25,10,1,2,1,PAV068
7,1,3,28,3,2,2527,0,0.442155736,0.451793879,5,2.6883234,2,2.5257475,1,1,0,20,10,1,1,1,PAV068
8,1,2,8,1,1,2953,0,0.51074434,0.330158674,2,2.1129738,1,2.9503546,0,1,0,30,10,1,3,0,PAV068
9,1,3,16,1,2,2267,1,0.338383797,0.666495759,4,2.8071318,1,2.2655094,1,1,9,10,10,1,15,1,PAV068
10,1,1,14,1,2,2306,1,0.359349992,0.300618082,5,2.2275206,2,2.3039576,1,1,1,25,25,1,4,1,PAV068
11,1,1,33,3,1,2271,1,0.726560747,0.390472258,2,3.2856495,1,2.2681719,0,1,0,25,10,1,1,0,PAV068
12,1,3,3,1,2,3819,1,0.298740319,0.610849469,3,1.6434281,0,3.8167402,1,1,0,30,10,1,2,1,PAV068
13,1,1,51,0,1,2068,1,0.443482405,0.381257442,4,4.7817577,3,2.0660345,1,0,NaN,NaN,NaN,NaN,NaN,1,PAV068
14,1,2,29,3,2,5716,0,0.272501624,0.710759023,3,1.1796393,0,5.7118148,1,1,0,30,10,1,1,1,PAV068
15,1,1,39,0,1,2351,1,0.283663115,0.353334689,4,2.1181888,1,2.3393749,1,0,NaN,NaN,NaN,NaN,NaN,1,PAV068
16,1,2,36,3,1,4171,1,0.317164725,0.304047846,3,1.078476,0,4.1604301,0,1,0,30,10,1,1,0,PAV068
17,1,3,47,0,1,1575,1,0.713476781,0.743317196,5,2.4271168,2,1.5718889,1,0,NaN,NaN,NaN,NaN,NaN,1,PAV068
18,1,1,26,3,1,4954,1,0.2592538,0.65825554,3,1.9491852,0,4.9492662,0,1,0,30,10,1,1,0,PAV068
19,1,1,17,1,2,1604,1,0.440758567,0.536309726,3,0.1421825,0,1.601689,1,1,6,10,10,1,15,1,PAV068
20,1,2,13,1,2,3544,1,0.275078867,0.507299111,5,2.4556822,2,3.5377313,1,1,0,20,10,1,4,1,PAV068
21,1,1,40,0,1,1627,1,0.427967133,0.699371188,5,2.6602945,2,1.6259087,1,0,NaN,NaN,NaN,NaN,NaN,1,PAV068
22,1,1,15,1,2,2081,1,0.495553412,0.612545966,3,0.1569773,0,2.0774525,1,1,1,30,30,1,4,1,PAV068
23,1,2,48,0,1,3490,1,0.566566478,0.7320052,3,0.1177051,0,3.4860745,1,0,NaN,NaN,NaN,NaN,NaN,1,PAV068
24,1,2,35,3,1,2245,1,0.737900914,0.597267755,3,0.1293491,0,2.2429606,0,1,0,30,10,1,1,0,PAV068
25,1,3,40,0,2,6118,0,0.374748435,0.542392098,4,3.513811,1,6.1145072,0,0,NaN,NaN,NaN,NaN,NaN,0,PAV068
26,1,3,11,1,1,4020,0,0.399271491,0.73084573,4,2.1447864,1,4.0167091,0,1,0,30,10,1,4,0,PAV068
27,1,3,48,0,2,4899,0,0.645101124,0.341837454,4,1.7050107,1,4.8882663,0,0,NaN,NaN,NaN,NaN,NaN,0,PAV068
28,1,3,34,3,2,2561,0,0.574552612,0.380507431,4,1.880232,1,2.5599215,1,1,0,20,10,1,1,1,PAV068
29,1,2,4,1,2,4797,1,0.561636138,0.372498426,3,0.629231,0,4.7935614,1,1,0,30,10,1,2,1,PAV068
30,1,1,44,0,1,1403,1,0.398699621,0.375425525,3,1.6770621,0,1.4005726,1,0,NaN,NaN,NaN,NaN,NaN,1,PAV068
31,1,2,11,1,1,4328,0,0.299054118,0.408041851,3,2.6064726,0,4.3254909,0,1,0,20,10,1,4,0,PAV068
32,1,1,48,0,1,2713,1,0.729269766,0.521134462,3,0.0157014,0,2.7111135,1,0,NaN,NaN,NaN,NaN,NaN,1,PAV068
33,1,3,44,0,2,1670,0,0.736399531,0.678128602,5,2.6991188,2,1.6663331,0,0,NaN,NaN,NaN,NaN,NaN,0,PAV068
34,1,2,53,0,1,6677,1,0.699118546,0.325817686,3,1.6833505,0,6.6742223,1,0,NaN,NaN,NaN,NaN,NaN,1,PAV068
35,1,3,50,0,1,1541,1,0.294227099,0.418069492,5,2.1768482,2,1.5385372,1,0,NaN,NaN,NaN,NaN,NaN,1,PAV068
36,1,2,24,3,1,2687,1,0.663192038,0.651523298,5,2.0850228,2,2.6770536,0,1,0,25,10,1,1,0,PAV068
37,1,1,16,1,2,1781,1,0.297803788,0.302270491,5,2.2113623,2,1.7787912,1,1,9,10,10,1,15,1,PAV068
38,1,2,31,3,2,2537,0,0.401476982,0.419478855,5,2.3488092,2,2.5352874,1,1,0,20,10,1,1,1,PAV068
39,1,1,52,0,1,2347,1,0.665033948,0.336375248,4,2.2794608,1,2.3445457,1,0,NaN,NaN,NaN,NaN,NaN,1,PAV068
40,1,2,49,0,2,2488,0,0.341950048,0.409017041,4,1.8200961,1,2.4843406,0,0,NaN,NaN,NaN,NaN,NaN,0,PAV068
41,1,3,35,3,0,NaN,0,0.38421541,0.595875961,NaN,NaN,NaN,NaN,0,1,0,25,10,1,1,0,PAV068
42,1,2,44,0,1,2311,1,0.35163875,0.521309966,3,2.7024991,0,2.3083127,1,0,NaN,NaN,NaN,NaN,NaN,1,PAV068
43,1,1,24,3,2,2670,0,0.542657176,0.410051033,3,0.9458603,0,2.662196,1,1,0,20,10,1,1,1,PAV068
44,1,1,37,3,2,4554,0,0.685232481,0.412445093,3,0.5517686,0,4.5509612,1,1,0,20,10,1,1,1,PAV068
45,1,3,38,3,1,3405,1,0.655345542,0.699763124,3,0.1449214,0,3.4033333,0,1,0,30,10,1,1,0,PAV068
46,1,3,51,0,2,1134,0,0.471936325,0.316316998,5,2.3207751,2,1.1314456,0,0,NaN,NaN,NaN,NaN,NaN,0,PAV068
47,1,3,53,0,2,2862,0,0.269013052,0.597613938,3,1.8198463,0,2.8599094,0,0,NaN,NaN,NaN,NaN,NaN,0,PAV068
48,1,2,51,0,1,4257,1,0.67636744,0.678153542,3,1.1270952,0,4.2463856,1,0,NaN,NaN,NaN,NaN,NaN,1,PAV068
49,1,3,8,1,2,1946,1,0.423104038,0.718851471,4,2.0876062,1,1.9409549,1,1,0,20,10,1,3,1,PAV068
50,1,3,42,0,1,1615,1,0.508646588,0.336901411,4,2.4165299,1,1.6044689,1,0,NaN,NaN,NaN,NaN,NaN,1,PAV068
51,1,1,31,3,2,3268,0,0.722108808,0.474572589,5,2.6276655,2,3.26572,1,1,0,30,10,1,1,1,PAV068
52,1,3,32,3,1,2784,1,0.634411531,0.610232742,3,1.5150814,0,2.7677061,0,1,0,30,10,1,1,0,PAV068
53,1,3,13,1,2,3102,1,0.265664495,0.452062202,4,1.6502119,1,3.1001578,1,1,0,30,10,1,4,1,PAV068
54,1,3,41,0,2,2024,0,0.52365867,0.474335177,3,1.1531947,0,2.0218582,0,0,NaN,NaN,NaN,NaN,NaN,0,PAV068
55,1,3,1,1,2,5309,1,0.326633031,0.294330447,3,0.8052029,0,5.3075888,1,1,1,20,20,1,2,1,PAV068
56,1,1,32,3,2,2103,0,0.458588517,0.524790983,4,2.1187738,1,2.1010937,1,1,0,25,10,1,1,1,PAV068
57,1,3,9,1,1,2313,0,0.575742152,0.428186173,3,1.5491855,0,2.3110794,0,1,0,25,10,1,3,0,PAV068
58,1,2,2,1,1,4015,0,0.516367092,0.50127119,3,1.0805787,0,4.0125375,0,1,0,25,10,1,2,0,PAV068
59,1,2,18,1,2,1336,1,0.682652,0.253227596,5,2.06193,2,1.3234592,1,1,9,10,10,1,15,1,PAV068
60,1,2,45,0,2,3562,0,0.401334758,0.680163307,5,2.9148703,2,3.5606021,0,0,NaN,NaN,NaN,NaN,NaN,0,PAV068
61,1,2,47,0,1,2431,1,0.324518796,0.645091574,3,2.036938,0,2.4288196,1,0,NaN,NaN,NaN,NaN,NaN,1,PAV068
62,1,3,4,1,2,1949,1,0.443567067,0.301284715,4,1.7198214,1,1.9390598,1,1,0,20,10,1,2,1,PAV068
63,1,3,24,3,1,2497,1,0.723631516,0.565013539,4,2.6064234,1,2.4948826,0,1,0,25,10,1,1,0,PAV068
64,1,1,50,0,2,4964,0,0.288367859,0.436453178,3,1.2309415,0,4.9613338,0,0,NaN,NaN,NaN,NaN,NaN,0,PAV068
65,1,2,3,1,2,2205,1,0.334269397,0.277625063,4,1.8462263,1,2.1968679,1,1,0,30,10,1,2,1,PAV068
66,1,1,12,1,2,2145,1,0.412691842,0.341038399,4,1.7346666,1,2.1423948,1,1,0,20,10,1,4,1,PAV068
67,1,2,43,0,1,2157,1,0.314400582,0.556617215,4,1.7039986,1,2.1552028,1,0,NaN,NaN,NaN,NaN,NaN,1,PAV068
68,1,1,34,3,2,1588,0,0.358922362,0.478361264,5,2.2123241,2,1.5785276,1,1,0,20,10,1,1,1,PAV068
69,1,1,8,1,2,2720,1,0.665907744,0.716301161,5,2.0138247,2,2.718501,1,1,1,25,25,1,3,1,PAV068
70,1,1,46,0,1,2558,1,0.656940688,0.495196883,4,2.2268244,1,2.5551259,1,0,NaN,NaN,NaN,NaN,NaN,1,PAV068
71,1,2,34,3,2,2912,0,0.575385181,0.483548259,4,1.5744257,1,2.9107421,1,1,1,25,0,0,1,1,PAV068
72,1,2,6,1,2,5452,1,0.65202454,0.517675878,3,1.1090821,0,5.4486458,1,1,0,20,10,1,3,1,PAV068
73,1,1,53,0,1,1300,1,0.359823045,0.401423543,4,2.0334455,1,1.2987371,1,0,NaN,NaN,NaN,NaN,NaN,1,PAV068
74,1,1,1,1,2,3243,1,0.45995341,0.576427769,4,2.546538,1,3.2414672,1,1,0,25,10,1,2,1,PAV068
75,1,3,18,1,2,1520,1,0.744379373,0.634653353,5,2.4419572,2,1.5181159,1,1,9,10,10,1,15,1,PAV068
1,2,1,18,1,2,1905,1,0.688606476,0.505677548,5,2.0892826,2,1.898606,1,1,7,10,10,1,15,1,PAV068
2,2,1,41,0,1,1840,1,0.407668545,0.448884228,5,2.4591716,2,1.8277778,1,0,NaN,NaN,NaN,NaN,NaN,1,PAV068
3,2,3,56,0,2,3263,0,0.260961915,0.615727227,5,1.8457771,2,3.2550088,0,0,NaN,NaN,NaN,NaN,NaN,0,PAV068
4,2,2,14,1,1,1781,0,0.260655679,0.551903836,5,2.7602357,2,1.7791453,0,1,0,20,10,1,4,0,PAV068
5,2,1,56,0,1,5534,1,0.303253333,0.613087836,3,1.1326097,0,5.5253429,1,0,NaN,NaN,NaN,NaN,NaN,1,PAV068
6,2,3,6,1,2,1528,1,0.728398111,0.52868908,3,0.1232163,0,1.5261581,1,1,1,20,20,1,3,1,PAV068
7,2,3,27,3,2,2490,0,0.285632518,0.303995421,4,2.0236299,1,2.4793154,1,1,0,30,10,1,1,1,PAV068
8,2,2,16,1,2,2802,1,0.467156034,0.395047069,4,1.9275942,1,2.8004459,1,1,10,10,10,1,15,1,PAV068
9,2,3,66,0,1,1730,1,0.267704215,0.584474434,4,2.2668183,1,1.7195436,1,0,NaN,NaN,NaN,NaN,NaN,1,PAV068
10,2,3,29,3,2,2751,0,0.570487863,0.31554786,4,1.3863198,1,2.7491517,1,1,0,20,10,1,1,1,PAV068
11,2,3,10,1,2,2347,1,0.40237695,0.62340452,5,2.2155874,2,2.344699,1,1,0,20,10,1,3,1,PAV068
12,2,2,9,1,2,1768,1,0.250776912,0.319400767,4,1.4726613,1,1.7651169,1,1,0,30,10,1,3,1,PAV068
13,2,1,30,3,1,3047,1,0.403828944,0.568917633,3,0.99747,0,3.0460272,0,1,0,25,10,1,1,0,PAV068
14,2,3,54,0,1,6378,1,0.666666451,0.606817606,3,1.2155556,0,6.3765219,1,0,NaN,NaN,NaN,NaN,NaN,1,PAV068
15,2,3,45,0,2,1377,0,0.564503145,0.508166945,5,1.7994472,2,1.3733328,0,0,NaN,NaN,NaN,NaN,NaN,0,PAV068
16,2,3,39,0,1,1329,1,0.4994008,0.560897187,4,1.7697121,1,1.3271771,1,0,NaN,NaN,NaN,NaN,NaN,1,PAV068
17,2,2,38,3,2,2716,0,0.571398004,0.414410905,4,1.3042672,1,2.7133524,1,1,0,20,10,1,1,1,PAV068
18,2,3,26,3,2,2538,0,0.270462614,0.301180798,4,1.7985771,1,2.5290611,1,1,1,20,0,0,1,1,PAV068
19,2,2,12,1,2,1966,1,0.514178074,0.424092085,5,1.5723566,2,1.9623906,1,1,1,30,30,1,4,1,PAV068
20,2,2,55,0,1,1066,1,0.523187788,0.70990499,5,2.2008541,2,1.0610165,1,0,NaN,NaN,NaN,NaN,NaN,1,PAV068
21,2,2,46,0,1,1922,1,0.700103893,0.370346439,5,1.569902,2,1.9163683,1,0,NaN,NaN,NaN,NaN,NaN,1,PAV068
22,2,2,39,0,1,5272,1,0.404810265,0.437912539,3,0.8235938,0,5.2706162,1,0,NaN,NaN,NaN,NaN,NaN,1,PAV068
23,2,3,55,0,2,2642,0,0.681671067,0.742881947,4,1.7240867,1,2.6372321,0,0,NaN,NaN,NaN,NaN,NaN,0,PAV068
24,2,1,3,1,2,3293,1,0.318340591,0.329531969,3,0.7644102,0,3.2916665,1,1,0,30,10,1,2,1,PAV068
25,2,3,31,3,1,5110,1,0.359944246,0.501612455,3,0.7690325,0,5.1071317,0,1,0,30,10,1,1,0,PAV068
26,2,3,46,0,1,3897,1,0.471309003,0.3128504,3,0.4919049,0,3.8932193,1,0,NaN,NaN,NaN,NaN,NaN,1,PAV068
27,2,3,14,1,2,1866,1,0.53143897,0.466700095,4,1.9240421,1,1.8638213,1,1,0,25,10,1,4,1,PAV068
28,2,2,52,0,1,1348,1,0.374833687,0.420323604,5,2.0629025,2,1.3457097,1,0,NaN,NaN,NaN,NaN,NaN,1,PAV068
29,2,2,17,1,2,2274,1,0.521083923,0.608285376,4,1.4832817,1,2.2713614,1,1,8,10,10,1,15,1,PAV068
30,2,1,55,0,1,2252,1,0.698390133,0.519647643,4,2.491073,1,2.2498923,1,0,NaN,NaN,NaN,NaN,NaN,1,PAV068
31,2,3,15,1,1,3446,0,0.333591007,0.682707597,4,1.4211403,1,3.4442721,0,1,0,20,10,1,4,0,PAV068
32,2,2,15,1,2,1802,1,0.340359625,0.442062226,5,1.4508809,2,1.7967267,1,1,0,30,10,1,4,1,PAV068
33,2,3,2,1,2,4225,1,0.463699958,0.742219979,3,1.5178264,0,4.2190598,1,1,1,20,20,1,2,1,PAV068
34,2,2,30,3,2,2081,0,0.687025571,0.732596197,5,1.5623066,2,2.0793673,1,1,0,25,10,1,1,1,PAV068
35,2,1,6,1,2,3213,1,0.392130891,0.742134025,3,0.7599797,0,3.2107577,1,1,0,20,10,1,3,1,PAV068
36,2,1,47,0,1,1091,1,0.395343393,0.377375769,4,2.0309134,1,1.0886499,1,0,NaN,NaN,NaN,NaN,NaN,1,PAV068
37,2,2,28,3,1,4478,1,0.531647103,0.647945368,3,0.7812161,0,4.4684958,0,1,0,30,10,1,1,0,PAV068
38,2,1,13,1,2,1931,1,0.253205249,0.458285726,4,2.4685517,1,1.929519,1,1,0,25,10,1,4,1,PAV068
39,2,2,5,1,1,1863,0,0.596272591,0.48198123,4,1.2563462,1,1.860935,0,1,0,25,10,1,2,0,PAV068
40,2,1,28,3,1,3891,1,0.627592042,0.26541035,3,1.0800429,0,3.8887793,0,1,0,30,10,1,1,0,PAV068
41,2,3,7,1,2,1383,1,0.441187654,0.325379094,3,0.2298151,0,1.3747112,1,1,1,30,30,1,3,1,PAV068
42,2,3,36,3,2,4523,0,0.402755963,0.607540506,3,1.2082923,0,4.5152624,1,1,0,25,10,1,1,1,PAV068
43,2,1,5,1,2,1391,1,0.728700151,0.44338923,4,1.4242377,1,1.3893804,1,1,0,20,10,1,2,1,PAV068
44,2,1,10,1,2,1615,1,0.587559974,0.687262123,5,2.1360159,2,1.6122628,1,1,1,25,25,1,3,1,PAV068
45,2,1,45,0,1,1305,1,0.554803436,0.570423536,5,2.4476057,2,1.3032355,1,0,NaN,NaN,NaN,NaN,NaN,1,PAV068
46,2,1,25,3,1,1653,1,0.378761796,0.261598379,5,2.0030467,2,1.6507527,0,1,0,20,10,1,1,0,PAV068
47,2,2,54,0,1,3037,1,0.30450089,0.693663207,4,1.6559469,1,3.0351956,1,0,NaN,NaN,NaN,NaN,NaN,1,PAV068
48,2,1,42,0,2,3241,0,0.342583913,0.45774791,4,2.8672014,1,3.2366778,0,0,NaN,NaN,NaN,NaN,NaN,0,PAV068
49,2,2,41,0,1,2016,1,0.643412055,0.497118684,5,1.9949161,2,2.0128032,1,0,NaN,NaN,NaN,NaN,NaN,1,PAV068
50,2,1,35,3,2,1341,0,0.289930909,0.472785686,5,1.9606626,2,1.3393639,1,1,1,30,0,0,1,1,PAV068
51,2,3,49,0,2,2681,0,0.38822133,0.558071363,3,0.9064283,0,2.679406,0,0,NaN,NaN,NaN,NaN,NaN,0,PAV068
52,2,2,40,0,1,3969,1,0.702841993,0.61304848,3,0.9912478,0,3.9670192,1,0,NaN,NaN,NaN,NaN,NaN,1,PAV068
53,2,2,7,1,1,4346,0,0.405552218,0.503801584,3,0.8349985,0,4.3440501,0,1,0,25,10,1,3,0,PAV068
54,2,3,12,1,1,2486,0,0.495655857,0.365298708,4,1.4107094,1,2.4848373,0,1,1,25,25,1,4,0,PAV068
55,2,1,27,3,1,2938,1,0.275308727,0.368263697,4,1.9194042,1,2.930265,0,1,0,25,10,1,1,0,PAV068
56,2,1,29,3,2,2167,0,0.44088822,0.73452175,5,1.7077,2,2.1631062,1,1,0,30,10,1,1,1,PAV068
57,2,2,27,3,1,4759,1,0.276605301,0.31524222,3,0.915915,0,4.7563849,0,1,0,20,10,1,1,0,PAV068
58,2,2,42,0,1,1766,1,0.42751562,0.488739801,4,1.9109382,1,1.76406,1,0,NaN,NaN,NaN,NaN,NaN,1,PAV068
59,2,2,25,3,1,1565,1,0.337777497,0.356563634,3,1.1823934,0,1.5553778,0,1,0,20,10,1,1,0,PAV068
60,2,1,38,3,2,1189,0,0.567361775,0.500629491,5,1.890041,2,1.1868788,1,1,1,20,0,0,1,1,PAV068
61,2,2,37,3,2,1587,0,0.430484998,0.650650274,5,2.1556907,2,1.5855045,1,1,0,20,10,1,1,1,PAV068
62,2,2,10,1,2,2614,1,0.489380749,0.487679331,3,0.6070044,0,2.6080633,1,1,1,25,25,1,3,1,PAV068
63,2,1,49,0,1,1013,1,0.670849999,0.415083135,5,2.0353361,2,1.0111609,1,0,NaN,NaN,NaN,NaN,NaN,1,PAV068
64,2,1,11,1,2,2074,1,0.409137882,0.642516969,5,1.7808632,2,2.0711658,1,1,1,25,25,1,4,1,PAV068
65,2,1,9,1,2,1540,1,0.265074932,0.436074356,4,1.8568123,1,1.535887,1,1,1,30,30,1,3,1,PAV068
66,2,1,54,0,1,1750,1,0.617275736,0.514051078,4,1.5774621,1,1.7479577,1,0,NaN,NaN,NaN,NaN,NaN,1,PAV068
67,2,3,33,3,2,2036,0,0.468747535,0.394282778,4,2.0018825,1,2.0350148,1,1,0,30,10,1,1,1,PAV068
68,2,2,56,0,1,3705,1,0.494539059,0.258608135,3,0.9262714,0,3.7014216,1,0,NaN,NaN,NaN,NaN,NaN,1,PAV068
69,2,2,33,3,1,1170,1,0.732485376,0.561035293,5,1.7942816,2,1.1600823,0,1,0,30,10,1,1,0,PAV068
70,2,3,5,1,1,3599,0,0.702067585,0.491470536,3,0.8456144,0,3.5892272,0,1,0,20,10,1,2,0,PAV068
71,2,1,43,0,2,4864,0,0.496371466,0.362670714,3,0.9070473,0,4.8621187,0,0,NaN,NaN,NaN,NaN,NaN,0,PAV068
72,2,3,37,3,2,1645,0,0.49930196,0.691747503,4,1.1081706,1,1.6433109,1,1,0,20,10,1,1,1,PAV068
73,2,2,26,3,1,4436,1,0.256678363,0.715120009,3,0.8779107,0,4.4334937,0,1,0,25,10,1,1,0,PAV068
74,2,3,52,0,2,3662,0,0.405567614,0.342463215,4,1.0741368,1,3.6553688,0,0,NaN,NaN,NaN,NaN,NaN,0,PAV068
75,2,3,25,3,1,6723,1,0.37857165,0.290998184,3,0.6713418,0,6.7199669,0,1,0,25,10,1,1,0,PAV068
76,2,1,4,1,2,1910,1,0.313119456,0.532131618,4,1.3981868,1,1.9069057,1,1,0,25,10,1,2,1,PAV068
77,2,3,17,1,1,4499,0,0.382729229,0.493165192,3,1.0356964,0,4.497366,0,1,6,10,10,1,15,0,PAV068
78,2,1,36,3,2,951,0,0.662339135,0.602740612,5,1.712805,2,0.9495522,1,1,0,25,10,1,1,1,PAV068
1,1,1,27,3,2,6774,0,0.458277727,0.49390876,5,5.8383429,2,6.7689065,1,1,0,30,10,1,1,1,PAV069
2,1,1,24,3,1,3474,1,0.555321155,0.372863876,3,1.304732,0,3.4720003,0,1,0,20,10,1,1,0,PAV069
3,1,1,9,1,2,1562,1,0.433412303,0.723323473,5,1.8019753,2,1.5599372,1,1,1,30,30,1,3,1,PAV069
4,1,2,52,0,1,1476,1,0.445628978,0.73348892,5,6.9180353,7,1.4744073,1,0,NaN,NaN,NaN,NaN,NaN,1,PAV069
5,1,2,24,3,1,1476,1,0.684319823,0.434856169,5,2.463993,2,1.4711396,0,1,0,30,10,1,1,0,PAV069
6,1,2,35,3,2,2259,0,0.295797038,0.70403559,5,2.1465423,3,2.2572019,1,1,0,20,10,1,1,1,PAV069
7,1,2,9,1,1,4331,0,0.674484727,0.469162302,3,1.0641366,0,4.3290304,0,1,0,30,10,1,3,0,PAV069
8,1,3,6,1,1,2491,0,0.698393325,0.386319868,5,5.7041314,6,2.4888076,0,1,0,25,10,1,3,0,PAV069
9,1,2,5,1,2,1452,1,0.689395577,0.398229468,5,1.7646133,3,1.4445148,1,1,0,25,10,1,2,1,PAV069
10,1,3,1,1,1,1289,0,0.331934669,0.626438883,3,0.9882284,0,1.2873383,0,1,0,30,10,1,2,0,PAV069
11,1,3,10,1,2,1749,1,0.387471055,0.459329875,5,1.8491226,3,1.7476866,1,1,0,20,10,1,3,1,PAV069
12,1,3,47,0,1,1272,1,0.381716875,0.263824293,5,2.4710664,2,1.2650362,1,0,NaN,NaN,NaN,NaN,NaN,1,PAV069
13,1,1,5,1,2,2361,1,0.721873289,0.561423969,5,1.4185428,2,2.3580105,1,1,1,20,20,1,2,1,PAV069
14,1,2,26,3,1,1855,1,0.417550957,0.613657152,3,1.7624809,2,1.846888,0,1,0,25,10,1,1,0,PAV069
15,1,3,39,0,1,2128,1,0.715201256,0.497952578,5,3.5459997,4,2.1262666,1,0,NaN,NaN,NaN,NaN,NaN,1,PAV069
16,1,3,55,0,1,1585,1,0.570315648,0.736108142,5,1.1972399,2,1.582964,1,0,NaN,NaN,NaN,NaN,NaN,1,PAV069
17,1,2,47,0,1,997,1,0.594637083,0.354804161,5,1.8508315,2,0.9949006,1,0,NaN,NaN,NaN,NaN,NaN,1,PAV069
18,1,3,5,1,1,4411,0,0.643276154,0.696764407,5,1.2911035,2,4.4094006,0,1,0,30,10,1,2,0,PAV069
19,1,3,17,1,2,1466,1,0.39138951,0.439315119,3,0.1379254,0,1.4643321,1,1,7,10,10,1,15,1,PAV069
20,1,2,49,0,2,4431,0,0.536384095,0.366770087,3,0.1083946,0,4.426879,0,0,NaN,NaN,NaN,NaN,NaN,0,PAV069
21,1,2,15,1,2,3543,1,0.418228476,0.38326431,5,3.1111214,2,3.541338,1,1,1,25,25,1,4,1,PAV069
22,1,1,12,1,1,1055,0,0.627282105,0.695521549,5,2.2938467,2,1.0531127,0,1,0,20,10,1,4,0,PAV069
23,1,3,36,3,1,2787,1,0.625617872,0.668776984,3,1.8771119,0,2.7854744,0,1,0,30,10,1,1,0,PAV069
24,1,1,37,3,1,1388,1,0.393113522,0.747223982,3,0.8772668,0,1.3817949,0,1,0,30,10,1,1,0,PAV069
25,1,3,33,3,2,805,0,0.393672788,0.368620584,3,1.1217113,0,0.7960104,1,1,0,25,10,1,1,1,PAV069
26,1,1,56,0,1,1283,1,0.461523757,0.613818501,5,1.5350933,2,1.2729171,1,0,NaN,NaN,NaN,NaN,NaN,1,PAV069
27,1,1,11,1,1,1915,0,0.652478743,0.721780081,3,1.6306272,0,1.9035133,0,1,0,20,10,1,4,0,PAV069
28,1,1,41,0,1,2064,1,0.659453537,0.432805152,3,0.0878387,0,2.0554771,1,0,NaN,NaN,NaN,NaN,NaN,1,PAV069
29,1,2,41,0,1,1385,1,0.507794953,0.487481724,5,1.8084338,2,1.3775476,1,0,NaN,NaN,NaN,NaN,NaN,1,PAV069
30,1,1,18,1,2,1484,1,0.340364848,0.413553344,5,2.8893599,2,1.4815714,1,1,9,10,10,1,15,1,PAV069
31,1,2,37,3,2,1232,0,0.633812446,0.576844536,3,0.1129787,0,1.2307495,1,1,1,30,0,0,1,1,PAV069
32,1,1,2,1,2,913,1,0.455730228,0.378359873,5,2.3562768,2,0.9115311,1,1,1,20,20,1,2,1,PAV069
33,1,2,11,1,2,1901,1,0.74193631,0.51625875,5,1.7061693,2,1.8989356,1,1,1,30,30,1,4,1,PAV069
34,1,2,45,0,1,830,1,0.423851281,0.722516922,5,1.5019321,2,0.8261927,1,0,NaN,NaN,NaN,NaN,NaN,1,PAV069
35,1,1,43,0,1,1417,1,0.585075654,0.635751656,5,1.6009728,2,1.4126997,1,0,NaN,NaN,NaN,NaN,NaN,1,PAV069
36,1,2,10,1,1,3038,0,0.689071219,0.62640443,3,1.3265825,0,3.0269439,0,1,0,20,10,1,3,0,PAV069
37,1,1,31,3,1,1021,1,0.367590146,0.469975287,5,1.6287513,2,1.0185567,0,1,0,30,10,1,1,0,PAV069
38,1,3,66,0,2,3084,0,0.334008866,0.717553872,3,6.2544265,2,3.0816682,0,0,NaN,NaN,NaN,NaN,NaN,0,PAV069
39,1,2,30,3,2,1260,0,0.740930573,0.575837629,5,2.3940238,2,1.2566331,1,1,0,25,10,1,1,1,PAV069
40,1,2,3,1,2,1389,1,0.562131483,0.533753415,5,1.994437,2,1.3837445,1,1,0,20,10,1,2,1,PAV069
41,1,3,25,3,1,3889,1,0.716681468,0.697495292,5,2.3620808,2,3.8880367,0,1,0,20,10,1,1,0,PAV069
42,1,2,33,3,1,1126,1,0.498282226,0.708728907,5,2.2301855,2,1.1239274,0,1,0,30,10,1,1,0,PAV069
43,1,3,41,0,1,1162,1,0.719337098,0.631267823,1,2.3062124,2,1.1600493,1,0,NaN,NaN,NaN,NaN,NaN,1,PAV069
44,1,1,52,0,1,1853,1,0.549863694,0.451772639,3,1.1164472,0,1.8514887,1,0,NaN,NaN,NaN,NaN,NaN,1,PAV069
45,1,3,3,1,2,1005,1,0.548062011,0.469947233,1,2.1890588,2,1.0031368,1,1,0,30,10,1,2,1,PAV069
46,1,1,39,0,1,1251,1,0.372256587,0.596479752,5,1.7829415,2,1.2485782,1,0,NaN,NaN,NaN,NaN,NaN,1,PAV069
47,1,1,48,0,1,1414,1,0.421139029,0.326260759,5,1.597526,2,1.4119348,1,0,NaN,NaN,NaN,NaN,NaN,1,PAV069
48,1,1,33,3,1,908,1,0.292423484,0.471876406,5,1.8806625,2,0.904822,0,1,0,30,10,1,1,0,PAV069
49,1,1,42,0,1,1803,1,0.660789996,0.584831208,5,1.4250322,2,1.8014285,1,0,NaN,NaN,NaN,NaN,NaN,1,PAV069
50,1,3,2,1,2,1137,1,0.715727177,0.651855672,5,2.8917608,2,1.1298557,1,1,0,25,10,1,2,1,PAV069
51,1,2,7,1,2,1060,1,0.658949182,0.502914525,5,1.4919135,2,1.058309,1,1,0,25,10,1,3,1,PAV069
52,1,1,32,3,2,976,0,0.300639346,0.477350936,3,0.6059081,0,0.9692208,1,1,0,25,10,1,1,1,PAV069
53,1,3,12,1,2,1598,1,0.434051521,0.638382427,5,1.8007805,2,1.5946547,1,1,1,25,25,1,4,1,PAV069
54,1,3,24,3,2,2452,0,0.63097247,0.677693786,5,3.1222664,2,2.4478753,1,1,0,25,10,1,1,1,PAV069
55,1,1,55,0,1,1016,1,0.404000563,0.370225296,5,5.2064358,2,1.0135834,1,0,NaN,NaN,NaN,NaN,NaN,1,PAV069
56,1,2,53,0,2,1021,0,0.487189292,0.527671218,1,5.3603342,2,1.0197697,0,0,NaN,NaN,NaN,NaN,NaN,0,PAV069
57,1,1,15,1,2,1380,1,0.373228257,0.300912247,5,1.7197405,2,1.3699453,1,1,1,30,30,1,4,1,PAV069
58,1,3,8,1,2,1139,1,0.354161689,0.559324249,5,2.2688924,2,1.1371243,1,1,0,20,10,1,3,1,PAV069
59,1,2,6,1,1,2107,0,0.63098378,0.731864486,5,1.7686208,2,2.1050338,0,1,1,20,20,1,3,0,PAV069
60,1,2,43,0,1,1100,1,0.413713049,0.269883862,5,2.3394808,3,1.098235,1,0,NaN,NaN,NaN,NaN,NaN,1,PAV069
61,1,1,14,1,2,900,1,0.672089952,0.507719844,3,0.4854734,0,0.8984826,1,1,1,20,20,1,4,1,PAV069
62,1,2,14,1,1,2932,0,0.658764819,0.51998812,5,2.1345893,2,2.9282535,0,1,1,20,20,1,4,0,PAV069
63,1,1,17,1,2,1281,1,0.557858798,0.388770506,5,1.9610292,2,1.2749412,1,1,6,10,10,1,15,1,PAV069
64,1,2,25,3,1,938,1,0.303086976,0.401645734,5,1.7764366,2,0.9321178,0,1,0,30,10,1,1,0,PAV069
65,1,3,50,0,1,1042,1,0.631849543,0.500801594,5,1.6861949,2,1.0401384,1,0,NaN,NaN,NaN,NaN,NaN,1,PAV069
66,1,3,46,0,2,1625,0,0.350530763,0.357394066,5,2.0046153,2,1.6104486,0,0,NaN,NaN,NaN,NaN,NaN,0,PAV069
67,1,3,34,3,2,1671,0,0.359309555,0.486696316,5,1.7347325,2,1.6694977,1,1,0,20,10,1,1,1,PAV069
68,1,3,32,3,2,1554,0,0.722404159,0.475606684,5,1.3580674,2,1.5516727,1,1,0,20,10,1,1,1,PAV069
69,1,3,42,0,1,756,1,0.361319504,0.303412384,5,1.8439595,2,0.7535912,1,0,NaN,NaN,NaN,NaN,NaN,1,PAV069
70,1,3,26,3,2,1816,0,0.576740491,0.711813436,3,1.0595921,0,1.8148169,1,1,0,25,10,1,1,1,PAV069
71,1,1,54,0,1,1324,1,0.499448871,0.668018767,5,2.4349485,2,1.3150337,1,0,NaN,NaN,NaN,NaN,NaN,1,PAV069
72,1,2,50,0,1,2498,1,0.311573381,0.472837226,5,2.310173,2,2.49519,1,0,NaN,NaN,NaN,NaN,NaN,1,PAV069
73,1,3,45,0,2,1068,0,0.526900273,0.529153701,5,1.7692705,2,1.0664949,0,0,NaN,NaN,NaN,NaN,NaN,0,PAV069
74,1,2,54,0,1,887,1,0.702448818,0.25488741,5,1.6435788,2,0.8845451,1,0,NaN,NaN,NaN,NaN,NaN,1,PAV069
75,1,1,36,3,1,794,1,0.490910259,0.488784936,1,6.6026718,4,0.7885452,0,1,0,25,10,1,1,0,PAV069
1,2,3,48,0,1,1222,1,0.424979573,0.736982124,5,3.1930417,2,1.2187763,1,0,NaN,NaN,NaN,NaN,NaN,1,PAV069
2,2,3,18,1,2,1188,1,0.673360065,0.533790398,5,1.5808514,2,1.1853476,1,1,7,10,10,1,15,1,PAV069
3,2,1,25,3,1,1134,1,0.732161097,0.410548456,5,2.0670066,2,1.1253197,0,1,0,25,10,1,1,0,PAV069
4,2,2,16,1,1,1342,0,0.669618606,0.581371046,5,1.8511593,2,1.3402041,0,1,8,10,10,1,15,0,PAV069
5,2,2,48,0,1,984,1,0.341087075,0.275124555,5,1.3798325,2,0.9805405,1,0,NaN,NaN,NaN,NaN,NaN,1,PAV069
6,2,1,35,3,1,864,1,0.744125844,0.460584451,5,1.1903363,2,0.8630463,0,1,0,20,10,1,1,0,PAV069
7,2,2,12,1,2,1201,1,0.466824396,0.262363185,5,1.5672905,2,1.1943298,1,1,1,25,25,1,4,1,PAV069
8,2,2,17,1,1,1601,0,0.308172215,0.574049876,5,2.2743008,2,1.5932235,0,1,7,10,10,1,15,0,PAV069
9,2,2,8,1,2,2351,1,0.304322563,0.467854074,5,3.3831421,2,2.3497222,1,1,0,30,10,1,3,1,PAV069
10,2,1,16,1,2,1436,1,0.496848427,0.485585229,5,1.5007342,2,1.4290942,1,1,8,10,10,1,15,1,PAV069
11,2,2,18,1,2,1036,1,0.432986462,0.682045093,5,1.8147333,2,1.0343325,1,1,9,10,10,1,15,1,PAV069
12,2,3,15,1,2,1848,1,0.533976536,0.321745234,3,2.0031381,0,1.8438535,1,1,0,30,10,1,4,1,PAV069
13,2,3,31,3,1,919,1,0.521779239,0.467599718,5,3.4016037,2,0.9078057,0,1,0,25,10,1,1,0,PAV069
14,2,2,32,3,2,1075,0,0.685448961,0.735134066,5,2.5603619,2,1.0728193,1,1,0,20,10,1,1,1,PAV069
15,2,3,13,1,2,1806,1,0.477667364,0.675254301,5,3.9250993,2,1.8044423,1,1,1,30,30,1,4,1,PAV069
16,2,2,29,3,1,1085,1,0.707792123,0.390735504,5,1.7443315,2,1.0832837,0,1,0,20,10,1,1,0,PAV069
17,2,1,47,0,1,1294,1,0.660373073,0.504704494,5,1.5278536,2,1.291564,1,0,NaN,NaN,NaN,NaN,NaN,1,PAV069
18,2,1,26,3,1,1088,1,0.356610841,0.267120049,5,1.452591,2,1.0789348,0,1,0,20,10,1,1,0,PAV069
19,2,3,9,1,2,1023,1,0.466683844,0.367889449,1,2.0362024,2,1.0123483,1,1,1,30,30,1,3,1,PAV069
20,2,3,7,1,2,1207,1,0.484057334,0.521061066,5,2.0699823,2,1.2032399,1,1,1,30,30,1,3,1,PAV069
21,2,3,27,3,2,951,0,0.279269205,0.627701628,5,1.5363693,2,0.9468692,1,1,1,25,0,0,1,1,PAV069
22,2,1,30,3,2,1021,0,0.441136196,0.411114299,5,1.36188,2,1.0195754,1,1,0,25,10,1,1,1,PAV069
23,2,2,38,3,1,757,1,0.570392612,0.740544143,5,1.7210123,2,0.7495652,0,1,0,25,10,1,1,0,PAV069
24,2,2,46,0,1,935,1,0.367304207,0.327458363,3,2.2256226,2,0.9329988,1,0,NaN,NaN,NaN,NaN,NaN,1,PAV069
25,2,1,13,1,2,1021,1,0.332959503,0.550757112,5,1.6504087,2,1.0189508,1,1,0,20,10,1,4,1,PAV069
26,2,2,4,1,1,1565,0,0.672076537,0.466137234,1,5.2540419,6,1.5571572,0,1,0,25,10,1,2,0,PAV069
27,2,2,2,1,1,1442,0,0.622563758,0.514060215,5,1.3368579,2,1.4409901,0,1,0,30,10,1,2,0,PAV069
28,2,1,44,0,1,1441,1,0.722883054,0.495426385,3,1.287355,0,1.4389559,1,0,NaN,NaN,NaN,NaN,NaN,1,PAV069
29,2,2,36,3,2,901,0,0.745040105,0.280281883,5,1.5799509,2,0.8992364,1,1,0,20,10,1,1,1,PAV069
30,2,3,40,0,1,2730,1,0.25980053,0.383466291,5,2.2239519,2,2.7289049,1,0,NaN,NaN,NaN,NaN,NaN,1,PAV069
31,2,2,55,0,1,735,1,0.376168445,0.552881654,5,1.5923468,2,0.7337638,1,0,NaN,NaN,NaN,NaN,NaN,1,PAV069
32,2,2,51,0,1,1318,1,0.447646481,0.62208191,5,1.6384613,2,1.3163331,1,0,NaN,NaN,NaN,NaN,NaN,1,PAV069
33,2,1,49,0,1,829,1,0.325699171,0.555872236,5,1.3275356,2,0.8275541,1,0,NaN,NaN,NaN,NaN,NaN,1,PAV069
34,2,1,34,3,2,1206,0,0.634966114,0.720026024,3,0.4323471,0,1.2042709,1,1,0,30,10,1,1,1,PAV069
35,2,3,11,1,1,1261,0,0.333702987,0.587312806,5,3.3440089,4,1.2589208,0,1,0,25,10,1,4,0,PAV069
36,2,1,7,1,2,1019,1,0.645589109,0.323005207,5,2.8843032,2,1.0175136,1,1,0,25,10,1,3,1,PAV069
37,2,3,14,1,1,1605,0,0.397106776,0.252861359,5,2.3539234,2,1.6012345,0,1,0,25,10,1,4,0,PAV069
38,2,1,3,1,2,1518,1,0.376897865,0.562463781,5,2.2421646,3,1.5091068,1,1,0,20,10,1,2,1,PAV069
39,2,3,29,3,1,1414,1,0.2521898,0.44585546,5,1.8839313,2,1.4112142,0,1,0,30,10,1,1,0,PAV069
40,2,3,54,0,2,1037,0,0.449709982,0.352232286,5,1.6339831,2,1.0294594,0,0,NaN,NaN,NaN,NaN,NaN,0,PAV069
41,2,3,56,0,1,766,1,0.391400007,0.699616924,5,1.4923428,2,0.760792,1,0,NaN,NaN,NaN,NaN,NaN,1,PAV069
42,2,1,40,0,1,1206,1,0.726530606,0.51583558,3,0.9354333,0,1.2038094,1,0,NaN,NaN,NaN,NaN,NaN,1,PAV069
43,2,2,34,3,1,1461,1,0.708029066,0.507295526,3,1.1498844,0,1.4518846,0,1,0,25,10,1,1,0,PAV069
44,2,2,1,1,1,1154,0,0.684133734,0.566427332,3,0.3088978,0,1.1522456,0,1,0,25,10,1,2,0,PAV069
45,2,1,10,1,2,805,1,0.287231734,0.324438402,5,2.2089093,2,0.7959495,1,1,1,25,25,1,3,1,PAV069
46,2,2,40,0,1,1061,1,0.720983497,0.39179098,3,2.3651874,2,1.0598345,1,0,NaN,NaN,NaN,NaN,NaN,1,PAV069
47,2,2,42,0,1,1300,1,0.71341983,0.494666265,3,1.8435214,2,1.2907663,1,0,NaN,NaN,NaN,NaN,NaN,1,PAV069
48,2,1,38,3,1,1399,1,0.510977826,0.295825903,5,1.2564929,2,1.3968352,0,1,0,25,10,1,1,0,PAV069
49,2,2,44,0,1,749,1,0.428855371,0.26719092,5,1.5350536,2,0.7476159,1,0,NaN,NaN,NaN,NaN,NaN,1,PAV069
50,2,3,52,0,1,746,1,0.571568234,0.271075342,5,3.8683524,2,0.7441382,1,0,NaN,NaN,NaN,NaN,NaN,1,PAV069
51,2,3,28,3,2,1782,0,0.613888171,0.692882709,5,1.3200753,2,1.7795886,1,1,0,30,10,1,1,1,PAV069
52,2,1,6,1,2,1463,1,0.330513036,0.590583643,3,0.0989999,0,1.4561858,1,1,0,25,10,1,3,1,PAV069
53,2,1,4,1,1,1087,0,0.538991533,0.462467703,5,2.7008914,2,1.0847875,0,1,0,30,10,1,2,0,PAV069
54,2,1,8,1,2,1033,1,0.427904724,0.586909641,5,1.4548324,2,1.0222209,1,1,0,20,10,1,3,1,PAV069
55,2,1,53,0,1,1008,1,0.540334431,0.695473895,5,1.7000389,2,1.007055,1,0,NaN,NaN,NaN,NaN,NaN,1,PAV069
56,2,1,1,1,1,1643,0,0.633604795,0.702488001,1,2.7324829,4,1.6399779,0,1,1,20,20,1,2,0,PAV069
57,2,1,29,3,1,1418,1,0.615509949,0.632640592,3,0.068024,0,1.4159662,0,1,0,20,10,1,1,0,PAV069
58,2,3,53,0,1,858,1,0.735603936,0.583409639,5,2.2906151,2,0.8546762,1,0,NaN,NaN,NaN,NaN,NaN,1,PAV069
59,2,2,27,3,2,1236,0,0.443413388,0.324578735,3,0.0209566,0,1.234817,1,1,0,30,10,1,1,1,PAV069
60,2,3,44,0,1,816,1,0.748207555,0.275423736,5,1.6205857,2,0.8140785,1,0,NaN,NaN,NaN,NaN,NaN,1,PAV069
61,2,3,30,3,1,2296,1,0.63857173,0.497999062,5,1.5611574,2,2.2949499,0,1,0,20,10,1,1,0,PAV069
62,2,1,51,0,1,1907,1,0.398914757,0.674389196,3,0.9616225,0,1.9039459,1,0,NaN,NaN,NaN,NaN,NaN,1,PAV069
63,2,1,45,0,1,913,1,0.657337502,0.502170617,3,0.6958606,0,0.9116031,1,0,NaN,NaN,NaN,NaN,NaN,1,PAV069
64,2,2,28,3,1,1118,1,0.4770599,0.386795015,3,2.6372353,2,1.1145354,0,1,0,25,10,1,1,0,PAV069
65,2,2,39,0,2,1538,0,0.741840171,0.603626461,5,1.7218368,2,1.52979,0,0,NaN,NaN,NaN,NaN,NaN,0,PAV069
66,2,3,37,3,1,1148,1,0.398153838,0.413908278,3,1.5347497,0,1.1460391,0,1,0,30,10,1,1,0,PAV069
67,2,2,56,0,1,1175,1,0.627134911,0.40257078,3,0.5130996,0,1.1709637,1,0,NaN,NaN,NaN,NaN,NaN,1,PAV069
68,2,3,16,1,1,1207,0,0.627555423,0.474654818,3,1.1795774,0,1.2037521,0,1,9,10,10,1,15,0,PAV069
69,2,2,31,3,1,738,1,0.578843597,0.681891154,5,1.4879579,2,0.736392,0,1,0,20,10,1,1,0,PAV069
70,2,1,46,0,1,1563,1,0.628633576,0.576737883,5,1.5679727,2,1.5609847,1,0,NaN,NaN,NaN,NaN,NaN,1,PAV069
71,2,3,38,3,2,1369,0,0.471291214,0.511699357,5,1.4347689,2,1.3593878,1,1,0,30,10,1,1,1,PAV069
72,2,3,49,0,1,1402,1,0.520637935,0.577672597,5,1.7552869,2,1.400513,1,0,NaN,NaN,NaN,NaN,NaN,1,PAV069
73,2,1,28,3,1,1590,1,0.500256535,0.510758341,5,1.3778885,2,1.5803469,0,1,0,20,10,1,1,0,PAV069
74,2,1,50,0,1,1062,1,0.679376261,0.629944503,5,1.6143412,2,1.059963,1,0,NaN,NaN,NaN,NaN,NaN,1,PAV069
75,2,3,4,1,2,1182,1,0.252000363,0.356177307,3,2.2857903,2,1.1786594,1,1,1,25,25,1,2,1,PAV069
76,2,3,51,0,2,2305,0,0.474618158,0.570052171,3,0.7668254,0,2.2972172,0,0,NaN,NaN,NaN,NaN,NaN,0,PAV069
77,2,3,35,3,2,1967,0,0.54618222,0.455163459,3,1.3756293,0,1.957929,1,1,1,20,0,0,1,1,PAV069
78,2,2,13,1,1,990,0,0.429612963,0.459115688,5,3.8359481,2,0.9879213,0,1,0,30,10,1,4,0,PAV069
1,1,1,38,3,2,1512,0,0.458153749,0.593878655,4,NaN,1,1.4911403,1,1,0,25,10,1,1,1,PAV070
2,1,1,10,1,2,2453,1,0.558188189,0.743722963,4,1.9864174,1,2.4477178,1,1,1,30,30,1,3,1,PAV070
3,1,1,34,3,2,1462,0,0.510562115,0.574186455,4,2.358002,1,1.4583621,1,1,0,20,10,1,1,1,PAV070
4,1,1,17,1,2,963,1,0.328995817,0.423418691,3,0.7896854,0,0.960545,1,1,7,10,10,1,15,1,PAV070
5,1,2,34,3,0,NaN,0,0.565509892,0.480161756,NaN,NaN,NaN,NaN,0,1,1,30,0,0,1,0,PAV070
6,1,3,50,0,1,1738,1,0.734578536,0.515187561,3,2.9942254,0,1.7304377,1,0,NaN,NaN,NaN,NaN,NaN,1,PAV070
7,1,3,54,0,1,2130,1,0.691722412,0.605199642,3,0.7953661,0,2.1269995,1,0,NaN,NaN,NaN,NaN,NaN,1,PAV070
8,1,1,41,0,2,3167,0,0.409070698,0.414303844,3,3.018459,0,3.1626472,0,0,NaN,NaN,NaN,NaN,NaN,0,PAV070
9,1,2,44,0,1,2307,1,0.745655671,0.458017192,3,0.0643675,0,2.3056497,1,0,NaN,NaN,NaN,NaN,NaN,1,PAV070
10,1,3,10,1,1,3671,0,0.358332259,0.661237942,3,0.9017516,0,3.6643904,0,1,0,25,10,1,3,0,PAV070
11,1,3,42,0,1,1978,1,0.337371167,0.27188028,3,1.4648655,0,1.9763608,1,0,NaN,NaN,NaN,NaN,NaN,1,PAV070
12,1,1,51,0,0,NaN,0,0.413563532,0.282954446,NaN,NaN,NaN,NaN,0,0,NaN,NaN,NaN,NaN,NaN,0,PAV070
13,1,2,48,0,1,3385,1,0.619903176,0.519985047,3,NaN,0,3.3836303,1,0,NaN,NaN,NaN,NaN,NaN,1,PAV070
14,1,3,44,0,1,2003,1,0.488918833,0.573244151,3,2.5312966,0,1.9956107,1,0,NaN,NaN,NaN,NaN,NaN,1,PAV070
15,1,3,4,1,1,1979,0,0.631463153,0.264835848,3,1.2309533,0,1.9751956,0,1,0,20,10,1,2,0,PAV070
16,1,1,48,0,1,3044,1,0.665512045,0.524067193,4,3.1138049,1,3.0360507,1,0,NaN,NaN,NaN,NaN,NaN,1,PAV070
17,1,1,14,1,2,1455,1,0.63597652,0.586134746,3,0.6252949,0,1.4524891,1,1,1,20,20,1,4,1,PAV070
18,1,3,47,0,1,2365,1,0.453662668,0.422172987,5,2.0310993,2,2.3541738,1,0,NaN,NaN,NaN,NaN,NaN,1,PAV070
19,1,2,26,3,1,1358,1,0.545384663,0.585858795,3,1.5424339,0,1.3554463,0,1,0,20,10,1,1,0,PAV070
20,1,2,36,3,1,2669,1,0.402028827,0.55317261,3,0.8806471,0,2.667474,0,1,0,20,10,1,1,0,PAV070
21,1,3,52,0,1,2259,1,0.252611134,0.450432044,3,0.7497885,0,2.2570019,1,0,NaN,NaN,NaN,NaN,NaN,1,PAV070
22,1,3,12,1,2,1639,1,0.597163133,0.684348389,3,0.1352715,0,1.636819,1,1,1,20,20,1,4,1,PAV070
23,1,1,28,3,0,NaN,0,0.329299174,0.432797372,NaN,NaN,NaN,NaN,0,1,0,30,10,1,1,0,PAV070
24,1,2,42,0,1,1487,1,0.630673599,0.43409285,4,3.0538575,1,1.4838373,1,0,NaN,NaN,NaN,NaN,NaN,1,PAV070
25,1,1,4,1,2,1587,1,0.548924785,0.443963531,5,2.421109,2,1.585538,1,1,1,25,25,1,2,1,PAV070
26,1,3,1,1,1,1293,0,0.586897362,0.569701351,3,0.1373231,0,1.2913178,0,1,0,25,10,1,2,0,PAV070
27,1,1,52,0,1,1516,1,0.586961983,0.321430587,4,4.8621047,5,1.5053215,1,0,NaN,NaN,NaN,NaN,NaN,1,PAV070
28,1,2,38,3,1,1741,1,0.721657648,0.281025205,3,1.2713099,0,1.7384712,0,1,0,25,10,1,1,0,PAV070
29,1,1,55,0,2,1391,0,0.334472358,0.443549993,5,1.7502976,2,1.3879672,0,0,NaN,NaN,NaN,NaN,NaN,0,PAV070
30,1,3,7,1,2,1796,1,0.399982174,0.509853824,4,1.625203,1,1.7943174,1,1,1,30,30,1,3,1,PAV070
31,1,2,52,0,1,1069,1,0.387543848,0.293101626,5,2.2019443,2,1.0666218,1,0,NaN,NaN,NaN,NaN,NaN,1,PAV070
32,1,3,16,1,1,1088,0,0.636846294,0.570764771,2,4.6387376,5,1.0798003,0,1,5,10,10,1,15,0,PAV070
33,1,1,37,3,2,3094,0,0.591013641,0.600705299,5,1.7854597,2,3.0917309,1,1,0,30,10,1,1,1,PAV070
34,1,2,4,1,1,1436,0,0.264633579,0.305709626,3,1.6370644,0,1.4340443,0,1,0,30,10,1,2,0,PAV070
35,1,1,2,1,1,1724,0,0.646754651,0.629376374,4,2.6504027,1,1.7216932,0,1,0,25,10,1,2,0,PAV070
36,1,1,54,0,1,1839,1,0.599330518,0.591816054,4,6.0601709,3,1.8368171,1,0,NaN,NaN,NaN,NaN,NaN,1,PAV070
37,1,3,31,3,1,2472,1,0.265289542,0.431717605,3,2.5130645,0,2.4699599,0,1,0,30,10,1,1,0,PAV070
38,1,1,56,0,2,2556,0,0.30557882,0.322314198,3,1.9881866,0,2.5548201,0,0,NaN,NaN,NaN,NaN,NaN,0,PAV070
39,1,2,16,1,2,1570,1,0.741100622,0.694868871,5,1.6894365,2,1.5673261,1,1,7,10,10,1,15,1,PAV070
40,1,3,24,3,1,4046,1,0.272268624,0.354192879,5,1.9025592,2,4.0441365,0,1,0,25,10,1,1,0,PAV070
41,1,1,11,1,2,1152,1,0.260463115,0.511810773,5,1.400215,2,1.1399414,1,1,1,30,30,1,4,1,PAV070
42,1,2,40,0,1,1858,1,0.261617622,0.718116124,4,2.1725989,1,1.8500626,1,0,NaN,NaN,NaN,NaN,NaN,1,PAV070
43,1,2,13,1,2,1905,1,0.293088889,0.579070333,5,1.530845,2,1.9027551,1,1,1,25,25,1,4,1,PAV070
44,1,2,24,3,1,2131,1,0.531796395,0.366412096,5,1.9993179,2,2.1281853,0,1,0,30,10,1,1,0,PAV070
45,1,1,8,1,2,1100,1,0.687410487,0.73641805,5,2.0481804,2,1.0975754,1,1,1,30,30,1,3,1,PAV070
46,1,1,26,3,2,2710,0,0.587160299,0.5816912,4,1.539999,1,2.7068482,1,1,0,30,10,1,1,1,PAV070
47,1,3,51,0,2,1475,0,0.378896848,0.258283386,4,1.1448042,1,1.473389,0,0,NaN,NaN,NaN,NaN,NaN,0,PAV070
48,1,1,49,0,1,2046,1,0.286609495,0.691062824,3,2.9593703,0,2.041664,1,0,NaN,NaN,NaN,NaN,NaN,1,PAV070
49,1,1,6,1,2,1934,1,0.306967648,0.441220372,5,5.2162149,2,1.9317644,1,1,1,20,20,1,3,1,PAV070
50,1,2,17,1,1,3770,0,0.407692181,0.550122974,4,NaN,1,3.7680202,0,1,6,10,10,1,15,0,PAV070
51,1,2,50,0,1,4053,1,0.529973171,0.251430522,5,3.4763869,2,4.0514404,1,0,NaN,NaN,NaN,NaN,NaN,1,PAV070
52,1,1,24,3,2,1239,0,0.594628763,0.664261513,5,2.4762064,2,1.2369254,1,1,0,25,10,1,1,1,PAV070
53,1,2,35,3,1,2116,1,0.653965853,0.574254682,3,5.5042348,0,2.1115958,0,1,0,25,10,1,1,0,PAV070
54,1,2,1,1,1,1197,0,0.608812488,0.730966749,5,2.0677804,2,1.1950045,0,1,0,30,10,1,2,0,PAV070
55,1,3,29,3,1,2484,1,0.525741506,0.65026772,3,1.7330573,0,2.4781886,0,1,0,25,10,1,1,0,PAV070
56,1,2,53,0,1,1279,1,0.384376429,0.427838881,3,0.9479077,0,1.2772419,1,0,NaN,NaN,NaN,NaN,NaN,1,PAV070
57,1,3,2,1,1,1340,0,0.398164247,0.444477154,5,2.6403768,2,1.3376348,0,1,0,25,10,1,2,0,PAV070
58,1,3,37,3,1,1494,1,0.459031197,0.732569497,4,5.6384182,1,1.4924052,0,1,0,20,10,1,1,0,PAV070
59,1,1,7,1,2,1502,1,0.3636668,0.483736454,5,1.7726483,2,1.4998033,1,1,1,20,20,1,3,1,PAV070
60,1,2,55,0,1,1344,1,0.572365412,0.723630822,3,2.2363087,0,1.3421903,1,0,NaN,NaN,NaN,NaN,NaN,1,PAV070
61,1,2,10,1,2,1384,1,0.478264182,0.642567693,5,1.6036249,2,1.3770104,1,1,1,30,30,1,3,1,PAV070
62,1,3,26,3,2,1306,0,0.607491128,0.66852578,5,2.0799776,2,1.2985671,1,1,1,30,0,0,1,1,PAV070
63,1,3,49,0,1,1317,1,0.318271955,0.460465088,3,2.5581517,0,1.314649,1,0,NaN,NaN,NaN,NaN,NaN,1,PAV070
64,1,2,14,1,1,3457,0,0.38557118,0.363024074,2,5.5241002,1,3.451317,0,1,0,20,10,1,4,0,PAV070
65,1,1,29,3,2,1998,0,0.30595348,0.587688747,4,NaN,1,1.9954181,1,1,0,25,10,1,1,1,PAV070
66,1,2,5,1,2,5243,1,0.373814557,0.629235442,4,NaN,1,5.2401486,1,1,0,20,10,1,2,1,PAV070
67,1,2,41,0,1,3839,1,0.664208929,0.444561144,4,NaN,1,3.8372757,1,0,NaN,NaN,NaN,NaN,NaN,1,PAV070
68,1,2,15,1,2,2045,1,0.310004042,0.731962707,5,1.9356373,2,2.0429991,1,1,1,25,25,1,4,1,PAV070
69,1,2,33,3,1,3467,1,0.596478312,0.434237783,4,1.6098631,1,3.4658763,0,1,0,25,10,1,1,0,PAV070
70,1,1,44,0,2,1005,0,0.476418669,0.650591936,4,3.0654455,1,1.0026822,0,0,NaN,NaN,NaN,NaN,NaN,0,PAV070
71,1,3,3,1,1,995,0,0.291333661,0.420877826,3,5.6283322,0,0.9913359,0,1,1,30,30,1,2,0,PAV070
72,1,3,38,3,1,1093,1,0.46774487,0.486998915,5,1.8057021,2,1.080556,0,1,0,25,10,1,1,0,PAV070
73,1,3,35,3,1,1480,1,0.458590691,0.622674345,3,3.5987724,0,1.47749,0,1,0,20,10,1,1,0,PAV070
74,1,3,18,1,2,3703,1,0.379404946,0.44924771,5,1.7840701,2,3.7004283,1,1,7,10,10,1,15,1,PAV070
75,1,3,55,0,1,1252,1,0.742851042,0.336100141,5,2.5487837,2,1.2488616,1,0,NaN,NaN,NaN,NaN,NaN,1,PAV070
1,2,2,31,3,2,2710,0,0.267438316,0.655385045,5,2.3588109,2,2.7055385,1,1,1,30,0,0,1,1,PAV070
2,2,2,37,3,1,2898,1,0.265516799,0.387773143,3,0.9319779,0,2.8957052,0,1,0,25,10,1,1,0,PAV070
3,2,2,49,0,1,2032,1,0.697306222,0.699884622,3,0.9500407,0,2.0303097,1,0,NaN,NaN,NaN,NaN,NaN,1,PAV070
4,2,2,29,3,1,1028,1,0.658649938,0.514961305,3,0.397552,0,1.0262202,0,1,0,20,10,1,1,0,PAV070
5,2,1,42,0,2,1720,0,0.486697816,0.646970703,5,1.2620355,2,1.7178357,0,0,NaN,NaN,NaN,NaN,NaN,0,PAV070
6,2,3,34,3,1,1023,1,0.426837537,0.265200648,5,2.4491174,2,1.019819,0,1,0,30,10,1,1,0,PAV070
7,2,2,12,1,2,3566,1,0.740948454,0.679465683,5,1.7610154,2,3.5630438,1,1,0,25,0,0,4,1,PAV070
8,2,3,13,1,1,1279,0,0.376607468,0.423175369,5,4.6220512,2,1.2772018,0,1,1,25,25,1,4,0,PAV070
9,2,1,15,1,2,3803,1,0.494547575,0.651083754,3,NaN,0,3.8012228,1,1,1,30,30,1,4,1,PAV070
10,2,3,14,1,1,3488,0,0.643883857,0.558905966,4,6.5641791,1,3.4806026,0,1,0,20,10,1,4,0,PAV070
11,2,1,36,3,2,6342,0,0.372146256,0.689599668,4,1.497387,1,6.3386392,1,1,0,20,10,1,1,1,PAV070
12,2,1,12,1,2,1653,1,0.636495954,0.493153262,5,2.0907857,2,1.6508869,1,1,1,20,20,1,4,1,PAV070
13,2,3,8,1,2,1782,1,0.730226927,0.726372924,4,3.1563391,1,1.7801213,1,1,1,25,25,1,3,1,PAV070
14,2,2,11,1,1,1964,0,0.632811346,0.430549177,5,2.3202235,2,1.9585488,0,1,0,30,10,1,4,0,PAV070
15,2,2,3,1,2,1225,1,0.51440507,0.373419574,4,1.3490189,1,1.2235743,1,1,1,20,20,1,2,1,PAV070
16,2,1,3,1,2,1661,1,0.732002735,0.586754349,5,1.5455542,2,1.6586685,1,1,0,30,10,1,2,1,PAV070
17,2,3,15,1,1,951,0,0.352160493,0.524456515,4,2.2121723,1,0.9477561,0,1,0,30,10,1,4,0,PAV070
18,2,2,8,1,1,1299,0,0.665892285,0.33684177,4,2.0806869,1,1.2969504,0,1,0,25,10,1,3,0,PAV070
19,2,1,50,0,1,2445,1,0.569272799,0.307787493,4,1.2480642,1,2.4393881,1,0,NaN,NaN,NaN,NaN,NaN,1,PAV070
20,2,2,43,0,2,2471,0,0.274565374,0.41376275,4,2.2928047,1,2.4696744,0,0,NaN,NaN,NaN,NaN,NaN,0,PAV070
21,2,1,27,3,2,1479,0,0.560862702,0.314387764,3,NaN,0,1.4687132,1,1,0,25,10,1,1,1,PAV070
22,2,2,56,0,0,NaN,0,0.369135147,0.359142643,NaN,NaN,NaN,NaN,0,0,NaN,NaN,NaN,NaN,NaN,0,PAV070
23,2,2,47,0,1,2746,1,0.448899439,0.26609788,4,2.2991336,1,2.743958,1,0,NaN,NaN,NaN,NaN,NaN,1,PAV070
24,2,2,30,3,1,1799,1,0.740875843,0.601993933,3,NaN,0,1.7960934,0,1,0,20,10,1,1,0,PAV070
25,2,1,25,3,2,-540,0,0.366864181,0.711191738,3,2.3622454,0,-0.5491029,1,1,0,30,10,1,1,1,PAV070
26,2,2,25,3,1,883,1,0.356503972,0.258754391,5,1.2527899,2,0.8816901,0,1,0,20,10,1,1,0,PAV070
27,2,1,5,1,1,1795,0,0.577579089,0.266185074,5,1.4633569,2,1.7889626,0,1,0,20,10,1,2,0,PAV070
28,2,3,46,0,2,3242,0,0.259914696,0.650004672,5,2.4292643,2,3.2400766,0,0,NaN,NaN,NaN,NaN,NaN,0,PAV070
29,2,3,53,0,2,3261,0,0.495537527,0.499533624,3,4.7768507,2,3.2579343,0,0,NaN,NaN,NaN,NaN,NaN,0,PAV070
30,2,3,48,0,1,1731,1,0.605666227,0.459164336,4,1.4348023,1,1.7249783,1,0,NaN,NaN,NaN,NaN,NaN,1,PAV070
31,2,2,54,0,2,3281,0,0.28362748,0.52906169,4,1.6973665,1,3.2779732,0,0,NaN,NaN,NaN,NaN,NaN,0,PAV070
32,2,3,32,3,1,3015,1,0.338841851,0.664541991,5,1.4250185,2,3.0109694,0,1,0,25,10,1,1,0,PAV070
33,2,3,45,0,1,3702,1,0.259557029,0.638042927,4,2.1759098,1,3.6994732,1,0,NaN,NaN,NaN,NaN,NaN,1,PAV070
34,2,1,39,0,1,1307,1,0.259799258,0.701706417,4,NaN,1,1.303559,1,0,NaN,NaN,NaN,NaN,NaN,1,PAV070
35,2,1,13,1,2,1146,1,0.256705109,0.331799825,5,3.7228493,2,1.1439272,1,1,1,30,30,1,4,1,PAV070
36,2,1,31,3,1,2435,1,0.494228333,0.431974161,5,3.43663,2,2.424523,0,1,0,25,10,1,1,0,PAV070
37,2,1,43,0,1,2029,1,0.531192758,0.37806379,5,1.8805447,2,2.0266599,1,0,NaN,NaN,NaN,NaN,NaN,1,PAV070
38,2,1,30,3,1,1356,1,0.337124908,0.260184355,5,2.3906729,2,1.3496169,0,1,0,30,10,1,1,0,PAV070
39,2,3,40,0,1,2025,1,0.721987641,0.427485558,5,1.815949,2,2.0224009,1,0,NaN,NaN,NaN,NaN,NaN,1,PAV070
40,2,2,6,1,1,4212,0,0.53837331,0.539092531,4,2.2351194,1,4.2096688,0,1,1,25,25,1,3,0,PAV070
41,2,1,45,0,1,3365,1,0.518001568,0.48130963,4,1.6806238,1,3.3632939,1,0,NaN,NaN,NaN,NaN,NaN,1,PAV070
42,2,3,28,3,1,1044,1,0.492982833,0.733320102,4,0.995566,1,1.0417704,0,1,0,30,10,1,1,0,PAV070
43,2,1,33,3,2,1303,0,0.396532601,0.424692478,4,1.6455871,1,1.3011067,1,1,0,20,10,1,1,1,PAV070
44,2,2,45,0,1,2688,1,0.447221666,0.389052235,4,2.52589,1,2.6825881,1,0,NaN,NaN,NaN,NaN,NaN,1,PAV070
45,2,1,9,1,2,1143,1,0.498487827,0.476992906,5,1.2719957,2,1.1398171,1,1,0,20,10,1,3,1,PAV070
46,2,1,46,0,0,NaN,0,0.478549617,0.45145332,NaN,NaN,NaN,NaN,0,0,NaN,NaN,NaN,NaN,NaN,0,PAV070
47,2,1,53,0,1,2531,1,0.307269771,0.371129458,4,2.4213776,1,2.5258535,1,0,NaN,NaN,NaN,NaN,NaN,1,PAV070
48,2,1,35,3,2,747,0,0.689127531,0.467163514,5,1.289202,2,0.7401175,1,1,1,20,0,0,1,1,PAV070
49,2,1,16,1,2,889,1,0.590357982,0.269197066,5,1.9475763,2,0.8831714,1,1,7,10,10,1,15,1,PAV070
50,2,3,9,1,1,1775,0,0.483127779,0.60256646,3,1.0585714,0,1.770291,0,1,0,30,10,1,3,0,PAV070
51,2,3,27,3,1,2151,1,0.406157778,0.554698167,5,1.6679354,2,2.1488278,0,1,1,20,0,0,1,0,PAV070
52,2,2,27,3,1,1138,1,0.687550111,0.564022854,3,6.2906751,0,1.1352287,0,1,0,25,10,1,1,0,PAV070
53,2,2,18,1,0,NaN,0,0.710174811,0.286765001,NaN,NaN,NaN,NaN,0,1,10,10,10,1,15,0,PAV070
54,2,3,33,3,1,3494,1,0.281669745,0.669052319,5,NaN,2,3.4918,0,1,0,20,10,1,1,0,PAV070
55,2,3,6,1,1,1781,0,0.567264791,0.261287449,3,1.7899222,0,1.7733189,0,1,0,25,10,1,3,0,PAV070
56,2,3,25,3,1,926,1,0.625965402,0.614697115,3,1.198341,0,0.9233941,0,1,0,30,10,1,1,0,PAV070
57,2,1,47,0,1,2571,1,0.363723765,0.449317529,3,0.8877553,0,2.5681941,1,0,NaN,NaN,NaN,NaN,NaN,1,PAV070
58,2,3,39,0,1,1292,1,0.292920827,0.367338756,5,1.6974472,2,1.2902392,1,0,NaN,NaN,NaN,NaN,NaN,1,PAV070
59,2,1,40,0,1,1163,1,0.268037824,0.425646844,5,1.9901818,2,1.156597,1,0,NaN,NaN,NaN,NaN,NaN,1,PAV070
60,2,1,1,1,2,1838,1,0.285331015,0.632189298,5,1.9478912,2,1.8357529,1,1,0,30,10,1,2,1,PAV070
61,2,2,7,1,1,1200,0,0.324373833,0.377586578,3,3.1178104,0,1.1923575,0,1,0,20,10,1,3,0,PAV070
62,2,3,56,0,2,2655,0,0.620552252,0.592384053,4,1.7707531,1,2.6514772,0,0,NaN,NaN,NaN,NaN,NaN,0,PAV070
63,2,2,32,3,1,1184,1,0.504481545,0.583786032,4,2.5670835,1,1.1823723,0,1,0,30,10,1,1,0,PAV070
64,2,2,9,1,1,1871,0,0.41182444,0.293601206,4,1.7275673,1,1.8694654,0,1,0,20,10,1,3,0,PAV070
65,2,2,51,0,1,2689,1,0.353889714,0.364647021,4,2.1377416,1,2.6872113,1,0,NaN,NaN,NaN,NaN,NaN,1,PAV070
66,2,3,17,1,1,3462,0,0.532030596,0.514529597,3,0.8158697,0,3.4523149,0,1,10,10,10,1,15,0,PAV070
67,2,1,32,3,2,1383,0,0.296437571,0.350683162,5,2.7922497,2,1.3696774,1,1,0,20,10,1,1,1,PAV070
68,2,3,11,1,1,1803,0,0.568293959,0.577080838,5,1.9556064,2,1.7995108,0,1,0,25,10,1,4,0,PAV070
69,2,2,39,0,1,1218,1,0.462556502,0.332954297,4,2.0901816,1,1.2075202,1,0,NaN,NaN,NaN,NaN,NaN,1,PAV070
70,2,3,5,1,1,1347,0,0.6782791,0.563007824,5,1.6756614,2,1.3439849,0,1,1,20,20,1,2,0,PAV070
71,2,2,28,3,1,1112,1,0.631493483,0.521741607,5,2.1451588,2,1.109759,0,1,0,30,10,1,1,0,PAV070
72,2,3,36,3,1,982,1,0.717209429,0.345427586,5,1.675366,2,0.9800882,0,1,0,20,10,1,1,0,PAV070
73,2,2,2,1,1,971,0,0.578420333,0.378759664,5,2.0260889,2,0.968861,0,1,0,25,10,1,2,0,PAV070
74,2,3,30,3,1,1193,1,0.461056242,0.449649748,5,1.8512834,2,1.1866763,0,1,0,25,10,1,1,0,PAV070
75,2,2,46,0,1,1205,1,0.59213911,0.347951884,5,1.5523586,2,1.1970413,1,0,NaN,NaN,NaN,NaN,NaN,1,PAV070
76,2,3,66,0,1,1530,1,0.732555108,0.524969875,5,1.167843,2,1.5271222,1,0,NaN,NaN,NaN,NaN,NaN,1,PAV070
77,2,3,41,0,2,2997,0,0.581713102,0.468616354,3,1.9096582,0,2.9922737,0,0,NaN,NaN,NaN,NaN,NaN,0,PAV070
78,2,1,18,1,2,1051,1,0.345340285,0.372254847,5,2.0679938,2,1.0488884,1,1,5,10,10,1,15,1,PAV070
1,1,2,11,1,2,2488,1,0.693379603,0.465050431,4,3.8571786,3,2.4807301,1,1,1,20,20,1,4,1,PAV073
2,1,2,26,3,1,3324,1,0.43949667,0.380207202,3,1.327034,0,3.3195527,0,1,0,25,10,1,1,0,PAV073
3,1,1,40,0,2,2097,0,0.254296824,0.740426566,3,1.4322308,0,2.0932516,0,0,NaN,NaN,NaN,NaN,NaN,0,PAV073
4,1,3,52,0,2,1362,0,0.648233067,0.47163959,3,0.0103849,0,1.3590325,0,0,NaN,NaN,NaN,NaN,NaN,0,PAV073
5,1,3,51,0,2,5553,0,0.648560483,0.359524265,3,1.9354653,0,5.5481335,0,0,NaN,NaN,NaN,NaN,NaN,0,PAV073
6,1,2,31,3,2,1590,0,0.376950189,0.670368557,3,1.2422787,0,1.5877742,1,1,1,25,0,0,1,1,PAV073
7,1,2,53,0,1,978,1,0.577790806,0.537459611,4,1.7538695,1,0.9749775,1,0,NaN,NaN,NaN,NaN,NaN,1,PAV073
8,1,2,54,0,1,2253,1,0.456540957,0.610717256,3,0.1222427,0,2.2507143,1,0,NaN,NaN,NaN,NaN,NaN,1,PAV073
9,1,3,2,1,2,1241,1,0.437892896,0.354812279,3,0.870768,0,1.239167,1,1,1,20,20,1,2,1,PAV073
10,1,2,12,1,1,1986,0,0.32722053,0.600076352,4,1.9731663,1,1.9834723,0,1,1,30,30,1,4,0,PAV073
11,1,3,24,3,1,1044,1,0.499024296,0.670694923,3,1.078227,0,1.0406698,0,1,0,30,10,1,1,0,PAV073
12,1,3,15,1,2,1620,1,0.665976511,0.403705495,4,1.3559408,1,1.6185239,1,1,1,20,20,1,4,1,PAV073
13,1,1,35,3,2,1377,0,0.596237034,0.354730832,5,2.185933,2,1.375581,1,1,1,20,0,0,1,1,PAV073
14,1,3,45,0,2,1760,0,0.727276948,0.405348079,4,1.8936544,1,1.7567605,0,0,NaN,NaN,NaN,NaN,NaN,0,PAV073
15,1,3,8,1,2,1431,1,0.554016162,0.28500658,5,1.7369867,2,1.4289087,1,1,1,30,30,1,3,1,PAV073
16,1,2,8,1,2,1606,1,0.388980342,0.68793918,3,0.0378461,0,1.6027094,1,1,0,20,10,1,3,1,PAV073
17,1,2,18,1,1,2370,0,0.584920927,0.62313261,3,0.15304,0,2.3640267,0,1,3,10,10,1,15,0,PAV073
18,1,2,7,1,2,2902,1,0.51099922,0.454824857,5,2.8803337,2,2.8988843,1,1,0,25,10,1,3,1,PAV073
19,1,1,47,0,1,1202,1,0.663666435,0.452634545,3,0.0034265,0,1.1996085,1,0,NaN,NaN,NaN,NaN,NaN,1,PAV073
20,1,2,24,3,2,3259,0,0.371223387,0.569491209,3,0.214879,0,3.2544662,1,1,0,25,10,1,1,1,PAV073
21,1,1,6,1,1,3934,0,0.623461901,0.551702792,4,3.90215,1,3.9321295,0,1,1,25,25,1,3,0,PAV073
22,1,3,10,1,2,1802,1,0.642915042,0.2956622,4,1.6717566,1,1.7994207,1,1,1,30,30,1,3,1,PAV073
23,1,3,53,0,2,1931,0,0.599055996,0.278758675,3,1.1569296,0,1.9289699,0,0,NaN,NaN,NaN,NaN,NaN,0,PAV073
24,1,2,36,3,2,3466,0,0.404981942,0.265600619,3,0.0403962,0,3.462535,1,1,1,25,0,0,1,1,PAV073
25,1,1,18,1,2,1357,1,0.439786621,0.727044064,5,1.9484609,2,1.3533988,1,1,2,10,10,1,15,1,PAV073
26,1,2,49,0,2,1416,0,0.278835533,0.385040706,3,0.1011943,0,1.41405,0,0,NaN,NaN,NaN,NaN,NaN,0,PAV073
27,1,1,37,3,0,NaN,0,0.657360577,0.313662837,NaN,NaN,NaN,NaN,0,1,0,30,10,1,1,0,PAV073
28,1,2,44,0,1,1452,1,0.36010432,0.620143692,5,2.0343785,4,1.4445787,1,0,NaN,NaN,NaN,NaN,NaN,1,PAV073
29,1,1,9,1,2,1067,1,0.646160774,0.668073106,4,1.0217993,1,1.0642661,1,1,1,25,25,1,3,1,PAV073
30,1,1,10,1,1,1095,0,0.382618921,0.250437715,3,0.9091041,0,1.0926518,0,1,1,20,20,1,3,0,PAV073
31,1,2,28,3,2,2506,0,0.265372688,0.638807429,3,0.1368727,0,2.5042894,1,1,0,30,10,1,1,1,PAV073
32,1,1,8,1,2,1221,1,0.316322635,0.401698647,1,3.8710707,4,1.2186082,1,1,0,20,10,1,3,1,PAV073
33,1,3,47,0,2,3551,0,0.560822534,0.55506836,3,1.1813471,0,3.5485419,0,0,NaN,NaN,NaN,NaN,NaN,0,PAV073
34,1,3,55,0,1,3145,1,0.571636113,0.608033733,3,0.8487316,0,3.1429204,1,0,NaN,NaN,NaN,NaN,NaN,1,PAV073
35,1,3,4,1,2,851,1,0.488571472,0.690059541,3,0.0795911,0,0.8467371,1,1,1,30,30,1,2,1,PAV073
36,1,3,29,3,2,1666,0,0.467227945,0.666751401,3,0.0037721,0,1.6620648,1,1,1,30,0,0,1,1,PAV073
37,1,2,37,3,2,5043,0,0.510292877,0.464292911,3,0.0848017,0,5.0403323,1,1,0,30,10,1,1,1,PAV073
38,1,2,42,0,1,1755,1,0.381842843,0.515229158,3,1.4902672,0,1.75234,1,0,NaN,NaN,NaN,NaN,NaN,1,PAV073
39,1,2,45,0,1,4847,1,0.349028334,0.71819222,3,0.8033346,0,4.8452435,1,0,NaN,NaN,NaN,NaN,NaN,1,PAV073
40,1,3,9,1,2,693,1,0.450834689,0.471898763,2,2.7986089,3,0.6906909,1,1,0,30,10,1,3,1,PAV073
41,1,2,52,0,2,5679,0,0.644645865,0.522157752,2,6.1198187,1,5.6757798,0,0,NaN,NaN,NaN,NaN,NaN,0,PAV073
42,1,3,1,1,0,NaN,0,0.341840463,0.343044563,NaN,NaN,NaN,NaN,0,1,0,30,10,1,2,0,PAV073
43,1,3,37,3,2,1181,0,0.713027905,0.435662922,5,1.9835476,2,1.1776902,1,1,0,20,10,1,1,1,PAV073
44,1,3,39,0,2,1560,0,0.310908804,0.652461405,5,1.5778782,2,1.5580628,0,0,NaN,NaN,NaN,NaN,NaN,0,PAV073
45,1,1,51,0,2,1297,0,0.570269518,0.335026049,4,1.4008791,1,1.295,0,0,NaN,NaN,NaN,NaN,NaN,0,PAV073
46,1,3,27,3,2,1776,0,0.46093916,0.594269804,3,0.6822513,0,1.7723505,1,1,1,25,0,0,1,1,PAV073
47,1,1,2,1,2,1339,1,0.647892623,0.660856264,3,0.6531106,0,1.3372453,1,1,1,20,20,1,2,1,PAV073
48,1,3,30,3,1,1250,1,0.700371498,0.709129437,2,4.3420233,3,1.2474818,0,1,0,20,10,1,1,0,PAV073
49,1,2,5,1,1,2320,0,0.636467169,0.448186272,2,1.5155073,1,2.3180325,0,1,0,25,10,1,2,0,PAV073
50,1,1,45,0,1,3315,1,0.424474238,0.638652233,2,3.2568816,1,3.3115998,1,0,NaN,NaN,NaN,NaN,NaN,1,PAV073
51,1,1,32,3,2,2065,0,0.671869294,0.717881285,3,1.2919563,0,2.059483,1,1,0,30,10,1,1,1,PAV073
52,1,1,41,0,2,2710,0,0.428744665,0.253959873,4,1.4145058,1,2.708048,0,0,NaN,NaN,NaN,NaN,NaN,0,PAV073
53,1,2,1,1,2,1442,1,0.589335452,0.307707941,5,2.2809693,2,1.4407292,1,1,0,30,0,0,2,1,PAV073
54,1,2,9,1,2,1432,1,0.327941608,0.459326765,3,0.5826546,0,1.4296955,1,1,1,25,25,1,3,1,PAV073
55,1,1,12,1,2,1666,1,0.598568989,0.443735938,4,1.3568184,1,1.6644315,1,1,0,25,10,1,4,1,PAV073
56,1,1,31,3,1,4452,1,0.480978751,0.478771951,3,2.7096922,2,4.4502993,0,1,0,20,10,1,1,0,PAV073
57,1,1,11,1,2,2367,1,0.565597382,0.274501411,3,1.4095234,0,2.3629723,1,1,1,20,20,1,4,1,PAV073
58,1,1,56,0,1,2600,1,0.578172953,0.524020906,2,2.3502317,1,2.5986602,1,0,NaN,NaN,NaN,NaN,NaN,1,PAV073
59,1,2,56,0,2,1385,0,0.565203016,0.323635011,4,1.4148623,1,1.3813613,0,0,NaN,NaN,NaN,NaN,NaN,0,PAV073
60,1,3,36,3,2,1143,0,0.472601988,0.344061293,4,2.4500116,1,1.1407987,1,1,0,25,10,1,1,1,PAV073
61,1,1,33,3,2,1383,0,0.29429117,0.520930887,4,2.2862913,3,1.3814561,1,1,1,20,0,0,1,1,PAV073
62,1,3,41,0,2,851,0,0.598856458,0.469712024,5,1.7583111,2,0.8458414,0,0,NaN,NaN,NaN,NaN,NaN,0,PAV073
63,1,2,3,1,2,1839,1,0.367957575,0.457321675,3,1.3217469,0,1.8358099,1,1,0,25,10,1,2,1,PAV073
64,1,3,44,0,2,4097,0,0.418177934,0.663004909,4,2.3711771,1,4.0950179,0,0,NaN,NaN,NaN,NaN,NaN,0,PAV073
65,1,2,39,0,1,4320,1,0.632604267,0.60008969,2,1.8393113,1,4.3181773,1,0,NaN,NaN,NaN,NaN,NaN,1,PAV073
66,1,1,53,0,1,1830,1,0.263970878,0.28338406,2,1.7288274,1,1.8267971,1,0,NaN,NaN,NaN,NaN,NaN,1,PAV073
67,1,2,30,3,2,1003,0,0.254880873,0.316647637,4,1.2159923,1,1.0008359,1,1,1,20,0,0,1,1,PAV073
68,1,3,6,1,2,1508,1,0.706731705,0.410613985,4,3.1235421,3,1.5061063,1,1,1,20,20,1,3,1,PAV073
69,1,1,5,1,2,887,1,0.743480954,0.585468872,5,2.4826298,2,0.884266,1,1,1,20,20,1,2,1,PAV073
70,1,3,11,1,2,1422,1,0.319351179,0.383385053,4,1.1225315,1,1.4201729,1,1,1,25,25,1,4,1,PAV073
71,1,1,30,3,2,1532,0,0.69170651,0.705943168,4,1.8148581,1,1.5302495,1,1,1,25,0,0,1,1,PAV073
72,1,1,27,3,1,2604,1,0.442538635,0.393083704,2,1.5976535,1,2.601835,0,1,0,20,10,1,1,0,PAV073
73,1,1,48,0,1,3852,1,0.477283336,0.4538111,3,0.9192398,0,3.8499012,1,0,NaN,NaN,NaN,NaN,NaN,1,PAV073
74,1,1,42,0,2,1781,0,0.467781943,0.575752867,4,2.8114978,1,1.7780089,0,0,NaN,NaN,NaN,NaN,NaN,0,PAV073
75,1,3,34,3,2,1423,0,0.267881649,0.526573178,5,1.6537339,2,1.4196507,1,1,0,25,10,1,1,1,PAV073
1,2,3,13,1,2,1921,1,0.672350223,0.360692132,5,2.7745553,2,1.9030393,1,1,1,30,30,1,4,1,PAV073
2,2,3,38,3,2,812,0,0.615287749,0.272168491,5,1.5367293,2,0.8099095,1,1,0,30,10,1,1,1,PAV073
3,2,3,31,3,2,2874,0,0.322260553,0.266633713,4,1.7951195,1,2.8721465,1,1,0,25,10,1,1,1,PAV073
4,2,2,34,3,2,2268,0,0.665600994,0.521963539,4,2.4977767,1,2.2629244,1,1,1,30,0,0,1,1,PAV073
5,2,3,33,3,2,1776,0,0.391795148,0.358394271,4,3.0510284,1,1.7742475,1,1,1,30,0,0,1,1,PAV073
6,2,1,38,3,2,6201,0,0.542276352,0.62978532,3,0.3320025,0,6.197402,1,1,0,30,10,1,1,1,PAV073
7,2,2,47,0,1,2581,1,0.26732861,0.283450838,3,1.8854773,0,2.5781778,1,0,NaN,NaN,NaN,NaN,NaN,1,PAV073
8,2,2,35,3,1,6112,1,0.565221189,0.381262172,2,1.7878347,1,6.1092876,0,1,0,30,10,1,1,0,PAV073
9,2,2,17,1,2,2833,1,0.375584237,0.274228213,4,2.140004,1,2.8314392,1,1,7,10,10,1,15,1,PAV073
10,2,1,13,1,2,1232,1,0.516859812,0.39336643,4,1.1089877,1,1.2301358,1,1,1,20,20,1,4,1,PAV073
11,2,2,38,3,2,1136,0,0.691320346,0.646424743,3,3.5339492,0,1.1314803,1,1,0,30,10,1,1,1,PAV073
12,2,2,10,1,1,3392,0,0.578314225,0.626531887,2,1.8094375,1,3.3893561,0,1,0,25,10,1,3,0,PAV073
13,2,3,16,1,1,1974,0,0.302135613,0.433799001,1,1.785922,2,1.9721525,0,1,6,10,10,1,15,0,PAV073
14,2,2,55,0,2,3616,0,0.674934458,0.591160458,3,1.3091734,0,3.6130332,0,0,NaN,NaN,NaN,NaN,NaN,0,PAV073
15,2,2,13,1,2,1317,1,0.514232946,0.522190398,4,1.3792988,1,1.3150291,1,1,1,30,30,1,4,1,PAV073
16,2,1,52,0,1,2644,1,0.369004364,0.689621566,3,2.372556,0,2.6418905,1,0,NaN,NaN,NaN,NaN,NaN,1,PAV073
17,2,1,49,0,2,1574,0,0.350995459,0.699876096,4,3.9369183,1,1.5710299,0,0,NaN,NaN,NaN,NaN,NaN,0,PAV073
18,2,2,51,0,2,2009,0,0.603454763,0.319097356,3,1.0225165,0,2.0074789,0,0,NaN,NaN,NaN,NaN,NaN,0,PAV073
19,2,3,50,0,2,3236,0,0.457779027,0.635495205,2,2.0813431,1,3.2340781,0,0,NaN,NaN,NaN,NaN,NaN,0,PAV073
20,2,3,42,0,1,1677,1,0.437125337,0.444067284,2,4.2567318,1,1.6748077,1,0,NaN,NaN,NaN,NaN,NaN,1,PAV073
21,2,2,33,3,1,1527,1,0.367263262,0.386824092,3,2.2900326,0,1.5248483,0,1,0,20,10,1,1,0,PAV073
22,2,2,41,0,2,3569,0,0.287175312,0.395644053,4,1.715391,1,3.5669879,0,0,NaN,NaN,NaN,NaN,NaN,0,PAV073
23,2,1,28,3,2,2688,0,0.253621789,0.383592465,3,0.9295925,0,2.6860259,1,1,0,25,10,1,1,1,PAV073
24,2,3,46,0,1,3092,1,0.628650459,0.397919122,2,1.9803847,1,3.090396,1,0,NaN,NaN,NaN,NaN,NaN,1,PAV073
25,2,2,29,3,2,2514,0,0.659509539,0.580447125,3,1.506128,0,2.51102,1,1,0,25,10,1,1,1,PAV073
26,2,1,7,1,2,3457,1,0.5899627,0.267710002,3,3.5930387,0,3.4529352,1,1,1,30,30,1,3,1,PAV073
27,2,2,2,1,2,1619,1,0.568406718,0.523195851,3,1.2301409,0,1.6102045,1,1,1,25,25,1,2,1,PAV073
28,2,3,40,0,2,1561,0,0.489627098,0.507035292,5,1.1780831,2,1.5595602,0,0,NaN,NaN,NaN,NaN,NaN,0,PAV073
29,2,3,66,0,1,3374,1,0.449659831,0.424811985,1,2.1376439,2,3.3722364,1,0,NaN,NaN,NaN,NaN,NaN,1,PAV073
30,2,3,54,0,1,4507,1,0.291841119,0.386083681,4,1.7176496,1,4.5050609,1,0,NaN,NaN,NaN,NaN,NaN,1,PAV073
31,2,3,26,3,2,1381,0,0.261843866,0.628017618,5,2.4231201,2,1.3792318,1,1,1,25,0,0,1,1,PAV073
32,2,2,32,3,2,1648,0,0.638744685,0.552288534,4,2.1431922,1,1.6460708,1,1,0,20,10,1,1,1,PAV073
33,2,1,14,1,2,2242,1,0.441522681,0.32281238,4,1.7249938,1,2.2400565,1,1,0,20,10,1,4,1,PAV073
34,2,1,46,0,2,1329,0,0.308250428,0.463092856,3,1.0840894,0,1.3269935,0,0,NaN,NaN,NaN,NaN,NaN,0,PAV073
35,2,1,55,0,1,2769,1,0.692933741,0.741085964,3,3.532897,0,2.7646753,1,0,NaN,NaN,NaN,NaN,NaN,1,PAV073
36,2,1,15,1,2,1082,1,0.542190564,0.747945617,5,1.8025413,2,1.0785291,1,1,1,25,25,1,4,1,PAV073
37,2,3,48,0,2,2772,0,0.438770631,0.510134992,2,1.3842839,1,2.769951,0,0,NaN,NaN,NaN,NaN,NaN,0,PAV073
38,2,2,48,0,2,1089,0,0.698296559,0.554394802,4,2.4057193,1,1.0816998,0,0,NaN,NaN,NaN,NaN,NaN,0,PAV073
39,2,3,3,1,2,4931,1,0.253646126,0.42789083,2,1.418007,1,4.9250355,1,1,0,30,10,1,2,1,PAV073
40,2,2,14,1,2,2309,1,0.541509329,0.398514981,3,0.6315055,0,2.3065508,1,1,1,25,25,1,4,1,PAV073
41,2,1,54,0,2,1637,0,0.528706946,0.501976359,3,1.5319431,0,1.6335564,0,0,NaN,NaN,NaN,NaN,NaN,0,PAV073
42,2,3,25,3,1,5497,1,0.433326152,0.446692658,2,1.7409354,1,5.4944006,0,1,0,20,10,1,1,0,PAV073
43,2,1,24,3,2,2027,0,0.599802102,0.55609986,2,1.9010691,1,2.0217101,1,1,1,25,0,0,1,1,PAV073
44,2,1,50,0,1,3852,1,0.429823383,0.536226983,1,1.3568204,2,3.8479798,1,0,NaN,NaN,NaN,NaN,NaN,1,PAV073
45,2,3,35,3,2,1067,0,0.602907758,0.600819188,3,1.9265854,0,1.0639521,1,1,1,20,0,0,1,1,PAV073
46,2,1,4,1,1,2164,0,0.593103176,0.368015898,2,2.3975473,1,2.1606918,0,1,1,25,25,1,2,0,PAV073
47,2,2,16,1,2,2762,1,0.485285574,0.528018906,4,2.0567885,1,2.7596917,1,1,8,10,10,1,15,1,PAV073
48,2,2,4,1,2,5716,1,0.592072689,0.419712274,1,1.6590146,2,5.7139018,1,1,1,20,20,1,2,1,PAV073
49,2,3,12,1,2,1178,1,0.58481126,0.601532341,5,2.5353819,2,1.1761912,1,1,1,30,30,1,4,1,PAV073
50,2,1,34,3,2,1487,0,0.706395884,0.394073125,3,1.0612643,0,1.4849501,1,1,1,25,0,0,1,1,PAV073
51,2,1,17,1,2,1813,1,0.420506151,0.277937779,4,1.4736931,1,1.81093,1,1,4,10,10,1,15,1,PAV073
52,2,3,18,1,2,2752,1,0.568116503,0.600196136,5,2.1100318,2,2.7503425,1,1,5,10,10,1,15,1,PAV073
53,2,2,40,0,2,1493,0,0.667008762,0.285411447,3,0.6901547,0,1.4910485,0,0,NaN,NaN,NaN,NaN,NaN,0,PAV073
54,2,1,26,3,2,2386,0,0.623255336,0.506857723,5,1.8952531,2,2.3836253,1,1,1,20,0,0,1,1,PAV073
55,2,2,50,0,2,5769,0,0.630753034,0.496506275,3,1.0829873,0,5.7662356,0,0,NaN,NaN,NaN,NaN,NaN,0,PAV073
56,2,3,28,3,2,1478,0,0.628759897,0.654359261,5,1.7554881,2,1.4757839,1,1,0,20,10,1,1,1,PAV073
57,2,2,15,1,2,4171,1,0.259850009,0.640159241,3,1.0788621,0,4.1687847,1,1,1,30,30,1,4,1,PAV073
58,2,1,1,1,1,2366,0,0.554885061,0.37650039,2,1.2942604,1,2.363751,0,1,0,30,10,1,2,0,PAV073
59,2,1,29,3,1,3247,1,0.390178011,0.692632524,2,2.1151485,1,3.2444951,0,1,0,30,10,1,1,0,PAV073
60,2,1,36,3,2,938,0,0.694292224,0.583954796,5,2.4813737,2,0.9347681,1,1,0,30,10,1,1,1,PAV073
61,2,1,43,0,1,2424,1,0.688832494,0.278709235,2,0.9143064,1,2.4220056,1,0,NaN,NaN,NaN,NaN,NaN,1,PAV073
62,2,3,17,1,2,1569,1,0.513422592,0.408978059,5,3.0525308,2,1.561211,1,1,2,10,10,1,15,1,PAV073
63,2,2,46,0,2,2478,0,0.605471843,0.670185823,1,2.1630903,2,2.4763702,0,0,NaN,NaN,NaN,NaN,NaN,0,PAV073
64,2,1,3,1,2,3698,1,0.566094998,0.378339856,3,0.6345992,0,3.6961782,1,1,0,25,10,1,2,1,PAV073
65,2,1,16,1,2,4053,1,0.726208039,0.542008918,4,1.4441108,1,4.0488646,1,1,7,10,10,1,15,1,PAV073
66,2,3,5,1,2,1331,1,0.703244464,0.615816371,4,1.1371388,1,1.3292812,1,1,1,20,20,1,2,1,PAV073
67,2,1,25,3,2,3236,0,0.499954398,0.274187311,4,2.4637938,1,3.2346013,1,1,1,25,0,0,1,1,PAV073
68,2,2,25,3,1,4556,1,0.404044403,0.289572455,2,0.9302157,1,4.5542051,0,1,0,20,10,1,1,0,PAV073
69,2,3,32,3,2,2875,0,0.559819261,0.601345455,4,1.5562543,1,2.8726897,1,1,0,30,10,1,1,1,PAV073
70,2,1,39,0,2,988,0,0.490487578,0.638713993,5,1.2500608,2,0.9811714,0,0,NaN,NaN,NaN,NaN,NaN,0,PAV073
71,2,2,6,1,2,1550,1,0.328873308,0.539079134,4,1.4468117,1,1.5449008,1,1,0,20,10,1,3,1,PAV073
72,2,3,56,0,2,1991,0,0.286808502,0.551184367,3,1.246897,0,1.9863353,0,0,NaN,NaN,NaN,NaN,NaN,0,PAV073
73,2,3,7,1,2,1701,1,0.480898404,0.538935049,5,1.9858533,2,1.698621,1,1,1,30,30,1,3,1,PAV073
74,2,2,43,0,2,2893,0,0.279762943,0.418525713,3,0.7325142,0,2.8881291,0,0,NaN,NaN,NaN,NaN,NaN,0,PAV073
75,2,3,14,1,2,1250,1,0.560444574,0.562767907,4,1.6088724,1,1.2484386,1,1,1,25,25,1,4,1,PAV073
76,2,2,27,3,2,1244,0,0.465615511,0.280333669,5,1.669638,2,1.2415401,1,1,0,20,10,1,1,1,PAV073
77,2,3,49,0,1,2769,1,0.682524187,0.448710153,2,1.1019952,1,2.7664171,1,0,NaN,NaN,NaN,NaN,NaN,1,PAV073
78,2,1,44,0,2,1009,0,0.548034076,0.268920181,3,0.7379938,0,1.0066802,0,0,NaN,NaN,NaN,NaN,NaN,0,PAV073
1,1,3,38,3,2,1809,0,0.698255682,0.530375874,5,3.1564054,2,1.8085208,1,1,0,25,10,1,1,1,PAV075
2,1,2,30,3,2,1746,0,0.413613507,0.502937512,5,1.6558535,2,1.742238,1,1,0,20,10,1,1,1,PAV075
3,1,3,5,1,1,4665,0,0.586409892,0.482403275,2,2.6819956,1,4.6647276,0,1,0,30,10,1,2,0,PAV075
4,1,2,41,0,2,3923,0,0.681835464,0.680082622,4,1.1911235,1,3.9227785,0,0,NaN,NaN,NaN,NaN,NaN,0,PAV075
5,1,2,15,1,2,1297,1,0.498984301,0.643238017,5,1.2564346,2,1.2938401,1,1,0,20,10,1,4,1,PAV075
6,1,1,5,1,2,2847,1,0.376860334,0.330218958,4,2.0383122,1,2.8465818,1,1,0,20,10,1,2,1,PAV075
7,1,3,45,0,2,1183,0,0.267130661,0.71335211,5,1.7429642,2,1.1824916,0,0,NaN,NaN,NaN,NaN,NaN,0,PAV075
8,1,2,18,1,2,1095,1,0.314618895,0.648900021,5,2.864822,2,1.0951812,1,1,10,10,10,1,15,1,PAV075
9,1,1,33,3,1,2463,1,0.73799111,0.419235105,3,0.0811665,0,2.4625722,0,1,0,30,10,1,1,0,PAV075
10,1,3,26,3,2,2425,0,0.478690057,0.291170285,5,2.540825,2,2.4212622,1,1,0,25,10,1,1,1,PAV075
11,1,2,2,1,2,2181,1,0.480910432,0.703514969,5,1.526398,2,2.1801179,1,1,0,30,10,1,2,1,PAV075
12,1,2,42,0,1,1715,1,0.516418827,0.360582007,5,4.6664593,6,1.7133487,1,0,NaN,NaN,NaN,NaN,NaN,1,PAV075
13,1,3,29,3,2,3929,0,0.740537217,0.548671614,5,1.5582086,2,3.9289149,1,1,0,20,10,1,1,1,PAV075
14,1,2,44,0,1,1323,1,0.589109634,0.412828496,3,0.0929317,0,1.3228959,1,0,NaN,NaN,NaN,NaN,NaN,1,PAV075
15,1,2,51,0,0,NaN,0,0.52177166,0.659806289,NaN,NaN,NaN,NaN,0,0,NaN,NaN,NaN,NaN,NaN,0,PAV075
16,1,1,34,3,2,1539,0,0.335808635,0.39363954,5,1.7587915,2,1.5386212,1,1,0,25,10,1,1,1,PAV075
17,1,3,44,0,1,1224,1,0.493176355,0.25478289,5,2.8229031,2,1.2237202,1,0,NaN,NaN,NaN,NaN,NaN,1,PAV075
18,1,3,51,0,1,1484,1,0.65729801,0.379515573,5,1.5324367,2,1.4841763,1,0,NaN,NaN,NaN,NaN,NaN,1,PAV075
19,1,3,30,3,2,2613,0,0.327290289,0.494365559,1,5.0336854,6,2.6060911,1,1,0,20,10,1,1,1,PAV075
20,1,3,15,1,2,1334,1,0.42949651,0.534227598,3,0.0734694,0,1.3337497,1,1,1,25,25,1,4,1,PAV075
21,1,1,12,1,2,1027,1,0.503572524,0.521066642,5,1.5198393,2,1.0186898,1,1,1,30,30,1,4,1,PAV075
22,1,3,3,1,2,1197,1,0.514668009,0.596506508,5,5.0926003,2,1.1963505,1,1,0,25,10,1,2,1,PAV075
23,1,2,40,0,1,1311,1,0.25865975,0.582206356,5,1.8502131,2,1.3098491,1,0,NaN,NaN,NaN,NaN,NaN,1,PAV075
24,1,2,46,0,2,1954,0,0.269636993,0.271129495,1,2.1062104,2,1.9533891,0,0,NaN,NaN,NaN,NaN,NaN,0,PAV075
25,1,2,32,3,1,1912,1,0.482956664,0.314394723,1,1.3498073,2,1.9113944,0,1,0,25,10,1,1,0,PAV075
26,1,2,55,0,1,981,1,0.365503495,0.327391414,5,3.7757058,6,0.9808657,1,0,NaN,NaN,NaN,NaN,NaN,1,PAV075
27,1,2,29,3,1,1404,1,0.665316948,0.672952148,3,0.1347278,0,1.4035585,0,1,0,20,10,1,1,0,PAV075
28,1,3,17,1,2,1109,1,0.332589474,0.416732247,5,1.4600348,2,1.1083167,1,1,5,10,10,1,15,1,PAV075
29,1,3,18,1,2,1549,1,0.607200343,0.587352567,5,1.5656449,2,1.5485915,1,1,8,10,10,1,15,1,PAV075
30,1,1,13,1,2,1528,1,0.384775828,0.643276477,5,2.0981167,2,1.5273679,1,1,0,30,10,1,4,1,PAV075
31,1,2,31,3,2,986,0,0.643796349,0.475443777,3,0.0375679,0,0.9853217,1,1,0,30,10,1,1,1,PAV075
32,1,3,33,3,2,1051,0,0.382966387,0.547438612,5,1.5237081,2,1.0490854,1,1,0,30,10,1,1,1,PAV075
33,1,2,10,1,2,2779,1,0.609033065,0.558435504,4,3.0583013,3,2.7762072,1,1,0,30,10,1,3,1,PAV075
34,1,3,47,0,1,1379,1,0.620362444,0.602664689,5,4.8324247,6,1.378744,1,0,NaN,NaN,NaN,NaN,NaN,1,PAV075
35,1,2,8,1,2,2575,1,0.459863551,0.548966353,3,1.8509465,0,2.5592833,1,1,1,25,25,1,3,1,PAV075
36,1,1,29,3,1,1034,1,0.477076718,0.673983047,5,2.8487454,4,1.0340422,0,1,0,20,10,1,1,0,PAV075
37,1,1,36,3,1,1792,1,0.575870068,0.632537197,5,2.1526007,2,1.7913324,0,1,0,30,10,1,1,0,PAV075
38,1,1,53,0,1,1902,1,0.566732419,0.546558888,5,3.7057179,2,1.9009865,1,0,NaN,NaN,NaN,NaN,NaN,1,PAV075
39,1,1,46,0,1,1156,1,0.558746955,0.663080538,5,1.5364116,2,1.1534778,1,0,NaN,NaN,NaN,NaN,NaN,1,PAV075
40,1,3,24,3,1,1445,1,0.578101222,0.545628757,5,1.7279124,2,1.4443229,0,1,0,30,10,1,1,0,PAV075
41,1,2,28,3,1,1608,1,0.401877224,0.289051124,5,2.1268651,2,1.6075287,0,1,0,20,10,1,1,0,PAV075
42,1,2,24,3,1,1852,1,0.386674397,0.314421915,5,1.6765552,2,1.8512377,0,1,0,20,10,1,1,0,PAV075
43,1,3,56,0,2,5065,0,0.250570954,0.718319417,3,1.4526943,0,5.0613826,0,0,NaN,NaN,NaN,NaN,NaN,0,PAV075
44,1,2,26,3,1,1258,1,0.652311457,0.314371999,5,1.8776269,2,1.2569818,0,1,0,30,10,1,1,0,PAV075
45,1,3,66,0,2,5284,0,0.422857882,0.407704694,3,1.0797183,0,5.2836123,0,0,NaN,NaN,NaN,NaN,NaN,0,PAV075
46,1,3,9,1,1,1347,0,0.396640811,0.449207529,5,2.3537276,2,1.3390397,0,1,0,25,10,1,3,0,PAV075
47,1,1,39,0,1,1538,1,0.502246589,0.561198308,5,2.5589298,2,1.5370414,1,0,NaN,NaN,NaN,NaN,NaN,1,PAV075
48,1,1,1,1,2,3976,1,0.272554548,0.261051907,3,1.6249145,2,3.973411,1,1,0,25,10,1,2,1,PAV075
49,1,1,52,0,1,965,1,0.598551786,0.554089037,5,2.0899426,2,0.9645645,1,0,NaN,NaN,NaN,NaN,NaN,1,PAV075
50,1,3,1,1,2,1180,1,0.36270976,0.641362294,5,1.7060585,2,1.1801339,1,1,0,25,10,1,2,1,PAV075
51,1,1,11,1,2,1316,1,0.301323594,0.714784197,5,1.5610095,2,1.3159317,1,1,0,25,10,1,4,1,PAV075
52,1,2,52,0,1,1067,1,0.558406806,0.368789579,5,3.1132809,2,1.0669917,1,0,NaN,NaN,NaN,NaN,NaN,1,PAV075
53,1,1,31,3,2,2335,0,0.346155369,0.416442024,5,1.6221686,2,2.3345968,1,1,0,30,10,1,1,1,PAV075
54,1,1,16,1,2,1164,1,0.356324177,0.480622622,5,1.2773196,2,1.1639986,1,1,10,10,10,1,15,1,PAV075
55,1,1,17,1,2,762,1,0.524049204,0.747732809,5,1.3778223,2,0.7585863,1,1,5,10,10,1,15,1,PAV075
56,1,3,46,0,2,1294,0,0.436035494,0.433829832,5,1.1875053,2,1.2932858,0,0,NaN,NaN,NaN,NaN,NaN,0,PAV075
57,1,2,48,0,2,1132,0,0.63451545,0.580337413,5,0.9925506,2,1.1313804,0,0,NaN,NaN,NaN,NaN,NaN,0,PAV075
58,1,1,55,0,1,1222,1,0.710914521,0.33100469,5,2.286693,4,1.2207058,1,0,NaN,NaN,NaN,NaN,NaN,1,PAV075
59,1,2,6,1,2,1075,1,0.518647746,0.709271161,5,1.5282971,2,1.0742597,1,1,0,30,10,1,3,1,PAV075
60,1,3,32,3,1,1133,1,0.565908146,0.665701555,5,1.7296684,2,1.1328963,0,1,0,25,10,1,1,0,PAV075
61,1,1,24,3,2,3406,0,0.500980497,0.354091326,4,1.6081791,1,3.4058822,1,1,0,25,10,1,1,1,PAV075
62,1,3,42,0,1,1034,1,0.306624223,0.749535835,5,1.6324389,2,1.0333417,1,0,NaN,NaN,NaN,NaN,NaN,1,PAV075
63,1,1,48,0,0,NaN,0,0.459552662,0.538098626,NaN,NaN,NaN,NaN,0,0,NaN,NaN,NaN,NaN,NaN,0,PAV075
64,1,2,13,1,2,1218,1,0.537539088,0.370873403,5,3.6538389,2,1.2179654,1,1,1,20,20,1,4,1,PAV075
65,1,1,43,0,1,2246,1,0.301047938,0.284627906,1,2.9251346,2,2.2424595,1,0,NaN,NaN,NaN,NaN,NaN,1,PAV075
66,1,1,8,1,2,1135,1,0.604689352,0.587314862,5,2.2117782,2,1.1351245,1,1,1,20,20,1,3,1,PAV075
67,1,3,8,1,2,1352,1,0.619126333,0.631686498,5,1.4153682,2,1.3517915,1,1,0,25,10,1,3,1,PAV075
68,1,2,17,1,2,2242,1,0.477164246,0.508771756,4,1.2815523,1,2.2393703,1,1,8,10,10,1,15,1,PAV075
69,1,3,55,0,1,1184,1,0.708568593,0.556201265,5,2.2022376,2,1.1841381,1,0,NaN,NaN,NaN,NaN,NaN,1,PAV075
70,1,1,42,0,2,2839,0,0.311353166,0.537275143,3,1.5937498,0,2.8384322,0,0,NaN,NaN,NaN,NaN,NaN,0,PAV075
71,1,1,51,0,1,1011,1,0.331377326,0.641256583,5,1.3364578,2,1.010715,1,0,NaN,NaN,NaN,NaN,NaN,1,PAV075
72,1,3,7,1,2,1047,1,0.56461819,0.332214379,5,1.4774453,2,1.0469657,1,1,0,20,10,1,3,1,PAV075
73,1,2,3,1,2,1579,1,0.626980719,0.705360381,4,1.0536203,1,1.5785323,1,1,0,25,10,1,2,1,PAV075
74,1,1,15,1,2,3925,1,0.578743402,0.566369656,4,1.7046551,1,3.9249217,1,1,1,25,25,1,4,1,PAV075
75,1,1,32,3,1,1381,1,0.679749026,0.520936804,5,1.8319242,2,1.3802002,0,1,0,20,10,1,1,0,PAV075
1,2,3,28,3,2,2112,0,0.312656251,0.416366851,5,1.8693405,2,2.1102045,1,1,0,30,10,1,1,1,PAV075
2,2,1,40,0,2,2457,0,0.557082791,0.607482827,4,2.3258269,1,2.4563681,0,0,NaN,NaN,NaN,NaN,NaN,0,PAV075
3,2,2,37,3,2,1437,0,0.534297511,0.702177157,5,1.8766274,2,1.437094,1,1,0,25,10,1,1,1,PAV075
4,2,1,25,3,1,1646,1,0.28197211,0.359788947,5,2.7576214,4,1.645363,0,1,0,20,10,1,1,0,PAV075
5,2,2,5,1,2,4410,1,0.535438773,0.496015326,3,0.167234,0,4.4096763,1,1,0,20,10,1,2,1,PAV075
6,2,1,50,0,1,1491,1,0.71896153,0.482707161,5,2.3203663,4,1.4907623,1,0,NaN,NaN,NaN,NaN,NaN,1,PAV075
7,2,3,40,0,1,1260,1,0.565509737,0.283563747,5,2.2008545,2,1.2597649,1,0,NaN,NaN,NaN,NaN,NaN,1,PAV075
8,2,2,49,0,2,2927,0,0.628805035,0.629487105,4,2.6264717,1,2.9269236,0,0,NaN,NaN,NaN,NaN,NaN,0,PAV075
9,2,1,10,1,2,1363,1,0.46667328,0.471215913,5,1.4698522,2,1.3630348,1,1,0,30,10,1,3,1,PAV075
10,2,2,39,0,1,1140,1,0.508485847,0.650461096,1,1.4703663,2,1.1392394,1,0,NaN,NaN,NaN,NaN,NaN,1,PAV075
11,2,2,45,0,2,3021,0,0.48029111,0.411859774,4,2.3728057,1,3.0206797,0,0,NaN,NaN,NaN,NaN,NaN,0,PAV075
12,2,3,35,3,2,831,0,0.667321661,0.367565749,5,1.3796912,2,0.8303139,1,1,1,25,0,0,1,1,PAV075
13,2,2,1,1,1,1336,0,0.529233898,0.253419427,5,1.7434983,2,1.3357517,0,1,0,30,10,1,2,0,PAV075
14,2,3,12,1,2,1122,1,0.640017972,0.525683629,5,1.4377149,2,1.121618,1,1,1,20,20,1,4,1,PAV075
15,2,3,4,1,1,1055,0,0.541959734,0.683054584,5,1.6382933,2,1.0541998,0,1,0,20,10,1,2,0,PAV075
16,2,2,38,3,2,2942,0,0.250468429,0.700633873,3,2.4725954,0,2.9411841,1,1,0,30,10,1,1,1,PAV075
17,2,3,16,1,2,1169,1,0.493065135,0.370709924,5,2.3868773,2,1.1684675,1,1,9,10,10,1,15,1,PAV075
18,2,2,14,1,2,3467,1,0.396551777,0.724745391,4,1.8539162,1,3.4671889,1,1,0,30,10,1,4,1,PAV075
19,2,1,49,0,1,1008,1,0.281962379,0.625779056,5,1.9896427,2,1.0069786,1,0,NaN,NaN,NaN,NaN,NaN,1,PAV075
20,2,3,31,3,1,3344,1,0.749770707,0.641313049,5,2.1816352,2,3.3438779,0,1,0,25,10,1,1,0,PAV075
21,2,2,7,1,2,3298,1,0.259082385,0.449660849,4,2.6638366,1,3.2977472,1,1,0,20,10,1,3,1,PAV075
22,2,2,25,3,1,1204,1,0.37226548,0.598273535,5,2.5649092,2,1.203591,0,1,0,25,10,1,1,0,PAV075
23,2,1,4,1,2,1682,1,0.348065999,0.275222569,5,1.8278102,2,1.6820309,1,1,1,30,30,1,2,1,PAV075
24,2,2,53,0,1,3813,1,0.606277276,0.318229032,3,1.4338128,0,3.8128401,1,0,NaN,NaN,NaN,NaN,NaN,1,PAV075
25,2,2,50,0,2,871,0,0.381370514,0.743727377,5,1.3638205,2,0.8700404,0,0,NaN,NaN,NaN,NaN,NaN,0,PAV075
26,2,3,14,1,2,1369,1,0.589665074,0.361670216,5,1.5809118,2,1.3683796,1,1,1,20,20,1,4,1,PAV075
27,2,1,30,3,2,3090,0,0.355407949,0.266584207,4,1.4025492,1,3.0897323,1,1,0,25,10,1,1,1,PAV075
28,2,2,36,3,1,2027,1,0.334048122,0.54252317,4,3.056008,5,2.0264492,0,1,0,20,10,1,1,0,PAV075
29,2,1,3,1,1,1700,0,0.552769306,0.326326527,5,2.8180725,2,1.7000075,0,1,0,25,10,1,2,0,PAV075
30,2,3,36,3,1,5507,1,0.534181597,0.269546125,4,1.6158163,1,5.5065677,0,1,0,20,10,1,1,0,PAV075
31,2,1,44,0,1,2131,1,0.588290836,0.60783306,5,1.8168333,2,2.1304295,1,0,NaN,NaN,NaN,NaN,NaN,1,PAV075
32,2,3,49,0,2,1995,0,0.587903026,0.698708439,1,1.6731639,2,1.9949529,0,0,NaN,NaN,NaN,NaN,NaN,0,PAV075
33,2,3,53,0,2,1567,0,0.376845633,0.639648026,5,1.2051236,2,1.5669524,0,0,NaN,NaN,NaN,NaN,NaN,0,PAV075
34,2,2,4,1,2,2608,1,0.502349485,0.683029053,4,1.4821509,1,2.607366,1,1,1,20,20,1,2,1,PAV075
35,2,3,41,0,2,1744,0,0.694462793,0.279450236,4,1.7554327,1,1.7433281,0,0,NaN,NaN,NaN,NaN,NaN,0,PAV075
36,2,1,47,0,1,1090,1,0.706763463,0.251172998,5,1.6859601,2,1.0892694,1,0,NaN,NaN,NaN,NaN,NaN,1,PAV075
37,2,1,35,3,2,1186,0,0.673873578,0.5100152,5,1.9102908,2,1.1853822,1,1,1,20,0,0,1,1,PAV075
38,2,2,11,1,2,1304,1,0.634941936,0.334900667,5,1.8027922,2,1.3040366,1,1,1,20,20,1,4,1,PAV075
39,2,3,13,1,2,1162,1,0.581666562,0.343722025,5,0.9642152,2,1.1622702,1,1,1,25,25,1,4,1,PAV075
40,2,3,11,1,2,1320,1,0.59481528,0.69769135,3,2.3049798,0,1.3193037,1,1,1,30,30,1,4,1,PAV075
41,2,1,56,0,1,1080,1,0.736542693,0.439503671,5,2.5396425,2,1.0801829,1,0,NaN,NaN,NaN,NaN,NaN,1,PAV075
42,2,1,41,0,1,2743,1,0.598610593,0.71206515,3,1.5984997,0,2.7430569,1,0,NaN,NaN,NaN,NaN,NaN,1,PAV075
43,2,2,47,0,1,2215,1,0.631146978,0.357862325,5,1.5384324,2,2.2146796,1,0,NaN,NaN,NaN,NaN,NaN,1,PAV075
44,2,2,35,3,2,1508,0,0.375410068,0.258390433,4,1.5356453,1,1.5074352,1,1,0,25,10,1,1,1,PAV075
45,2,3,2,1,1,2780,0,0.718303806,0.59878383,5,2.0760615,2,2.7798458,0,1,1,20,20,1,2,0,PAV075
46,2,3,6,1,2,5107,1,0.565986501,0.317799615,3,3.1236292,0,5.1068978,1,1,0,30,10,1,3,1,PAV075
47,2,1,7,1,2,2077,1,0.274700064,0.394214711,4,2.1179269,1,2.0768544,1,1,0,25,10,1,3,1,PAV075
48,2,1,18,1,2,941,1,0.468020778,0.37167795,5,1.6920907,2,0.9405335,1,1,8,10,10,1,15,1,PAV075
49,2,3,27,3,2,3961,0,0.446899883,0.647802758,3,1.9083351,0,3.9608899,1,1,0,30,10,1,1,1,PAV075
50,2,2,33,3,2,2754,0,0.325231755,0.31918185,4,3.5065174,1,2.7536165,1,1,0,30,10,1,1,1,PAV075
51,2,2,27,3,1,1020,1,0.475871615,0.725850433,5,2.0861114,2,1.019901,0,1,0,25,10,1,1,0,PAV075
52,2,3,48,0,2,3122,0,0.503047232,0.451599615,4,1.7866451,1,3.1217731,0,0,NaN,NaN,NaN,NaN,NaN,0,PAV075
53,2,2,56,0,2,3727,0,0.286513803,0.569439422,4,2.0526409,1,3.7267488,0,0,NaN,NaN,NaN,NaN,NaN,0,PAV075
54,2,2,54,0,1,1227,1,0.738423913,0.392802369,5,1.5419281,2,1.2264816,1,0,NaN,NaN,NaN,NaN,NaN,1,PAV075
55,2,1,6,1,2,1868,1,0.726874733,0.25607595,5,1.1122878,2,1.8672784,1,1,0,20,10,1,3,1,PAV075
56,2,3,25,3,1,2503,1,0.504752468,0.357614686,5,1.755245,2,2.5030877,0,1,0,20,10,1,1,0,PAV075
57,2,1,38,3,2,4969,0,0.432476472,0.256304784,4,2.9577662,3,4.968443,1,1,0,30,10,1,1,1,PAV075
58,2,1,28,3,2,1374,0,0.375444463,0.724828386,5,1.7092377,2,1.3738419,1,1,0,25,10,1,1,1,PAV075
59,2,2,43,0,1,3719,1,0.504516066,0.381991444,4,2.2133685,1,3.7182134,1,0,NaN,NaN,NaN,NaN,NaN,1,PAV075
60,2,1,37,3,1,2288,1,0.625788959,0.292223071,5,1.7348943,2,2.2874454,0,1,0,30,10,1,1,0,PAV075
61,2,3,37,3,1,2170,1,0.293152656,0.575687994,5,1.817925,2,2.1700443,0,1,0,30,10,1,1,0,PAV075
62,2,3,52,0,2,2347,0,0.619278317,0.266730126,4,1.4086031,1,2.3466484,0,0,NaN,NaN,NaN,NaN,NaN,0,PAV075
63,2,1,9,1,2,1612,1,0.449123585,0.577078166,4,1.5547165,1,1.6119226,1,1,1,30,30,1,3,1,PAV075
64,2,2,9,1,2,2499,1,0.646619732,0.715301167,5,2.1576927,2,2.4992888,1,1,0,25,10,1,3,1,PAV075
65,2,1,54,0,1,1125,1,0.518353901,0.447193236,5,2.1550489,2,1.1250843,1,0,NaN,NaN,NaN,NaN,NaN,1,PAV075
66,2,1,27,3,2,2238,0,0.701959165,0.492748843,4,0.9583604,1,2.2373492,1,1,0,20,10,1,1,1,PAV075
67,2,2,16,1,2,4912,1,0.391248687,0.342872993,4,2.0411876,1,4.9120695,1,1,8,10,10,1,15,1,PAV075
68,2,2,12,1,2,881,1,0.48985718,0.308515912,5,1.3216609,2,0.8805117,1,1,0,30,10,1,4,1,PAV075
69,2,1,2,1,1,1841,0,0.401012332,0.35360216,5,1.8996433,2,1.8403029,0,1,0,30,10,1,2,0,PAV075
70,2,3,54,0,1,1778,1,0.737444484,0.45096501,5,1.8724837,2,1.777219,1,0,NaN,NaN,NaN,NaN,NaN,1,PAV075
71,2,3,34,3,1,1811,1,0.274413945,0.732343904,5,1.7380451,2,1.8109879,0,1,0,20,10,1,1,0,PAV075
72,2,1,26,3,2,1354,0,0.501468913,0.468858708,5,1.3229461,2,1.3536644,1,1,0,25,10,1,1,1,PAV075
73,2,3,39,0,1,3128,1,0.513311659,0.394265239,5,1.9722715,2,3.1281973,1,0,NaN,NaN,NaN,NaN,NaN,1,PAV075
74,2,3,10,1,2,1488,1,0.572087151,0.371123921,4,3.3792838,1,1.4874887,1,1,1,20,20,1,3,1,PAV075
75,2,1,45,0,1,1729,1,0.502833541,0.664091667,5,2.001561,2,1.7291984,1,0,NaN,NaN,NaN,NaN,NaN,1,PAV075
76,2,1,14,1,2,1357,1,0.412563772,0.534392855,5,1.5831094,2,1.3570202,1,1,1,25,25,1,4,1,PAV075
77,2,3,50,0,1,978,1,0.671658951,0.559957147,5,3.0299941,4,0.9776954,1,0,NaN,NaN,NaN,NaN,NaN,1,PAV075
78,2,2,34,3,2,1446,0,0.300359884,0.501328097,5,1.632991,2,1.4458257,1,1,0,30,10,1,1,1,PAV075
1,1,2,38,3,1,3598,1,0.279359586,0.30982903,2,NaN,1,3.5964493,0,1,0,25,10,1,1,0,PAV076
2,1,1,48,0,1,2256,1,0.656809817,0.253330972,2,NaN,1,2.254914,1,0,NaN,NaN,NaN,NaN,NaN,1,PAV076
3,1,2,32,3,1,5236,1,0.464889184,0.685507303,2,NaN,1,5.2351993,0,1,0,20,10,1,1,0,PAV076
4,1,2,8,1,2,1145,1,0.454871608,0.729279607,4,NaN,1,1.1441994,1,1,1,25,25,1,3,1,PAV076
5,1,1,12,1,2,2258,1,0.666276166,0.474578139,4,NaN,1,2.2560223,1,1,1,20,20,1,4,1,PAV076
6,1,3,36,3,2,1738,0,0.402336093,0.345734772,4,NaN,1,1.7376105,1,1,0,25,10,1,1,1,PAV076
7,1,2,39,0,1,3028,1,0.374658572,0.392691901,2,NaN,1,3.0269483,1,0,NaN,NaN,NaN,NaN,NaN,1,PAV076
8,1,3,25,3,1,3049,1,0.539354377,0.675706858,2,NaN,1,3.04895,0,1,0,20,10,1,1,0,PAV076
9,1,3,45,0,1,1780,1,0.500519169,0.422992302,2,NaN,1,1.7797378,1,0,NaN,NaN,NaN,NaN,NaN,1,PAV076
10,1,2,10,1,2,3501,1,0.382488077,0.437536901,4,NaN,1,3.5008416,1,1,1,20,20,1,3,1,PAV076
11,1,2,25,3,2,3796,0,0.381293955,0.371840965,4,NaN,1,3.795087,1,1,0,20,10,1,1,1,PAV076
12,1,1,47,0,1,1343,1,0.290351531,0.454494474,2,NaN,1,1.3424012,1,0,NaN,NaN,NaN,NaN,NaN,1,PAV076
13,1,1,49,0,1,3522,1,0.553350598,0.715495021,2,NaN,1,3.521187,1,0,NaN,NaN,NaN,NaN,NaN,1,PAV076
14,1,3,28,3,2,2453,0,0.304476233,0.34970929,4,NaN,1,2.4523763,1,1,0,20,10,1,1,1,PAV076
15,1,3,52,0,1,1008,1,0.335500335,0.575727967,1,NaN,3,1.0078849,1,0,NaN,NaN,NaN,NaN,NaN,1,PAV076
16,1,2,33,3,1,3686,1,0.562913159,0.568773722,2,NaN,1,3.6853802,0,1,0,30,10,1,1,0,PAV076
17,1,1,35,3,2,2909,0,0.691639481,0.593526162,4,NaN,1,2.9082365,1,1,0,25,10,1,1,1,PAV076
18,1,1,44,0,1,1885,1,0.377425151,0.624117157,2,NaN,1,1.8848123,1,0,NaN,NaN,NaN,NaN,NaN,1,PAV076
19,1,3,40,0,1,1383,1,0.713753956,0.26387629,2,NaN,1,1.3823118,1,0,NaN,NaN,NaN,NaN,NaN,1,PAV076
20,1,2,52,0,2,1045,0,0.368570796,0.461782128,4,NaN,1,1.0440659,0,0,NaN,NaN,NaN,NaN,NaN,0,PAV076
21,1,3,54,0,2,2897,0,0.539008032,0.458740288,4,NaN,1,2.896859,0,0,NaN,NaN,NaN,NaN,NaN,0,PAV076
22,1,2,55,0,1,1627,1,0.481551785,0.45585689,1,NaN,3,1.626048,1,0,NaN,NaN,NaN,NaN,NaN,1,PAV076
23,1,2,44,0,1,1334,1,0.619724411,0.703328184,2,NaN,1,1.3333215,1,0,NaN,NaN,NaN,NaN,NaN,1,PAV076
24,1,3,9,1,2,936,1,0.626224625,0.646881908,5,NaN,3,0.9358751,1,1,1,25,25,1,3,1,PAV076
25,1,3,5,1,2,1116,1,0.350522074,0.540595943,4,NaN,1,1.1153714,1,1,1,20,20,1,2,1,PAV076
26,1,3,30,3,1,2031,1,0.48991268,0.363641423,2,NaN,1,2.0301988,0,1,0,25,10,1,1,0,PAV076
27,1,2,17,1,2,1881,1,0.515954118,0.335900088,4,NaN,1,1.8806068,1,1,7,10,10,1,15,1,PAV076
28,1,3,32,3,1,1193,1,0.389049343,0.696689761,1,NaN,2,1.1925866,0,1,0,30,10,1,1,0,PAV076
29,1,2,4,1,2,1238,1,0.560394711,0.342904459,5,NaN,2,1.2372578,1,1,0,25,10,1,2,1,PAV076
30,1,2,13,1,2,1029,1,0.407774687,0.580047621,4,NaN,1,1.0287644,1,1,1,25,25,1,4,1,PAV076
31,1,1,53,0,1,1526,1,0.395318481,0.55898694,1,NaN,3,1.5252685,1,0,NaN,NaN,NaN,NaN,NaN,1,PAV076
32,1,2,49,0,2,1089,0,0.581823433,0.687307318,4,NaN,1,1.0880952,0,0,NaN,NaN,NaN,NaN,NaN,0,PAV076
33,1,3,37,3,2,2821,0,0.393965264,0.47656007,4,NaN,1,2.820418,1,1,0,20,10,1,1,1,PAV076
34,1,1,1,1,1,1714,0,0.505636545,0.342139794,1,NaN,2,1.713717,0,1,0,30,10,1,2,0,PAV076
35,1,2,18,1,2,1138,1,0.360827354,0.719311951,5,NaN,3,1.1372917,1,1,7,10,10,1,15,1,PAV076
36,1,3,6,1,2,1904,1,0.707484314,0.609360824,4,NaN,1,1.9037409,1,1,1,30,30,1,3,1,PAV076
37,1,3,7,1,2,972,1,0.29020786,0.514970991,5,NaN,2,0.9716419,1,1,0,20,10,1,3,1,PAV076
38,1,1,56,0,1,2396,1,0.736799862,0.680630955,2,NaN,1,2.3955077,1,0,NaN,NaN,NaN,NaN,NaN,1,PAV076
39,1,1,8,1,2,1078,1,0.474458697,0.322753999,4,NaN,1,1.0769163,1,1,0,30,10,1,3,1,PAV076
40,1,2,48,0,1,3498,1,0.505290449,0.73932359,2,NaN,1,3.4969365,1,0,NaN,NaN,NaN,NaN,NaN,1,PAV076
41,1,3,35,3,2,3863,0,0.415068573,0.338852341,4,NaN,1,3.8624339,1,1,0,30,10,1,1,1,PAV076
42,1,2,11,1,2,1000,1,0.491628775,0.328152614,4,NaN,1,0.9990522,1,1,1,25,25,1,4,1,PAV076
43,1,2,28,3,2,4911,0,0.367463866,0.44751798,4,NaN,1,4.9102914,1,1,0,30,10,1,1,1,PAV076
44,1,3,12,1,2,856,1,0.424493483,0.592061519,4,NaN,1,0.8552949,1,1,1,25,25,1,4,1,PAV076
45,1,1,39,0,1,1876,1,0.592590192,0.491444206,2,NaN,1,1.8752026,1,0,NaN,NaN,NaN,NaN,NaN,1,PAV076
46,1,1,14,1,2,1388,1,0.25203179,0.277642732,4,NaN,1,1.3873852,1,1,1,30,30,1,4,1,PAV076
47,1,3,46,0,1,1785,1,0.428876725,0.27128552,2,NaN,1,1.7846299,1,0,NaN,NaN,NaN,NaN,NaN,1,PAV076
48,1,3,18,1,2,989,1,0.514554729,0.482012702,4,NaN,1,0.9879478,1,1,6,10,10,1,15,1,PAV076
49,1,3,16,1,2,986,1,0.343313586,0.608820807,5,NaN,2,0.9858165,1,1,3,10,10,1,15,1,PAV076
50,1,3,1,1,2,1090,1,0.541263905,0.482449302,4,NaN,1,1.088889,1,1,1,25,25,1,2,1,PAV076
51,1,3,47,0,1,1905,1,0.326800247,0.527330271,2,NaN,1,1.9040595,1,0,NaN,NaN,NaN,NaN,NaN,1,PAV076
52,1,1,32,3,2,2015,0,0.378506347,0.637477132,4,NaN,1,2.0146177,1,1,0,30,10,1,1,1,PAV076
53,1,1,37,3,1,1294,1,0.688534305,0.578649443,2,NaN,1,1.2934727,0,1,0,25,10,1,1,0,PAV076
54,1,2,40,0,1,3191,1,0.542750495,0.270201318,2,NaN,1,3.1904639,1,0,NaN,NaN,NaN,NaN,NaN,1,PAV076
55,1,2,29,3,1,2478,1,0.586866442,0.263613239,2,NaN,1,2.4777722,0,1,0,20,10,1,1,0,PAV076
56,1,1,10,1,2,1172,1,0.60647827,0.287909889,4,NaN,1,1.1718154,1,1,0,25,10,1,3,1,PAV076
57,1,2,15,1,2,992,1,0.355449372,0.621337357,4,NaN,1,0.9910852,1,1,0,25,10,1,4,1,PAV076
58,1,1,4,1,1,1467,0,0.278305616,0.419722734,2,NaN,1,1.4665943,0,1,0,30,10,1,2,0,PAV076
59,1,1,46,0,1,3447,1,0.448524303,0.260285321,2,NaN,1,3.4462258,1,0,NaN,NaN,NaN,NaN,NaN,1,PAV076
60,1,2,24,3,2,1553,0,0.748794353,0.401507764,4,NaN,1,1.552724,1,1,0,20,10,1,1,1,PAV076
61,1,3,51,0,2,957,0,0.334678229,0.537355649,3,NaN,0,0.95655,0,0,NaN,NaN,NaN,NaN,NaN,0,PAV076
62,1,2,46,0,2,2858,0,0.46118661,0.446814789,4,NaN,1,2.8576712,0,0,NaN,NaN,NaN,NaN,NaN,0,PAV076
63,1,1,28,3,1,1187,1,0.467021299,0.589197729,2,NaN,1,1.1868123,0,1,0,20,10,1,1,0,PAV076
64,1,3,4,1,2,1157,1,0.265124961,0.282373528,4,NaN,1,1.1563031,1,1,1,20,20,1,2,1,PAV076
65,1,2,1,1,1,2545,0,0.712463691,0.501216989,2,NaN,1,2.5439397,0,1,0,20,10,1,2,0,PAV076
66,1,3,44,0,1,1443,1,0.630056782,0.560941124,2,NaN,1,1.4423589,1,0,NaN,NaN,NaN,NaN,NaN,1,PAV076
67,1,1,27,3,1,3794,1,0.290754456,0.608423661,3,NaN,0,3.7933679,0,1,0,25,10,1,1,0,PAV076
68,1,1,18,1,2,1073,1,0.69514955,0.485806852,4,NaN,1,1.0722682,1,1,9,10,10,1,15,1,PAV076
69,1,2,43,0,2,2573,0,0.362048863,0.288909861,4,NaN,1,2.5722507,0,0,NaN,NaN,NaN,NaN,NaN,0,PAV076
70,1,1,7,1,2,4151,1,0.387748452,0.336603152,4,NaN,1,4.1507452,1,1,0,25,10,1,3,1,PAV076
71,1,1,55,0,2,3787,0,0.433624728,0.510542677,4,NaN,1,3.7865181,0,0,NaN,NaN,NaN,NaN,NaN,0,PAV076
72,1,1,26,3,2,3736,0,0.614642801,0.407528174,4,NaN,1,3.7359139,1,1,0,30,10,1,1,1,PAV076
73,1,1,6,1,2,1514,1,0.39731045,0.672464794,4,NaN,1,1.513394,1,1,0,20,10,1,3,1,PAV076
74,1,3,55,0,1,1603,1,0.73618418,0.328688997,2,NaN,1,1.6029113,1,0,NaN,NaN,NaN,NaN,NaN,1,PAV076
75,1,1,25,3,2,3741,0,0.682079257,0.401059764,3,NaN,0,3.7404238,1,1,0,20,10,1,1,1,PAV076
1,2,1,38,3,1,2383,1,0.341672648,0.619546889,1,NaN,3,2.3813719,0,1,0,20,10,1,1,0,PAV076
2,2,3,26,3,2,1039,0,0.729441582,0.470868535,5,NaN,2,1.0379577,1,1,0,25,10,1,1,1,PAV076
3,2,3,17,1,2,857,1,0.362774887,0.530417471,5,NaN,4,0.8570289,1,1,8,10,10,1,15,1,PAV076
4,2,2,34,3,2,1566,0,0.677173688,0.310917349,5,NaN,2,1.565368,1,1,0,30,10,1,1,1,PAV076
5,2,1,29,3,2,2863,0,0.309746922,0.300583042,4,NaN,1,2.8627988,1,1,0,30,10,1,1,1,PAV076
6,2,3,29,3,1,3637,1,0.602305769,0.720013313,1,NaN,2,3.6368836,0,1,0,30,10,1,1,0,PAV076
7,2,2,3,1,2,1791,1,0.457071949,0.292394205,4,NaN,1,1.7900245,1,1,0,25,10,1,2,1,PAV076
8,2,1,24,3,2,1710,0,0.251207962,0.397114659,4,NaN,1,1.7090396,1,1,0,30,10,1,1,1,PAV076
9,2,1,34,3,2,554,0,0.356754947,0.380476535,4,NaN,1,0.5537309,1,1,0,25,10,1,1,1,PAV076
10,2,1,16,1,2,1221,1,0.670639601,0.567400463,4,NaN,1,1.2201549,1,1,9,10,10,1,15,1,PAV076
11,2,3,39,0,1,1424,1,0.39874222,0.688873613,1,NaN,2,1.4227851,1,0,NaN,NaN,NaN,NaN,NaN,1,PAV076
12,2,3,2,1,1,1853,0,0.582755575,0.267865201,3,NaN,0,1.852834,0,1,1,20,20,1,2,0,PAV076
13,2,3,56,0,2,2262,0,0.406817096,0.446591675,4,NaN,1,2.2615757,0,0,NaN,NaN,NaN,NaN,NaN,0,PAV076
14,2,3,10,1,2,1036,1,0.659674303,0.486573556,5,NaN,2,1.0351206,1,1,1,20,20,1,3,1,PAV076
15,2,1,42,0,1,2726,1,0.291560767,0.716572538,2,NaN,1,2.7259377,1,0,NaN,NaN,NaN,NaN,NaN,1,PAV076
16,2,2,7,1,2,947,1,0.528303244,0.513032051,4,NaN,1,0.9458786,1,1,1,30,30,1,3,1,PAV076
17,2,3,11,1,2,982,1,0.40819111,0.419446751,4,NaN,1,0.9813498,1,1,1,20,20,1,4,1,PAV076
18,2,2,37,3,2,1577,0,0.336580813,0.643525873,4,NaN,1,1.5767016,1,1,0,25,10,1,1,1,PAV076
19,2,3,38,3,2,2151,0,0.367381708,0.252776911,4,NaN,1,2.1501834,1,1,0,20,10,1,1,1,PAV076
20,2,2,12,1,2,973,1,0.467628151,0.721546835,4,NaN,1,0.9727517,1,1,0,20,10,1,4,1,PAV076
21,2,3,15,1,2,1601,1,0.513227564,0.271531456,4,NaN,1,1.6009591,1,1,1,20,20,1,4,1,PAV076
22,2,3,66,0,1,1295,1,0.634849853,0.259107452,1,NaN,2,1.2924556,1,0,NaN,NaN,NaN,NaN,NaN,1,PAV076
23,2,1,15,1,2,3283,1,0.745306589,0.428221054,4,NaN,1,3.2821442,1,1,0,30,10,1,4,1,PAV076
24,2,2,45,0,2,1978,0,0.411573788,0.692831673,4,NaN,1,1.9779517,0,0,NaN,NaN,NaN,NaN,NaN,0,PAV076
25,2,1,2,1,2,2901,1,0.26352965,0.562915639,4,NaN,1,2.9001286,1,1,0,25,10,1,2,1,PAV076
26,2,2,51,0,1,1854,1,0.258848829,0.298382898,2,NaN,1,1.8529957,1,0,NaN,NaN,NaN,NaN,NaN,1,PAV076
27,2,3,49,0,1,2580,1,0.400413836,0.70896796,2,NaN,1,2.5797469,1,0,NaN,NaN,NaN,NaN,NaN,1,PAV076
28,2,2,54,0,2,1094,0,0.565727953,0.339186943,4,NaN,1,1.0936474,0,0,NaN,NaN,NaN,NaN,NaN,0,PAV076
29,2,1,36,3,1,1838,1,0.357744823,0.392536261,2,NaN,1,1.8373014,0,1,0,20,10,1,1,0,PAV076
30,2,1,50,0,1,1521,1,0.635081705,0.66228017,2,NaN,1,1.5202892,1,0,NaN,NaN,NaN,NaN,NaN,1,PAV076
31,2,1,40,0,2,4234,0,0.643208419,0.492986494,4,NaN,1,4.2339492,0,0,NaN,NaN,NaN,NaN,NaN,0,PAV076
32,2,3,42,0,1,1320,1,0.295511943,0.626838765,2,NaN,1,1.3202226,1,0,NaN,NaN,NaN,NaN,NaN,1,PAV076
33,2,3,50,0,1,1011,1,0.555365697,0.699349956,1,NaN,2,1.0107189,1,0,NaN,NaN,NaN,NaN,NaN,1,PAV076
34,2,1,13,1,1,2753,0,0.747058855,0.432551353,2,NaN,1,2.7525554,0,1,1,30,30,1,4,0,PAV076
35,2,3,48,0,1,1951,1,0.375619594,0.352441234,2,NaN,1,1.9502114,1,0,NaN,NaN,NaN,NaN,NaN,1,PAV076
36,2,1,45,0,1,1815,1,0.560777473,0.352682356,2,NaN,1,1.8145923,1,0,NaN,NaN,NaN,NaN,NaN,1,PAV076
37,2,3,27,3,2,2707,0,0.632496071,0.324233323,4,NaN,1,2.706286,1,1,0,30,10,1,1,1,PAV076
38,2,2,2,1,1,2249,0,0.667062905,0.570408311,2,NaN,1,2.2483279,0,1,0,20,10,1,2,0,PAV076
39,2,1,30,3,2,3154,0,0.342533764,0.72283863,4,NaN,1,3.153098,1,1,0,25,10,1,1,1,PAV076
40,2,1,11,1,1,2378,0,0.328161451,0.530417376,2,NaN,1,2.3776099,0,1,1,30,30,1,4,0,PAV076
41,2,2,26,3,1,2558,1,0.548223475,0.601089918,2,NaN,1,2.5572988,0,1,0,25,10,1,1,0,PAV076
42,2,3,8,1,2,1677,1,0.732245895,0.468024684,4,NaN,1,1.6760914,1,1,1,20,20,1,3,1,PAV076
43,2,2,31,3,1,2532,1,0.690896886,0.610683914,2,NaN,1,2.5317405,0,1,0,25,10,1,1,0,PAV076
44,2,1,43,0,2,2431,0,0.695376121,0.455124928,3,NaN,0,2.4303469,0,0,NaN,NaN,NaN,NaN,NaN,0,PAV076
45,2,3,33,3,2,2367,0,0.508031054,0.25570135,4,NaN,1,2.3644178,1,1,0,30,10,1,1,1,PAV076
46,2,2,50,0,2,1026,0,0.263623003,0.358451734,4,NaN,1,1.0259204,0,0,NaN,NaN,NaN,NaN,NaN,0,PAV076
47,2,1,3,1,1,1655,0,0.436147779,0.485133273,2,NaN,1,1.6545778,0,1,0,25,10,1,2,0,PAV076
48,2,2,53,0,2,3481,0,0.37576153,0.397076485,4,NaN,1,3.480497,0,0,NaN,NaN,NaN,NaN,NaN,0,PAV076
49,2,2,36,3,2,939,0,0.356663141,0.304580904,4,NaN,1,0.9389491,1,1,0,30,10,1,1,1,PAV076
50,2,3,14,1,2,863,1,0.573904104,0.269117981,4,NaN,1,0.8626197,1,1,0,20,10,1,4,1,PAV076
51,2,1,9,1,2,2113,1,0.518467434,0.510618918,4,NaN,1,2.1121182,1,1,0,30,10,1,3,1,PAV076
52,2,2,47,0,1,1244,1,0.594188398,0.615549708,2,NaN,1,1.2433334,1,0,NaN,NaN,NaN,NaN,NaN,1,PAV076
53,2,3,41,0,2,1541,0,0.466788725,0.524744825,4,NaN,1,1.5404736,0,0,NaN,NaN,NaN,NaN,NaN,0,PAV076
54,2,2,42,0,2,3217,0,0.390063941,0.469071422,3,NaN,0,3.2162902,0,0,NaN,NaN,NaN,NaN,NaN,0,PAV076
55,2,1,54,0,2,5601,0,0.388337707,0.584594416,4,NaN,1,5.6001933,0,0,NaN,NaN,NaN,NaN,NaN,0,PAV076
56,2,2,56,0,2,5306,0,0.532779877,0.325433826,4,NaN,1,5.3055287,0,0,NaN,NaN,NaN,NaN,NaN,0,PAV076
57,2,1,51,0,1,1052,1,0.550509484,0.687787499,2,NaN,1,1.0517928,1,0,NaN,NaN,NaN,NaN,NaN,1,PAV076
58,2,2,5,1,1,1576,0,0.506314706,0.717754461,2,NaN,1,1.5759814,0,1,0,30,10,1,2,0,PAV076
59,2,3,13,1,2,1881,1,0.379463312,0.504203626,4,NaN,1,1.8802054,1,1,1,25,25,1,4,1,PAV076
60,2,1,33,3,1,1625,1,0.33518452,0.443622408,3,NaN,0,1.6246932,0,1,0,20,10,1,1,0,PAV076
61,2,3,34,3,1,2176,1,0.606590657,0.294162046,3,NaN,0,2.1750311,0,1,0,25,10,1,1,0,PAV076
62,2,2,41,0,2,4217,0,0.251399156,0.308252574,4,NaN,1,4.2164773,0,0,NaN,NaN,NaN,NaN,NaN,0,PAV076
63,2,1,41,0,1,1680,1,0.322089437,0.333206793,2,NaN,1,1.6794082,1,0,NaN,NaN,NaN,NaN,NaN,1,PAV076
64,2,2,16,1,2,989,1,0.657081291,0.735266054,4,NaN,1,0.9881626,1,1,9,10,10,1,15,1,PAV076
65,2,2,27,3,2,1731,0,0.354583328,0.321167517,4,NaN,1,1.7302961,1,1,0,25,10,1,1,1,PAV076
66,2,3,53,0,2,1422,0,0.476878212,0.506495543,3,NaN,0,1.4221404,0,0,NaN,NaN,NaN,NaN,NaN,0,PAV076
67,2,1,31,3,1,3628,1,0.262749909,0.327537297,2,NaN,1,3.627575,0,1,0,30,10,1,1,0,PAV076
68,2,2,14,1,2,1349,1,0.266555601,0.535250642,4,NaN,1,1.3482995,1,1,1,30,30,1,4,1,PAV076
69,2,2,35,3,2,6548,0,0.433532098,0.430881034,4,NaN,1,6.548057,1,1,0,20,10,1,1,1,PAV076
70,2,2,9,1,2,6166,1,0.27851333,0.43009307,4,NaN,1,6.1618916,1,1,1,30,30,1,3,1,PAV076
71,2,2,30,3,2,1025,0,0.345772718,0.510790969,4,NaN,1,1.0237435,1,1,0,30,10,1,1,1,PAV076
72,2,2,6,1,2,3509,1,0.29771503,0.402899771,4,NaN,1,3.5086436,1,1,0,25,10,1,3,1,PAV076
73,2,3,3,1,2,6828,1,0.337680287,0.445361939,3,NaN,0,6.8274411,1,1,1,30,30,1,2,1,PAV076
74,2,3,24,3,1,3369,1,0.611986826,0.336664124,3,NaN,0,3.3682067,0,1,0,20,10,1,1,0,PAV076
75,2,1,5,1,0,NaN,0,0.263423617,0.580643833,NaN,NaN,NaN,NaN,0,1,0,30,10,1,2,0,PAV076
76,2,1,17,1,2,1129,1,0.734209362,0.445930367,4,NaN,1,1.1274443,1,1,8,10,10,1,15,1,PAV076
77,2,1,52,0,1,921,1,0.740040287,0.508873285,2,NaN,1,0.9201534,1,0,NaN,NaN,NaN,NaN,NaN,1,PAV076
78,2,3,31,3,1,2391,1,0.611405646,0.359587743,2,NaN,1,2.3901654,0,1,0,25,10,1,1,0,PAV076
1,2,2,37,3,2,1536,0,0.391987726,0.561241037,4,1.609740019,1,1.535633087,1,1,0,25,10,1,2,1,MCW019
2,2,1,12,1,2,961,1,0.300738701,0.444614136,5,0.902251959,2,0.961685896,1,1,0,25,10,1,4,1,MCW019
3,2,3,25,3,2,853,0,0.370790383,0.668383462,4,0.675663948,1,0.853607893,1,1,0,20,10,1,1,1,MCW019
4,2,3,12,1,1,962,0,0.677136721,0.738669991,4,0.84028697,1,0.962308884,0,1,0,20,10,1,4,0,MCW019
5,2,3,15,1,1,1172,0,0.261024019,0.444288135,3,0.402263165,0,1.172323227,0,1,0,25,10,1,4,0,MCW019
6,2,3,14,1,2,619,1,0.700310926,0.530534551,3,0.276932955,0,0.618987083,1,1,0,30,10,1,4,1,MCW019
7,2,3,47,0,1,1018,1,0.703503029,0.72861194,3,0.380286932,0,1.018304825,1,0,NaN,NaN,NaN,NaN,NaN,1,MCW019
8,2,3,18,1,1,845,0,0.308139618,0.724745333,3,0.406255007,0,0.845593214,0,1,8,10,10,1,15,0,MCW019
9,2,3,13,1,1,939,0,0.283189171,0.672542811,3,0.289606094,0,0.939488888,0,1,0,30,10,1,4,0,MCW019
10,2,1,34,3,2,816,0,0.372816827,0.47479724,5,0.860198021,2,0.816923141,1,1,1,25,0,0,1,1,MCW019
11,2,1,50,0,2,954,0,0.429015234,0.619191605,5,0.954228878,2,0.954326868,1,0,NaN,NaN,NaN,NaN,NaN,0,MCW019
12,2,2,17,1,1,702,0,0.320831743,0.556082731,5,2.076208115,4,0.702359915,0,1,9,10,10,1,15,0,MCW019
13,2,2,11,1,1,1261,0,0.583040369,0.745243671,5,0.858925819,2,1.261639118,0,1,0,20,10,1,4,0,MCW019
14,2,3,53,0,2,734,0,0.393276064,0.477001979,5,0.832248926,2,0.734290123,1,0,NaN,NaN,NaN,NaN,NaN,0,MCW019
15,2,3,10,1,2,786,1,0.461704049,0.415051201,5,0.783638,2,0.786257029,1,1,0,30,10,1,3,1,MCW019
16,2,2,12,1,2,1060,1,0.681916103,0.268913282,3,0.249607086,0,1.060277939,1,1,0,30,10,1,5,1,MCW019
17,2,1,18,1,2,649,1,0.319623772,0.630108411,5,0.721542835,2,0.64966011,1,1,7,10,10,1,15,1,MCW019
18,2,1,53,0,2,705,0,0.252604963,0.465749517,4,0.778326988,1,0.705657959,0,0,NaN,NaN,NaN,NaN,NaN,0,MCW019
19,2,2,54,0,1,1080,1,0.678056845,0.439911449,4,0.673604012,1,1.080990076,1,0,NaN,NaN,NaN,NaN,NaN,1,MCW019
20,2,2,29,3,1,1245,1,0.491035397,0.440858358,4,0.671597958,1,1.245610952,0,1,0,20,10,1,1,0,MCW019
21,2,2,16,1,1,1303,0,0.375629255,0.677196468,4,0.587517023,1,1.303542137,0,1,9,10,10,1,15,0,MCW019
22,2,1,36,3,2,666,0,0.575007349,0.527013579,4,0.727594852,1,0.666309118,1,1,0,25,10,1,1,1,MCW019
23,2,1,5,1,1,1464,0,0.709610979,0.660022473,4,0.552308083,1,1.464258909,0,1,0,25,10,1,2,0,MCW019
24,2,3,44,0,2,1091,0,0.637209916,0.480894872,2,0.685632944,1,1.091598988,1,0,NaN,NaN,NaN,NaN,NaN,0,MCW019
25,2,2,53,0,1,1052,1,0.44416441,0.301737072,2,0.695549965,1,1.052318096,1,0,NaN,NaN,NaN,NaN,NaN,1,MCW019
26,2,3,51,0,2,736,0,0.365565411,0.395874836,4,0.651672125,1,0.736931801,0,0,NaN,NaN,NaN,NaN,NaN,0,MCW019
27,2,3,30,3,1,1053,1,0.481508809,0.632031313,2,0.646926165,1,1.05362916,0,1,1,25,0,0,1,0,MCW019
28,2,1,25,3,2,599,0,0.349410109,0.475510567,4,0.664278984,1,0.599642038,1,1,0,30,10,1,2,1,MCW019
29,2,3,41,0,2,694,0,0.324125033,0.495694191,5,0.881617069,2,0.694800138,0,0,NaN,NaN,NaN,NaN,NaN,0,MCW019
30,2,2,14,1,1,682,0,0.291510249,0.363525126,2,0.722938061,1,0.682816982,0,1,1,20,20,1,5,0,MCW019
31,2,2,18,1,1,858,0,0.323514377,0.457993223,2,0.858229876,1,0.858258963,0,1,7,10,10,1,15,0,MCW019
32,2,1,43,0,2,661,0,0.54754269,0.565925648,5,0.832234859,2,0.661630154,1,0,NaN,NaN,NaN,NaN,NaN,0,MCW019
33,2,1,32,3,2,850,0,0.263495584,0.644606671,5,0.877654076,2,0.850949049,1,1,0,30,10,1,2,1,MCW019
34,2,2,52,0,1,1028,1,0.666138736,0.371854269,3,0.41624999,0,1.028970003,0,0,NaN,NaN,NaN,NaN,NaN,1,MCW019
35,2,2,10,1,1,1331,0,0.563820307,0.506689491,3,0.270960093,0,1.331653118,0,1,0,25,10,1,3,0,MCW019
36,2,1,45,0,2,900,0,0.747179616,0.709701849,4,0.834276199,1,0.900928974,0,0,NaN,NaN,NaN,NaN,NaN,0,MCW019
37,2,1,3,1,2,919,1,0.399081313,0.706739551,2,0.881633043,1,0.919632912,1,1,0,30,10,1,2,1,MCW019
38,2,1,42,0,2,638,0,0.351475076,0.54036859,4,0.662172079,1,0.638952017,0,0,NaN,NaN,NaN,NaN,NaN,0,MCW019
39,2,1,10,1,2,858,1,0.25331707,0.586052198,3,0.629570007,0,0.858901978,1,1,0,30,10,1,4,1,MCW019
40,2,1,28,3,1,768,1,0.543767084,0.501956375,2,0.683554173,1,0.768984079,0,1,0,20,10,1,2,0,MCW019
41,2,2,36,3,1,937,1,0.479836599,0.275930327,2,0.664288044,1,0.937623024,0,1,0,25,10,1,1,0,MCW019
42,2,1,14,1,2,970,1,0.252964248,0.667517485,3,0.432910204,0,0.970953941,1,1,0,20,10,1,4,1,MCW019
43,2,2,51,0,1,1040,1,0.532096628,0.263979715,3,0.408937931,0,1.040880919,0,0,NaN,NaN,NaN,NaN,NaN,1,MCW019
44,2,1,17,1,2,720,1,0.647182049,0.30781241,4,0.5695889,1,0.720953941,1,1,9,10,10,1,15,1,MCW019
45,2,2,30,3,1,786,1,0.606752053,0.518235857,3,0.290275097,0,0.786928177,0,1,0,30,10,1,2,0,MCW019
46,2,1,54,0,1,784,1,0.625387203,0.606298058,4,1.166895866,1,0.784314871,0,0,NaN,NaN,NaN,NaN,NaN,1,MCW019
47,2,3,16,1,2,844,1,0.53178883,0.453467565,5,0.876215935,2,0.84424901,1,1,8,10,10,1,15,1,MCW019
48,2,1,56,0,2,1035,0,0.348105467,0.542020342,4,0.826827049,1,1.035624981,1,0,NaN,NaN,NaN,NaN,NaN,0,MCW019
49,2,2,13,1,1,606,0,0.353456586,0.481693423,1,0.935526133,2,0.606881142,0,1,0,25,10,1,4,0,MCW019
50,2,3,40,0,2,633,0,0.452001121,0.411015546,5,0.844798803,2,0.63360095,1,0,NaN,NaN,NaN,NaN,NaN,0,MCW019
51,2,1,24,3,2,717,0,0.365699962,0.370136295,1,1.384833813,2,0.71756196,1,1,1,25,0,0,1,1,MCW019
52,2,2,56,0,1,830,1,0.619755507,0.738865005,3,1.335551977,0,0.830904007,1,0,NaN,NaN,NaN,NaN,NaN,1,MCW019
53,2,3,34,3,2,824,0,0.677511267,0.742758728,5,1.084191084,2,0.824820042,1,1,1,25,0,0,2,1,MCW019
54,2,2,38,3,1,647,1,0.267815784,0.554504414,1,0.937546968,2,0.647536039,0,1,0,25,10,1,2,0,MCW019
55,2,2,55,0,1,752,1,0.470685969,0.663923793,3,0.398222923,0,0.752221107,1,0,NaN,NaN,NaN,NaN,NaN,1,MCW019
56,2,2,32,3,1,802,1,0.465520988,0.692559684,1,1.070271015,2,0.802262068,0,1,0,30,10,1,1,0,MCW019
57,2,1,51,0,1,939,1,0.40576462,0.461005787,2,1.820935011,1,0.939571142,1,0,NaN,NaN,NaN,NaN,NaN,1,MCW019
58,2,2,49,0,1,676,1,0.311578114,0.531927759,3,0.500236988,0,0.676240921,0,0,NaN,NaN,NaN,NaN,NaN,1,MCW019
59,2,3,49,0,2,897,0,0.258954384,0.378164829,5,1.218230009,2,0.897618055,1,0,NaN,NaN,NaN,NaN,NaN,0,MCW019
60,2,2,48,0,1,696,1,0.717947373,0.337062728,1,1.198196888,2,0.696230173,0,0,NaN,NaN,NaN,NaN,NaN,1,MCW019
61,2,3,35,3,2,718,0,0.501454561,0.513275813,5,0.852062941,2,0.718273163,1,1,1,25,0,0,1,1,MCW019
62,2,3,17,1,2,696,1,0.361870437,0.584394366,5,0.93017602,2,0.696793795,1,1,8,10,10,1,15,1,MCW019
63,2,1,8,1,1,911,0,0.529238224,0.714330244,1,0.736835957,2,0.911555052,0,1,0,30,10,1,3,0,MCW019
64,2,1,44,0,2,657,0,0.739691346,0.290868312,5,0.784888983,2,0.65756917,0,0,NaN,NaN,NaN,NaN,NaN,0,MCW019
65,2,1,13,1,2,698,1,0.291597217,0.662856128,5,0.761548042,2,0.698227167,1,1,1,25,25,1,5,1,MCW019
66,2,2,33,3,1,756,1,0.595078057,0.37488954,4,0.653519869,1,0.756294012,0,1,1,20,0,0,2,0,MCW019
67,2,2,15,1,1,760,0,0.601394087,0.431322231,3,0.256855965,0,0.760212898,0,1,0,20,10,1,5,0,MCW019
68,2,2,50,0,2,938,0,0.292828534,0.745375578,5,0.816192865,2,0.93820715,0,0,NaN,NaN,NaN,NaN,NaN,0,MCW019
69,2,3,45,0,2,575,0,0.574308483,0.528622609,3,0.384710073,0,0.57555294,0,0,NaN,NaN,NaN,NaN,NaN,0,MCW019
70,2,1,33,3,1,1250,1,0.575518573,0.307092614,3,0.232177973,0,1.250239134,0,1,0,30,10,1,1,0,MCW019
71,2,1,35,3,2,870,0,0.578225605,0.568270865,5,0.779508114,2,0.870226145,1,1,0,20,10,1,1,1,MCW019
72,2,3,28,3,1,666,1,0.444452402,0.318920955,3,0.356892109,0,0.666249037,0,1,0,30,10,1,2,0,MCW019
73,2,3,11,1,1,1126,0,0.421340035,0.628967513,3,0.383538961,0,1.126240015,0,1,0,25,10,1,4,0,MCW019
74,2,3,33,3,2,676,0,0.474280236,0.304273499,3,0.310163975,0,0.676883936,1,1,0,25,10,1,2,1,MCW019
75,2,2,25,3,1,928,1,0.646818219,0.711430608,4,1.216861963,1,0.928203821,0,1,0,25,10,1,1,0,MCW019
76,2,3,46,0,1,1338,1,0.370310015,0.642730671,3,0.316860914,0,1.33821106,1,0,NaN,NaN,NaN,NaN,NaN,1,MCW019
77,2,3,27,3,1,833,1,0.660353898,0.734359604,3,0.34085989,0,0.833580017,0,1,0,30,10,1,1,0,MCW019
78,2,3,31,3,2,741,0,0.272239569,0.452273891,4,0.652130842,1,0.741543055,1,1,0,20,10,1,1,1,MCW019